$MeshFormat
2.2 0 8
$EndMeshFormat
$Nodes
1153
1 -1 -1 0
2 1 -1 0
3 1 1 0
4 -1 1 0
5 0.4 0 0
6 -0.4 0 0
7 0 0.4 0
8 0 -0.4 0
9 -0.9333333333335182 -1 0
10 -0.8666666666670365 -1 0
11 -0.8000000000005547 -1 0
12 -0.733333333334073 -1 0
13 -0.6666666666675913 -1 0
14 -0.6000000000011095 -1 0
15 -0.5333333333346277 -1 0
16 -0.466666666668146 -1 0
17 -0.4000000000016644 -1 0
18 -0.3333333333351826 -1 0
19 -0.2666666666687009 -1 0
20 -0.2000000000022191 -1 0
21 -0.1333333333357374 -1 0
22 -0.06666666666925558 -1 0
23 -2.752242878045763e-12 -1 0
24 0.06666666666407761 -1 0
25 0.1333333333309292 -1 0
26 0.1999999999977811 -1 0
27 0.2666666666646327 -1 0
28 0.3333333333314843 -1 0
29 0.3999999999983357 -1 0
30 0.4666666666651873 -1 0
31 0.5333333333320389 -1 0
32 0.5999999999988905 -1 0
33 0.6666666666657421 -1 0
34 0.7333333333325938 -1 0
35 0.7999999999994454 -1 0
36 0.866666666666297 -1 0
37 0.9333333333331486 -1 0
38 1 -0.9333333333335182 0
39 1 -0.8666666666670365 0
40 1 -0.8000000000005547 0
41 1 -0.733333333334073 0
42 1 -0.6666666666675913 0
43 1 -0.6000000000011095 0
44 1 -0.5333333333346277 0
45 1 -0.466666666668146 0
46 1 -0.4000000000016644 0
47 1 -0.3333333333351826 0
48 1 -0.2666666666687009 0
49 1 -0.2000000000022191 0
50 1 -0.1333333333357374 0
51 1 -0.06666666666925558 0
52 1 -2.752242878045763e-12 0
53 1 0.06666666666407761 0
54 1 0.1333333333309292 0
55 1 0.1999999999977811 0
56 1 0.2666666666646327 0
57 1 0.3333333333314843 0
58 1 0.3999999999983357 0
59 1 0.4666666666651873 0
60 1 0.5333333333320389 0
61 1 0.5999999999988905 0
62 1 0.6666666666657421 0
63 1 0.7333333333325938 0
64 1 0.7999999999994454 0
65 1 0.866666666666297 0
66 1 0.9333333333331486 0
67 -0.9333333333335182 1 0
68 -0.8666666666670365 1 0
69 -0.8000000000005547 1 0
70 -0.733333333334073 1 0
71 -0.6666666666675913 1 0
72 -0.6000000000011095 1 0
73 -0.5333333333346277 1 0
74 -0.466666666668146 1 0
75 -0.4000000000016644 1 0
76 -0.3333333333351826 1 0
77 -0.2666666666687009 1 0
78 -0.2000000000022191 1 0
79 -0.1333333333357374 1 0
80 -0.06666666666925558 1 0
81 -2.752242878045763e-12 1 0
82 0.06666666666407761 1 0
83 0.1333333333309292 1 0
84 0.1999999999977811 1 0
85 0.2666666666646327 1 0
86 0.3333333333314843 1 0
87 0.3999999999983357 1 0
88 0.4666666666651873 1 0
89 0.5333333333320389 1 0
90 0.5999999999988905 1 0
91 0.6666666666657421 1 0
92 0.7333333333325938 1 0
93 0.7999999999994454 1 0
94 0.866666666666297 1 0
95 0.9333333333331486 1 0
96 -1 -0.9333333333335182 0
97 -1 -0.8666666666670365 0
98 -1 -0.8000000000005547 0
99 -1 -0.733333333334073 0
100 -1 -0.6666666666675913 0
101 -1 -0.6000000000011095 0
102 -1 -0.5333333333346277 0
103 -1 -0.466666666668146 0
104 -1 -0.4000000000016644 0
105 -1 -0.3333333333351826 0
106 -1 -0.2666666666687009 0
107 -1 -0.2000000000022191 0
108 -1 -0.1333333333357374 0
109 -1 -0.06666666666925558 0
110 -1 -2.752242878045763e-12 0
111 -1 0.06666666666407761 0
112 -1 0.1333333333309292 0
113 -1 0.1999999999977811 0
114 -1 0.2666666666646327 0
115 -1 0.3333333333314843 0
116 -1 0.3999999999983357 0
117 -1 0.4666666666651873 0
118 -1 0.5333333333320389 0
119 -1 0.5999999999988905 0
120 -1 0.6666666666657421 0
121 -1 0.7333333333325938 0
122 -1 0.7999999999994454 0
123 -1 0.866666666666297 0
124 -1 0.9333333333331486 0
125 0.3950753362380834 0.06257378601591343 0
126 0.3804226065181597 0.1236067977496766 0
127 0.3564026096755568 0.1815961998954074 0
128 0.3236067977503274 0.2351141009165096 0
129 0.2828427124751666 0.2828427124740715 0
130 0.235114100917484 0.3236067977496195 0
131 0.1815961998961941 0.3564026096751559 0
132 0.1236067977502401 0.3804226065179766 0
133 0.06257378601619686 0.3950753362380386 0
134 -0.06257378601591343 0.3950753362380834 0
135 -0.1236067977496766 0.3804226065181597 0
136 -0.1815961998954074 0.3564026096755568 0
137 -0.2351141009165096 0.3236067977503274 0
138 -0.2828427124740715 0.2828427124751666 0
139 -0.3236067977496195 0.235114100917484 0
140 -0.3564026096751559 0.1815961998961941 0
141 -0.3804226065179766 0.1236067977502401 0
142 -0.3950753362380386 0.06257378601619686 0
143 -0.3950753362380834 -0.06257378601591343 0
144 -0.3804226065181597 -0.1236067977496766 0
145 -0.3564026096755568 -0.1815961998954074 0
146 -0.3236067977503274 -0.2351141009165096 0
147 -0.2828427124751666 -0.2828427124740715 0
148 -0.235114100917484 -0.3236067977496195 0
149 -0.1815961998961941 -0.3564026096751559 0
150 -0.1236067977502401 -0.3804226065179766 0
151 -0.06257378601619686 -0.3950753362380386 0
152 0.06257378601591343 -0.3950753362380834 0
153 0.1236067977496766 -0.3804226065181597 0
154 0.1815961998954074 -0.3564026096755568 0
155 0.2351141009165096 -0.3236067977503274 0
156 0.2828427124740715 -0.2828427124751666 0
157 0.3236067977496195 -0.235114100917484 0
158 0.3564026096751559 -0.1815961998961941 0
159 0.3804226065179766 -0.1236067977502401 0
160 0.3950753362380386 -0.06257378601619686 0
161 -0.5877350748181447 -0.588193411467884 0
162 0.5858480170143685 -0.5775106104905182 0
163 -0.5881934114678291 0.5877350748181749 0
164 0.587735074818122 0.5881934114678605 0
165 -0.6703363687273025 -0.2650246424972093 0
166 -0.2650246424971338 0.6703363687273153 0
167 -0.2627129907683172 -0.6715143296064784 0
168 0.6715143296064902 -0.2627129907682555 0
169 0.2650246424972089 -0.6703363687272766 0
170 0.6703363687272895 0.2650246424971331 0
171 -0.6715143296064392 0.2627129907683012 0
172 0.2627129907682396 0.671514329606451 0
173 -0.664207340403962 0.0007646561788474571 0
174 -0.009943172875558263 -0.6472513359200435 0
175 0.6472513359200085 -0.009943172875539563 0
176 0.0007646561788514925 0.6642073404039004 0
177 -0.7557924357801311 -0.7518905460074597 0
178 -0.7518905460075256 0.7557924357801086 0
179 0.7557924357801041 -0.7518905460075294 0
180 0.7557924357801646 0.7518905460074712 0
181 -0.7762174864029592 -0.4610468725959861 0
182 -0.4610551114915133 -0.7772002920321547 0
183 -0.4610468725959172 0.7762174864029698 0
184 0.7747040785590713 -0.4650074790949128 0
185 0.4672387849704068 -0.7630054324635508 0
186 -0.7772002920321444 0.4610551114915895 0
187 0.7762174864029883 0.4610468725959431 0
188 0.4610551114915092 0.7772002920321592 0
189 -0.4902589591620997 -0.3838134066073388 0
190 -0.3838134066072867 0.4902589591621101 0
191 0.3796566384096122 -0.4838326317193206 0
192 0.4902589591620852 0.3838134066073083 0
193 -0.3201968148047054 -0.488435254299555 0
194 0.4884352542995736 -0.3201968148046822 0
195 -0.4884352542995425 0.320196814804757 0
196 0.3201968148047338 0.488435254299561 0
197 -0.8100315128891133 -0.1250410514403273 0
198 -0.125041051440257 0.8100315128891078 0
199 -0.1250410514403478 -0.810031512889125 0
200 0.8100315128891192 -0.1250410514402776 0
201 0.1277704105125751 -0.8106499455292014 0
202 0.8106499455291706 0.1277704105124929 0
203 -0.8106499455292232 0.1277704105126082 0
204 0.1277704105125262 0.8106499455291916 0
205 -0.555940001681603 -0.1344715767470285 0
206 0.1313400170136465 -0.558653749209715 0
207 -0.1344715767470214 0.5559400016815814 0
208 0.5586537492096901 0.131340017013637 0
209 -0.1356119372597485 -0.5660325650676686 0
210 -0.5660325650676558 0.1356119372597631 0
211 0.5660325650676501 -0.1356119372597278 0
212 0.1356119372597425 0.5660325650676373 0
213 -0.8438121630702037 -0.3105505184818194 0
214 -0.3105505184817554 0.8438121630702203 0
215 -0.3119438045418121 -0.8344226319342573 0
216 0.8344226319342712 -0.3119438045417344 0
217 0.3105505184812404 -0.8438121630697274 0
218 0.8438121630697437 0.3105505184811761 0
219 -0.8344226319339745 0.3119438045420263 0
220 0.3119438045419485 0.8344226319339887 0
221 -0.433459895430847 -0.6057159700919165 0
222 0.6207188981910654 -0.428697850433852 0
223 -0.6057159700919232 0.4334598954309165 0
224 0.4334598954308486 0.6057159700919384 0
225 -0.8221559930165165 -0.6216917345936764 0
226 -0.6099814589823309 -0.8258784470968303 0
227 -0.621691734593678 0.8221559930164877 0
228 0.8221559930164912 -0.6216917345937022 0
229 0.6099814589823656 -0.8258784470968561 0
230 -0.8258784470968608 0.6099814589823955 0
231 0.8221559930165325 0.6216917345937546 0
232 0.6099814589823898 0.8258784470968483 0
233 -0.634615870347026 -0.4110647995957746 0
234 -0.4110647995956964 0.6346158703470484 0
235 0.4085818223181907 -0.6262965085101924 0
236 0.6346158703470265 0.411064799595745 0
237 -0.8611481911217702 -0.8567602276435738 0
238 0.8611481911217913 -0.8567602276435524 0
239 -0.8567602276435484 0.8611481911217933 0
240 0.8611481911217705 0.8567602276435742 0
241 -0.4770666171445008 -0.2455571306668526 0
242 -0.2455571306668222 0.4770666171444861 0
243 0.2455571306668616 -0.4770666171444976 0
244 0.4770666171444829 0.245557130666831 0
245 -0.8584464730949585 0.001939681715556602 0
246 0.001939681715530968 -0.8584464730949577 0
247 0.001939681715551977 0.8584464730949873 0
248 0.8584464730949866 0.001939681715525757 0
249 -0.5336876365981582 -0.001114864613211343 0
250 0.001114864613203108 -0.533687636598158 0
251 -0.001114864613237395 0.5336876365981261 0
252 0.533687636598126 0.001114864613229354 0
253 -0.7116633695796926 -0.6342697540211171 0
254 -0.6342697540210944 0.7116633695796786 0
255 0.7052329347398726 -0.6292598204874154 0
256 0.7116633695796815 0.6342697540210851 0
257 -0.583371044869621 -0.7116954575134914 0
258 0.5833710448698084 -0.711695457513518 0
259 -0.7116954575135229 0.583371044869855 0
260 0.5833710448697373 0.7116954575135301 0
261 -0.6886753551744538 -0.1445549995215012 0
262 -0.1445549995214317 0.6886753551744679 0
263 0.1411849777466227 -0.6798469140118305 0
264 -0.1443943523496781 -0.6809652870034353 0
265 0.6798469140118177 0.1411849777465505 0
266 0.6809652870034414 -0.1443943523496298 0
267 -0.6764441060269208 0.1506083349625781 0
268 0.1506083349625355 0.6764441060269013 0
269 -0.479837225207372 -0.5063421834774705 0
270 0.5107084436657126 -0.4827041054599067 0
271 -0.5063421834774252 0.4798372252073764 0
272 0.4798372252073081 0.5063421834774395 0
273 -0.358435275333368 -0.3726116868012676 0
274 0.37261168680128 -0.3584352753333517 0
275 -0.3726116868012441 0.3584352753333932 0
276 0.3584352753333767 0.3726116868012564 0
277 -0.8803220461536817 -0.7378481543057887 0
278 -0.7352009989183497 -0.8794972113100346 0
279 -0.7378481543057755 0.8803220461536251 0
280 0.880322046153614 -0.7378481543057949 0
281 0.735200998918368 -0.8794972113100248 0
282 -0.879497211310017 0.735200998918388 0
283 0.8803220461536421 0.7378481543058083 0
284 0.7352009989183814 0.8794972113099659 0
285 -0.2132722854025657 -0.461943393140431 0
286 0.4619433931404274 -0.213272285402556 0
287 -0.4619433931404312 0.2132722854025981 0
288 0.2132722854025885 0.4619433931404275 0
289 -0.8882289442473968 -0.4210761411668731 0
290 -0.4210761411668328 0.8882289442474141 0
291 -0.4200812484215729 -0.8891865434358528 0
292 0.883256522996467 -0.4198191446370411 0
293 0.418575685582461 -0.8795952186261423 0
294 0.888228944246952 0.4210761411663404 0
295 -0.8891865434357488 0.4200812484214095 0
296 0.4200812484213383 0.889186543435754 0
297 -0.5636668761362364 -0.3047666083314167 0
298 -0.3047666083313464 0.5636668761362431 0
299 0.3113074162893101 -0.5637797470477761 0
300 0.5636668761362327 0.3047666083313641 0
301 -0.3710536025802675 -0.7168119135323521 0
302 0.7146234981877555 -0.3713568222343732 0
303 -0.7168119135323467 0.3710536025803073 0
304 0.371053602580235 0.7168119135323593 0
305 -0.668746029385443 -0.5228130433539374 0
306 -0.5228130433538662 0.668746029385488 0
307 0.6687460293853942 0.5228130433539239 0
308 -0.7339687059651152 -0.3617604733998416 0
309 -0.3617604733997664 0.7339687059651361 0
310 0.3617604733998349 -0.7339687059648964 0
311 0.7339687059649171 0.3617604733997594 0
312 -0.8841708748942475 -0.2071186094302332 0
313 -0.2071186094301802 0.8841708748942545 0
314 -0.2071186094302595 -0.884170874894243 0
315 0.8841708748942501 -0.2071186094302065 0
316 0.207118609429406 -0.884170874894626 0
317 0.8841708748946326 0.2071186094293527 0
318 -0.8841708748946214 0.207118609429432 0
319 0.2071186094293791 0.8841708748946282 0
320 0.6752386567599434 -0.5217653868203996 0
321 -0.2543032621863615 -0.5677504724706082 0
322 0.5677504724706166 -0.2543032621863222 0
323 -0.5677504724706007 0.254303262186421 0
324 0.2543032621863817 0.5677504724706093 0
325 -0.7705610164636788 -0.2300225530563212 0
326 -0.2300225530562471 0.7705610164636901 0
327 -0.2253211179721493 -0.7765931463035419 0
328 0.7765931463035513 -0.2253211179720746 0
329 0.2309956164737443 -0.7680081454480066 0
330 0.768008145448015 0.2309956164736661 0
331 -0.7727815884680704 0.2242781958278657 0
332 0.2242781958277879 0.7727815884680758 0
333 -0.8939960397321006 -0.5255635175823363 0
334 -0.5255635175822982 0.8939960397320605 0
335 -0.5243873141483935 -0.8961021790353694 0
336 0.8939960397320729 -0.5255635175823402 0
337 0.5243873141484484 -0.8961021790353096 0
338 0.8939960397320417 0.5255635175823796 0
339 -0.8961021790353186 0.5243873141484893 0
340 0.5243873141484543 0.8961021790352908 0
341 -0.76353675216584 -0.03741413653111605 0
342 -0.03741413653102198 0.7635367521658339 0
343 -0.03741413653114679 -0.7635367521658439 0
344 0.7635367521658377 -0.0374141365310533 0
345 0.09212635419561657 -0.9019126557795933 0
346 -0.9019126557795989 0.09212635419563971 0
347 0.9019126557796094 0.09212635419561484 0
348 0.09212635419563893 0.901912655779615 0
349 -0.9058176887431058 -0.09637508047430675 0
350 -0.09637508047432784 -0.9058176887431089 0
351 -0.09637508047428306 0.9058176887431165 0
352 0.9058176887431196 -0.09637508047430465 0
353 0.5028053868871231 -0.646784596543737 0
354 0.05699378016039812 -0.7513599179060032 0
355 -0.7511820516194416 0.05701161551880522 0
356 0.7513599179059672 0.05699378016036525 0
357 0.05701161551877347 0.7511820516194004 0
358 -0.567888060653776 -0.4854050991332542 0
359 -0.4854050991331839 0.5678880606537827 0
360 0.5678880606537215 0.4854050991332133 0
361 -0.5945353257405548 -0.2175650244310514 0
362 -0.2175650244309959 0.5945353257405857 0
363 0.2175650244310561 -0.5945353257405526 0
364 0.5945353257405833 0.2175650244310004 0
365 -0.2779904047739309 -0.4043659562663142 0
366 0.4043659562663089 -0.2779904047739153 0
367 -0.4043659562663032 0.2779904047739613 0
368 0.2779904047739455 0.4043659562662978 0
369 -0.5167311570501079 -0.6466236096089761 0
370 -0.6466236096090043 0.5167311570502129 0
371 0.5167311570501372 0.6466236096090205 0
372 -0.3947646973135652 -0.2801545440169583 0
373 0.2801545440169736 -0.3947646973135572 0
374 -0.2801545440169366 0.3947646973135678 0
375 0.3947646973135596 0.2801545440169517 0
376 -0.4660693717496337 -0.1550025903116796 0
377 -0.1550025903116659 0.4660693717496208 0
378 0.1550025903116948 -0.4660693717496228 0
379 0.4660693717496102 0.1550025903116808 0
380 -0.07482474310097023 -0.4788545464835336 0
381 0.4788545464835262 -0.07482474310095222 0
382 -0.4788545464835336 0.0748247431009629 0
383 0.07482474310094507 0.4788545464835261 0
384 0.4529871401066814 -0.5528378670648093 0
385 -0.3397270673096369 -0.6161528448625737 0
386 0.6161528448625928 -0.3397270673095791 0
387 -0.6161528448625795 0.3397270673096866 0
388 0.3397270673096285 0.6161528448625985 0
389 -0.7661828554316642 -0.5599007682842491 0
390 -0.5599007682842112 0.7661828554315757 0
391 0.7674262786523673 -0.5592949467197404 0
392 0.7661828554318215 0.5599007682842612 0
393 -0.6646562105738956 -0.7672221276583823 0
394 0.6646562105739395 -0.7672221276584565 0
395 -0.7672221276584574 0.6646562105739658 0
396 0.6646562105739424 0.7672221276584172 0
397 -0.4143112364705832 -0.4463009213118423 0
398 0.4484213741126066 -0.4166473441750352 0
399 -0.4463009213118051 0.4143112364706121 0
400 0.4143112364705785 0.4463009213118213 0
401 -0.07141367623573051 -0.5907717059829217 0
402 0.5907717059828984 -0.07141367623570212 0
403 -0.5964875862752801 0.06912371426095679 0
404 0.06912371426093376 0.596487586275241 0
405 -0.6020775899584544 -0.059803989097214 0
406 0.05811671691094826 -0.6010114604624466 0
407 -0.05980398909721384 0.6020775899584216 0
408 0.6010114604624098 0.05811671691095519 0
409 -0.4834912424433879 -0.07181158139567341 0
410 0.07181158139567764 -0.4834912424433838 0
411 -0.07181158139567438 0.4834912424433674 0
412 0.4834912424433633 0.07181158139567863 0
413 -0.3993011716665376 -0.5390905621891995 0
414 0.5390905621892368 -0.3993011716664902 0
415 -0.5390905621892066 0.3993011716665651 0
416 0.3993011716665179 0.5390905621892437 0
417 0.3034527522155023 -0.9250754336383002 0
418 -0.9250754336387728 -0.3034527522182258 0
419 0.925075433638314 0.3034527522154787 0
420 -0.3034527522182021 0.9250754336387861 0
421 -0.9257099256165043 0.3050328939683238 0
422 -0.3050328939704703 -0.9257099256169757 0
423 0.3050328939682889 0.9257099256165181 0
424 0.9257099256169894 -0.305032893970435 0
425 -0.9062790599735543 -0.6620082231173241 0
426 -0.6595714300941267 -0.910477464418072 0
427 -0.6620082231173163 0.9062790599735223 0
428 0.9062790599735171 -0.6620082231173432 0
429 0.659571430093963 -0.9104774644179257 0
430 -0.9104774644179252 0.6595714300939932 0
431 0.9062790599733629 0.6620082231170694 0
432 0.6595714300939933 0.9104774644178955 0
433 -0.9133131552583699 -0.9125818280120033 0
434 -0.9125818280119502 0.9133131552583953 0
435 0.9133131552583944 -0.9125818280119518 0
436 0.9133131552583423 0.9125818280119762 0
437 -0.7723388608057364 -0.67687673754441 0
438 -0.6768767375444306 0.772338860805695 0
439 0.7714202272571509 -0.6761610327539156 0
440 0.7723388608057556 0.6768767375444188 0
441 -0.3883124051177538 -0.8034180170330154 0
442 0.8124222975458303 -0.3950879366187147 0
443 -0.8034180170328029 0.3883124051179322 0
444 0.3883124051178514 0.8034180170328169 0
445 -0.5566988783254488 -0.7839471055484359 0
446 0.5549892889706128 -0.7853761527639296 0
447 -0.7839471055484488 0.5566988783255544 0
448 0.556698878325492 0.7839471055484741 0
449 -0.1864214656873597 -0.6068625191507152 0
450 0.6068625191507094 -0.1864214656873275 0
451 -0.6062166361540621 0.1873091774892212 0
452 0.1873091774891898 0.6062166361540525 0
453 0.5842766115573181 -0.4990033503483583 0
454 -0.4400269186080831 -0.7087284619548457 0
455 -0.7087284619548192 0.4400269186081545 0
456 0.4400269186080839 0.7087284619548374 0
457 -0.9186136360006674 -0.802491490301749 0
458 -0.8034696526726517 -0.9166821593206884 0
459 -0.8024914903017035 0.9186136360006626 0
460 0.9186136360006616 -0.8024914903017115 0
461 0.8034696526726379 -0.9166821593206852 0
462 -0.9166821593206844 0.8034696526726437 0
463 0.9186136360006434 0.8024914903016576 0
464 0.8034696526725917 0.9166821593206791 0
465 -0.6199742766314272 -0.6464860621972169 0
466 0.6193158571695762 -0.6455282964243602 0
467 -0.6464860621971369 0.6199742766314891 0
468 0.6199742766314709 0.6464860621971797 0
469 -0.810030960829785 -0.3906480596499486 0
470 0.382047397777335 -0.8093949684068269 0
471 -0.390648059649883 0.8100309608298029 0
472 0.8100309608295919 0.3906480596498195 0
473 0.6965225992218238 -0.4468262115706478 0
474 -0.5594730606205798 -0.3884289037417313 0
475 -0.3884289037416551 0.5594730606206011 0
476 0.5594730606205824 0.3884289037416823 0
477 -0.646000250731307 -0.3340119269706734 0
478 -0.3340119269705977 0.6460002507313209 0
479 0.3353200624987249 -0.6359633422293105 0
480 0.646000250731283 0.3340119269706109 0
481 0.4573941488630691 -0.6997616920510428 0
482 -0.3020885701118542 -0.762598888741852 0
483 0.7625988887418633 -0.3020885701117801 0
484 -0.7625988887416933 0.3020885701118378 0
485 0.3020885701117639 0.7625988887417056 0
486 -0.1379991938199068 -0.4536543866031195 0
487 0.4536543866031227 -0.137999193819896 0
488 -0.4536543866031301 0.1379991938199194 0
489 0.1379991938199087 0.4536543866031331 0
490 -0.7132564373027953 -0.4291636808235571 0
491 -0.4291636808234756 0.7132564373028105 0
492 0.7132564373027696 0.4291636808235216 0
493 -0.8225425672901407 -0.7881409336210905 0
494 -0.7881409336211072 0.8225425672901074 0
495 0.8225425672900938 -0.7881409336211205 0
496 0.8225425672901516 0.7881409336211032 0
497 -0.7043888280978802 -0.06569250276034204 0
498 -0.06638566315842408 -0.7126674702527936 0
499 -0.06569250276028379 0.7043888280978674 0
500 0.7126674702527721 -0.06638566315837229 0
501 -0.4863758669293967 -0.5816067313410971 0
502 -0.581606731341098 0.4863758669294987 0
503 0.4863758669294224 0.581606731341108 0
504 0.3759762312258494 -0.5727247203682636 0
505 0.02724777350217041 -0.9278079394260075 0
506 -0.927807939426011 0.02724777350218651 0
507 0.927807939426015 0.02724777350218001 0
508 0.02724777350219664 0.9278079394260184 0
509 -0.4636068367003777 -0.3355210981223121 0
510 -0.3355210981222692 0.4636068367003854 0
511 0.3291598296977348 -0.4626641836270422 0
512 0.4636068367003726 0.3355210981222859 0
513 0.06168751279534239 -0.8164724433669439 0
514 0.8164724433668836 0.06168751279527711 0
515 -0.8164542937458814 0.06168933272989265 0
516 0.06168933272982796 0.81645429374582 0
517 -0.6744319151331872 0.07164798896637495 0
518 0.07164798896635376 0.6744319151331215 0
519 -0.7102808611019347 -0.6962593143537594 0
520 0.7090560163705586 -0.6953050412997192 0
521 -0.6962593143537432 0.7102808611019592 0
522 0.7102808611019863 0.6962593143537404 0
523 0.06810686975185581 -0.6750208630262922 0
524 0.675020863026242 0.06810686975183258 0
525 -0.5256920317040487 -0.1951547890756399 0
526 -0.1951547890756401 0.525692031704057 0
527 0.1950528927390476 -0.525780333047498 0
528 0.5257803330475062 0.1950528927390475 0
529 -0.4122989717117734 -0.2219446220408645 0
530 0.2219446220408801 -0.4122989717117652 0
531 -0.2219446220408529 0.4122989717117659 0
532 0.4122989717117576 0.2219446220408684 0
533 -0.5129269557892838 -0.4464346599849512 0
534 -0.4464346599849033 0.5129269557892677 0
535 0.5129269557892095 0.4464346599849283 0
536 -0.7482868067010224 -0.2956214721623137 0
537 -0.2956214721622381 0.748286806701038 0
538 0.2957836493985787 -0.7478613281982845 0
539 0.7478613281982993 0.2957836493985022 0
540 0.370121276214705 -0.9348735372461496 0
541 -0.9348735372461336 0.3701212762147177 0
542 0.9348735372461813 0.3701212762146812 0
543 0.3701212762146945 0.9348735372461652 0
544 -0.9348735372474168 -0.37012127621747 0
545 -0.370121276217483 -0.9348735372474006 0
546 -0.3701212762174466 0.9348735372474481 0
547 0.9348735372474324 -0.3701212762174596 0
548 0.5145988213029068 -0.5466247599170208 0
549 0.1571928704099286 -0.9336846830590165 0
550 -0.9336846830590186 0.1571928704099582 0
551 0.93368468305903 0.1571928704099007 0
552 0.157192870409931 0.9336846830590322 0
553 -0.9325489958475525 -0.1565458757057366 0
554 -0.1565458757057741 -0.9325489958475544 0
555 -0.1565458757057065 0.9325489958475693 0
556 0.9325489958475714 -0.1565458757057444 0
557 -0.9295876562928215 -0.5875756156277198 0
558 -0.5875756156276926 0.9295876562928045 0
559 -0.582568497243095 -0.9307104347562094 0
560 0.9295876562928046 -0.587575615627734 0
561 0.5825684972425453 -0.930710434756011 0
562 0.9295876562924623 0.5875756156278683 0
563 -0.930710434756012 0.5825684972425725 0
564 0.5825684972425601 0.9307104347559978 0
565 -0.8260587797624181 -0.05907463967138253 0
566 -0.05907463967140815 -0.826058779762423 0
567 -0.05907463967133382 0.8260587797624056 0
568 0.8260587797624103 -0.05907463967135979 0
569 -0.8237389411579926 -0.5190937201893164 0
570 -0.5190937201893112 0.8237389411579394 0
571 0.8237389411579599 -0.5190937201893375 0
572 0.8237389411580044 0.5190937201892235 0
573 -0.01001167065606423 -0.4669319574807281 0
574 -0.4669319574807287 0.01001167065604757 0
575 0.4669319574807143 -0.01001167065606108 0
576 0.0100116706560445 0.4669319574807149 0
577 -0.7054131332349884 -0.2056483866415817 0
578 -0.2056483866415022 0.7054131332349943 0
579 -0.2121309641475303 -0.7130664168908163 0
580 0.7130664168908299 -0.2121309641474703 0
581 0.2056483866416205 -0.7054131332349686 0
582 0.7054131332349745 0.2056483866415411 0
583 -0.7086008306081837 0.2102591859418629 0
584 0.2102591859417985 0.7086008306081859 0
585 -0.7080610775738868 -0.8025308514483755 0
586 0.7080610775738672 -0.8025308514484287 0
587 -0.8025308514484291 0.708061077573883 0
588 0.708061077573903 0.8025308514483738 0
589 -0.5089807061844911 -0.7209860908664371 0
590 -0.7209860908664423 0.5089807061846148 0
591 0.5089807061845301 0.7209860908664596 0
592 -0.4797734235772373 -0.851172536437232 0
593 0.4835544696691225 -0.8568830888795101 0
594 -0.8511725364372608 0.4797734235772774 0
595 0.479773423577216 0.8511725364372638 0
596 0.518442145241976 -0.7416117084878806 0
597 -0.2013277247351595 -0.5353778689363949 0
598 0.5353778689363919 -0.2013277247351387 0
599 -0.5352702217702814 0.2014756767021695 0
600 0.2014756767021488 0.5352702217702778 0
601 -0.3013826048948786 -0.3459387781035781 0
602 0.3459387781035794 -0.3013826048948711 0
603 -0.3459387781035668 0.301382604894901 0
604 0.3013826048948932 0.3459387781035682 0
605 -0.6543298785572961 -0.5937156648349448 0
606 -0.5937156648348652 0.6543298785573245 0
607 0.6543298785572688 0.5937156648349058 0
608 -0.9315608203170063 -0.4683308513340201 0
609 -0.4683308513339761 0.9315608203169879 0
610 -0.4683308513340692 -0.9315608203170154 0
611 0.9315608203169976 -0.4683308513340256 0
612 0.4693247639059429 -0.9290616675213075 0
613 0.9315608203171457 0.4683308513342672 0
614 -0.931560820317173 0.4683308513343593 0
615 0.4683308513343153 0.9315608203171547 0
616 -0.6160302119877491 -0.1548941351218421 0
617 -0.1548941351217831 0.6160302119877492 0
618 0.1588171764023229 -0.6151935776030721 0
619 0.6151935776030664 0.1588171764022648 0
620 -0.7431939521306147 -0.1153776948981409 0
621 -0.1153776948981041 0.7431939521306148 0
622 -0.1153776948981529 -0.7431939521306485 0
623 0.7431939521306491 -0.1153776948981157 0
624 -0.1230872453570105 -0.6182228663631888 0
625 0.6182228663631794 -0.1230872453569752 0
626 -0.6239225617314212 0.1228602305877788 0
627 0.122860230587751 0.6239225617313907 0
628 0.6556782552706893 -0.5917561565317566 0
629 0.1564988404282153 -0.7521869127860854 0
630 0.7521869127860731 0.1564988404281499 0
631 -0.7552216585296023 0.1586754290724978 0
632 0.1586754290724494 0.7552216585295844 0
633 -0.2656705718857143 -0.508877805597022 0
634 0.5088778055970313 -0.265670571885691 0
635 -0.5088649904581909 0.2656881852151654 0
636 0.2656881852151421 0.5088649904582001 0
637 0.4434259900328968 -0.4678182944831866 0
638 -0.8234001747011105 -0.1885217761559303 0
639 -0.1885217761558603 0.8234001747011201 0
640 -0.1877382036419256 -0.8244055296744195 0
641 0.8244055296744289 -0.1877382036418556 0
642 0.1907690949603623 -0.8236466143029373 0
643 0.8236466143029382 0.190769094960285 0
644 -0.8231160719264804 0.1880858712465461 0
645 0.1880858712464735 0.8231160719264781 0
646 -0.7968216245352905 -0.8491672843014731 0
647 0.7968216245352984 -0.849167284301481 0
648 -0.8491672843014737 0.7968216245353088 0
649 0.7968216245353018 0.849167284301458 0
650 -0.4244772928414015 -0.3900000035862427 0
651 0.3911605748129978 -0.4246386292354314 0
652 -0.3900000035862076 0.4244772928414181 0
653 0.4244772928413905 0.3900000035862268 0
654 -0.3318002337192907 -0.431335606962399 0
655 0.4313356069624104 -0.3318002337192714 0
656 -0.4313356069623827 0.331800233719328 0
657 0.3318002337193085 0.4313356069623941 0
658 -0.5342452071364353 -0.5363930868422612 0
659 -0.5363930868421953 0.5342452071364485 0
660 0.5342452071363789 0.5363930868422159 0
661 -0.9465404771229872 -0.0463264625166494 0
662 -0.04632646251664568 0.9465404771229942 0
663 -0.04632646251666017 -0.9465404771229872 0
664 0.9465404771229942 -0.0463264625166567 0
665 -0.2165512057091613 -0.4037490784220288 0
666 0.4037490784220272 -0.2165512057091525 0
667 -0.4037490784220243 0.2165512057091825 0
668 0.2165512057091738 0.4037490784220225 0
669 -0.8463848346757934 -0.6740569304453023 0
670 -0.674056930445298 0.846384834675753 0
671 0.8462317290843281 -0.6739376463135672 0
672 0.846384834675762 0.6740569304453318 0
673 -0.3284022244899708 -0.5506209863204898 0
674 0.5506209863205098 -0.3284022244899308 0
675 -0.5506193844281366 0.3284044261561935 0
676 0.3284044261561535 0.5506193844281566 0
677 0.8683766237569681 0.1464985317162981 0
678 0.1464985317163727 -0.8683766237569805 0
679 0.1462703664345325 0.8683315096093164 0
680 -0.8683315096093298 0.1462703664346064 0
681 -0.1473079636355139 0.8695339557909489 0
682 -0.8695339557909341 -0.1473079636355955 0
683 0.869533955790956 -0.1473079636355317 0
684 -0.1473079636356123 -0.8695339557909416 0
685 -0.9471275073960472 -0.7049226542678619 0
686 -0.7043174223142294 -0.9475291228247182 0
687 -0.7049226542678689 0.9471275073960266 0
688 0.9471275073960207 -0.7049226542678884 0
689 0.704317422313533 -0.9475291228245331 0
690 -0.9475291228245286 0.7043174223135529 0
691 0.947127507395839 0.7049226542671791 0
692 0.704317422313562 0.9475291228245086 0
693 -0.5454328400489779 -0.06490437974243923 0
694 -0.06490437974244849 0.5454328400489573 0
695 0.05811832025837969 -0.5382784650343232 0
696 0.5382784650342942 0.05811832025838539 0
697 -0.3261593172349335 -0.666446701220284 0
698 0.666186175584037 -0.3261954148127443 0
699 -0.6664467012202633 0.3261593172349457 0
700 0.3261593172348779 0.6664467012202792 0
701 -0.2327070364975976 0.9408572579075009 0
702 -0.9408572579074979 -0.2327070364976162 0
703 0.9409327926668087 -0.2328951486109709 0
704 -0.2328951486109908 -0.9409327926668057 0
705 0.9388049310433818 0.2325643502109236 0
706 0.2325643502109492 -0.9388049310433721 0
707 0.2329721717873028 0.941067993525454 0
708 -0.9410679935254518 0.2329721717873223 0
709 -0.6248589655117363 -0.4758068513367887 0
710 -0.4758068513367133 0.6248589655117609 0
711 0.6248589655117041 0.4758068513367569 0
712 -0.5435204527311719 -0.2549338706860109 0
713 -0.2549338706859786 0.5435204527311616 0
714 0.2561481455330931 -0.541466789934079 0
715 0.5435309647958552 0.2549217401697261 0
716 -0.880404207806715 -0.3591697495468674 0
717 -0.359169749546824 0.8804042078067342 0
718 -0.3705158890841821 -0.8701082876194697 0
719 0.8781369830681982 -0.360401011197077 0
720 0.3569495260542488 -0.8785502641974292 0
721 0.8804042078061566 0.3591697495454992 0
722 -0.8701082876191198 0.3705158890833887 0
723 0.3705158890833277 0.8701082876191335 0
724 -0.836117933265734 -0.4537711058563298 0
725 -0.4537711058562898 0.8361179332657358 0
726 0.8352990347899768 -0.4551998032439098 0
727 0.8361179332656227 0.4537711058561643 0
728 -0.05349661674311221 -0.5384352470566657 0
729 -0.5377311806467275 0.0517930245645065 0
730 0.5384352470566329 -0.05349661674307175 0
731 0.05179302456446958 0.5377311806466959 0
732 -0.8361998470390116 -0.247457799123659 0
733 -0.2474577991235904 0.8361998470390215 0
734 -0.2462519128080333 -0.836275196332281 0
735 0.836275196332289 -0.246251912807963 0
736 0.2463503447833117 -0.8337294266197613 0
737 0.8337294266197733 0.2463503447832452 0
738 -0.8356679325722546 0.2461691444102895 0
739 0.2461691444102188 0.8356679325722607 0
740 -0.3482708696985687 -0.300854842506903 0
741 -0.3008548425068889 0.3482708696985789 0
742 0.3008548425069129 -0.3482708696985604 0
743 0.3482708696985706 0.3008548425068987 0
744 0.4662227557650285 -0.6067444251870414 0
745 -0.5730937900742212 0.7160085598763605 0
746 -0.7160085598763636 -0.5730937900742697 0
747 0.7160085598763916 0.5730937900742683 0
748 -0.4390038025309484 -0.1050962518141163 0
749 0.1050962518141224 -0.439003802530945 0
750 -0.1050962518141138 0.4390038025309384 0
751 0.4390038025309351 0.1050962518141198 0
752 -0.6101444404424512 -0.5325488571605683 0
753 -0.5325488571604999 0.6101444404424837 0
754 0.6101444404423975 0.5325488571605325 0
755 -0.7142523223440733 0.6517139514350045 0
756 -0.6517139514349649 -0.7142523223440858 0
757 0.6514449136930905 -0.7139791739402493 0
758 0.6517139514350143 0.7142523223440831 0
759 -0.5920196084697005 -0.0004784434105193513 0
760 -0.0004054862253515406 -0.5875647893073874 0
761 -0.0004784434105302803 0.5920196084696641 0
762 0.5875647893073523 -0.0004054862253378884 0
763 -0.9397814247406329 -0.860643483531365 0
764 -0.8606434835313667 -0.939781424740634 0
765 -0.8606434835312916 0.9397814247406393 0
766 0.939781424740641 -0.8606434835312939 0
767 0.860643483531446 -0.9397814247405899 0
768 -0.9397814247405913 0.8606434835314486 0
769 0.9397814247405962 0.8606434835313737 0
770 0.8606434835313754 0.9397814247405973 0
771 0.5654185442799888 -0.6402608012627244 0
772 -0.7343363738381925 -0.5066470273259549 0
773 -0.5066470273258868 0.7343363738381894 0
774 0.7343363738382133 0.5066470273259535 0
775 -0.6669805353040665 -0.8539042191465657 0
776 0.6669805353040623 -0.8539042191465644 0
777 -0.8539042191465679 0.666980535304089 0
778 0.6669805353041001 0.8539042191465253 0
779 0.7334929093318668 -0.5103505534832481 0
780 -0.5289180344501644 -0.3416346067958299 0
781 -0.3416346067957692 0.5289180344501689 0
782 0.3440395244031722 -0.5186756574279008 0
783 0.5289180344501553 0.3416346067957888 0
784 -0.6107178115170709 -0.2742364280343822 0
785 -0.2742364280343155 0.6107178115170854 0
786 0.2681131992375814 -0.6122947759468789 0
787 0.6107188841767337 0.2742351902265424 0
788 -0.7568791907656599 -0.1681944102856338 0
789 -0.1681944102855671 0.7568791907656658 0
790 -0.1683338974082973 -0.7580426408153311 0
791 0.7580426408153366 -0.1683338974082372 0
792 0.7124648723706696 -0.5710807687253217 0
793 -0.8154761489410967 -0.7257626603848103 0
794 -0.7257626603848274 0.8154761489410579 0
795 0.8133654436118463 -0.7270163022162193 0
796 0.8154761489410952 0.7257626603848266 0
797 -0.6452584248649812 -0.09538651192790749 0
798 -0.09538651192781614 0.6452584248650076 0
799 -0.3939072007532955 -0.6502820714841842 0
800 0.6587495573401325 -0.3847067075253641 0
801 -0.6502820714841779 0.3939072007533467 0
802 0.3939072007532807 0.650282071484197 0
803 -0.6159795995671959 -0.767987556166516 0
804 0.6157440487223675 -0.7681251631679458 0
805 -0.7679875561665606 0.6159795995672529 0
806 0.6159795995672265 0.7679875561665587 0
807 0.4183204959592413 -0.7456352335351175 0
808 -0.5549474788331353 -0.8520823475578388 0
809 0.5551588519695569 -0.852810878135138 0
810 -0.8520823475578223 0.5549474788331643 0
811 0.554947478833142 0.8520823475578208 0
812 -0.7663573106476049 -0.6074757076326773 0
813 -0.6074757076326588 0.7663573106475652 0
814 0.7647490885353606 -0.6060849607597415 0
815 0.7663573106476438 0.6074757076327189 0
816 0.002505833568937153 -0.725457433013086 0
817 -0.7243403688340225 0.004127424430762295 0
818 0.7254574330130787 0.002505833568938851 0
819 0.00412742443079623 0.7243403688339544 0
820 -0.6807634889164691 -0.3767035623655888 0
821 -0.3767035623655062 0.6807634889164871 0
822 0.3944396340633134 -0.6841018721634072 0
823 0.6807634889163749 0.3767035623655329 0
824 -0.6476180343970199 -0.210320602707928 0
825 -0.2103206027078603 0.6476180343970328 0
826 0.2072842565915724 -0.6470338064967063 0
827 0.6460073672490774 0.210412566324172 0
828 -0.5658927895523769 -0.6435152777087045 0
829 -0.6435152777086703 0.5658927895524731 0
830 0.5658927895524157 0.6435152777087131 0
831 0.6392717737464648 -0.4802319482453729 0
832 -0.2401425564630025 -0.6212972736652457 0
833 0.6212972736652523 -0.2401425564629584 0
834 -0.6211680970659028 0.2403200988233918 0
835 0.2403200988233478 0.6211680970659086 0
836 0.00387576949022195 -0.7996059128433589 0
837 -0.7982052198362881 0.004054834622489237 0
838 0.7996059128434332 0.00387576949015142 0
839 0.004054834622432273 0.7982052198363457 0
840 -0.7843953841189177 -0.3281092606736271 0
841 -0.328109260673554 0.7843953841189348 0
842 0.3302356371075893 -0.7809144424653257 0
843 0.7843346014754616 0.3281324288501252 0
844 -0.4143668066419028 -0.1667482625145126 0
845 -0.1667482625145068 0.4143668066418976 0
846 0.1667482625145245 -0.414366806641891 0
847 0.4143668066418862 0.1667482625145185 0
848 -0.4115129023314953 -0.7526226617082451 0
849 0.7520478649853766 -0.4128124950224767 0
850 -0.7526226617081433 0.4115129023316093 0
851 0.4115129023315313 0.7526226617081586 0
852 0.5561465765420665 -0.4481235857933543 0
853 -0.4588714045163911 -0.4416023324117856 0
854 -0.4416023324117416 0.4588714045164 0
855 0.4588714045163554 0.4416023324117607 0
856 -0.6994137795313717 -0.3139811164082484 0
857 -0.3139811164081713 0.6994137795313878 0
858 0.3171821804852593 -0.6982264455716957 0
859 0.6993428664475299 0.3140081459475593 0
860 -0.1548295362954517 -0.5063895921785522 0
861 0.5063895921785448 -0.1548295362954411 0
862 -0.5063786077738478 0.1548446334349676 0
863 0.1548446334349571 0.5063786077738401 0
864 0.03834584221569839 -0.4428730964540019 0
865 -0.4428730964539979 -0.03834584221570074 0
866 0.4428730964539923 0.03834584221569876 0
867 -0.03834584221570093 0.4428730964539882 0
868 -0.2817860621172414 -0.4589916032531443 0
869 0.4589916032531504 -0.2817860621172232 0
870 -0.45898904022537 0.2817895847831619 0
871 0.2817895847831437 0.4589890402253761 0
872 -0.4050675301962169 -0.3255829884285624 0
873 0.3247162055622662 -0.4049373107496594 0
874 -0.3255829884285347 0.4050675301962263 0
875 0.4050675301962129 0.325582988428548 0
876 -0.5038749212112865 -0.1178216792253274 0
877 -0.1178216792253216 0.5038749212112678 0
878 0.1178216792253429 -0.5038749212112661 0
879 0.5038749212112478 0.1178216792253367 0
880 -0.8613102256035822 -0.5747158135210356 0
881 -0.5747158135210167 0.8613102256035426 0
882 0.8613102256035534 -0.5747158135210519 0
883 0.8613102256035179 0.5747158135211503 0
884 -0.2620785301683832 -0.7352778856509433 0
885 0.7352778856509549 -0.2620785301683122 0
886 -0.7342925113511054 0.2617315420314458 0
887 0.2617315420313743 0.7342925113511156 0
888 -0.5822582399958187 -0.4373645698693152 0
889 -0.4373645698692412 0.582258239995837 0
890 0.5822582399958038 0.4373645698692746 0
891 -0.9569814323427291 -0.09984948374033716 0
892 -0.09984948374035102 -0.95698143234273 0
893 -0.09984948374032565 0.9569814323427361 0
894 0.9569814323427371 -0.09984948374033975 0
895 0.09531339962054447 -0.9526810556529237 0
896 -0.9526810556529256 0.09531339962055825 0
897 0.9526810556529309 0.09531339962054047 0
898 0.0953133996205547 0.952681055652933 0
899 0.1115131515650792 -0.6259453128626713 0
900 0.6259453128626452 0.111513151565048 0
901 0.1057989579372496 -0.7222381206057082 0
902 -0.7222381206058344 0.1057989579373664 0
903 0.7222381206056744 0.10579895793726 0
904 0.1057989579373767 0.7222381206057981 0
905 -0.7966510434785669 -0.282352320699548 0
906 -0.282352320699477 0.7966510434785811 0
907 0.2777130268066728 -0.792840167334981 0
908 0.7955491329622586 0.282362511597343 0
909 -0.3863058862131807 -0.5869048185237418 0
910 0.589385901992024 -0.3835184508114365 0
911 -0.5869046823084132 0.3863060734297388 0
912 0.3863060734296814 0.5869046823084378 0
913 -0.7583683976251636 -0.4106547716173333 0
914 -0.4106547716172605 0.7583683976251798 0
915 0.7583683976250666 0.4106547716172608 0
916 0.5269787050498832 -0.6035850386802084 0
917 -0.5198681792471725 0.9477002271018309 0
918 -0.9477002271018478 -0.5198681792471941 0
919 0.9477002271018323 -0.5198681792472126 0
920 -0.5198681792472344 -0.9477002271018485 0
921 0.9477002271014806 0.5198681792472752 0
922 0.5198681792472958 -0.9477002271014974 0
923 0.5198681792473142 0.9477002271014818 0
924 -0.9477002271014985 0.5198681792473352 0
925 -0.09013218289908616 -0.4313796126773723 0
926 -0.4313796126773753 0.09013218289909072 0
927 0.4313796126773714 -0.09013218289907987 0
928 0.09013218289908448 0.4313796126773743 0
929 -0.9516214782838843 -0.7589598687188427 0
930 -0.7586349794373968 -0.9512850931274621 0
931 -0.7589598687188327 0.9516214782838808 0
932 0.9516214782838781 -0.7589598687188455 0
933 0.7586349794368812 -0.9512850931272976 0
934 -0.9512850931272959 0.7586349794368937 0
935 0.9516214782837178 0.7589598687183221 0
936 0.7586349794368842 0.9512850931272931 0
937 0.6254011692562248 -0.534010554808658 0
938 -0.16813859982477 -0.4087988687509208 0
939 -0.4087988687509231 0.168138599824782 0
940 0.4087988687509275 -0.1681385998247631 0
941 0.1681385998247752 0.4087988687509296 0
942 0.8697641192626036 0.05325014921505405 0
943 0.05325028186336725 0.8697627964039307 0
944 0.05325014921504452 -0.8697641192626651 0
945 -0.8697627964039929 0.05325028186335691 0
946 -0.9514797359771459 0.4198420799044723 0
947 0.4211685060208771 -0.9507577317865982 0
948 0.4198420799044478 0.9514797359771477 0
949 0.9514797359771535 0.419842079904422 0
950 -0.4198420799059993 -0.9514797359778651 0
951 -0.9514797359778715 -0.419842079905973 0
952 0.9510784552964611 -0.4211814978218673 0
953 -0.419842079905949 0.9514797359778731 0
954 0.09777757842177554 -0.8515218084373409 0
955 -0.8515152179651686 0.0977544954933367 0
956 0.8515218084372098 0.09777757842166931 0
957 0.09775449549323051 0.8515152179650356 0
958 -0.3738365907513616 -0.4847068646523739 0
959 0.4849232373871628 -0.374074969088523 0
960 -0.4847067011939508 0.3738368154112163 0
961 0.3738368154111852 0.4847067011939694 0
962 -0.5356320600223863 -0.5995610668979672 0
963 -0.5995610668979923 0.5356320600224688 0
964 0.5356320600223936 0.5995610668980058 0
965 0.64997573310446 -0.08304482199524381 0
966 -0.08304482199528029 -0.6499757331044766 0
967 -0.8893130362628063 -0.04216480145327185 0
968 -0.04216480145329931 -0.8893130362628018 0
969 -0.04216480145328337 0.8893130362628215 0
970 0.8893130362628173 -0.04216480145331129 0
971 -0.4291098482121626 -0.4941771497688044 0
972 0.4972443373775228 -0.4290469271511305 0
973 -0.4941771225257195 0.4291098856554925 0
974 0.4291098856554454 0.4941771225257379 0
975 -0.9603898510993857 0.633333333332316 0
976 0.6333333333323161 0.960389851099376 0
977 0.633333333332316 -0.9603898510993935 0
978 0.957681989408633 0.641119975191626 0
979 -0.6333333333343504 -0.9603898510999618 0
980 0.9576819894088924 -0.6411199751929096 0
981 -0.957681989408909 -0.6411199751929011 0
982 -0.6411199751928971 0.9576819894088964 0
983 -0.3698461598878235 -0.2468395141177125 0
984 0.246839514117729 -0.3698461598878181 0
985 -0.2468395141177002 0.3698461598878222 0
986 0.3698461598878168 0.2468395141177167 0
987 -0.7829023411043461 -0.08410291463261371 0
988 -0.08410291463253046 0.7829023411043042 0
989 -0.08410291463262502 -0.7829023411043596 0
990 0.7829023411043177 -0.0841029146325406 0
991 -0.1018921185272566 0.5929478137083435 0
992 -0.5929478137083531 -0.1018921185272863 0
993 -0.4485014606607302 -0.5470200345701548 0
994 -0.5470200345701882 0.4485014606607849 0
995 0.4485014606607277 0.5470200345701934 0
996 -0.4276037062360007 -0.8330390704493162 0
997 -0.8330390704495549 0.4276037062359229 0
998 0.4276037062358448 0.8330390704495584 0
999 -0.7631303042064114 -0.811534086558913 0
1000 0.7631303042064188 -0.8115340865589471 0
1001 -0.8115340865589393 0.7631303042064314 0
1002 0.7631303042064471 0.8115340865589014 0
1003 -0.6437170036393379 -0.04465797733164245 0
1004 -0.0446579773316053 0.6437170036392934 0
1005 -0.9526639496223832 -0.9526639496223832 0
1006 -0.9526639496224615 0.9526639496223542 0
1007 0.9526639496223543 -0.9526639496224617 0
1008 0.9526639496224317 0.9526639496224317 0
1009 -0.6561704022129327 -0.8077801786744234 0
1010 0.6561581390492859 -0.8077873427208347 0
1011 -0.807780178674545 0.656170402212822 0
1012 0.6561704022128423 0.8077801786744818 0
1013 -0.4632469574927034 -0.6523238225579093 0
1014 -0.6523238225579108 0.4632469574927907 0
1015 0.463246957492717 0.6523238225579268 0
1016 -0.2716753032933016 -0.7958251477215268 0
1017 0.7958251477215309 -0.271675303293226 0
1018 -0.795825147721528 0.2716753032934071 0
1019 0.2716753032933317 0.7958251477215326 0
1020 -0.4562052242725605 -0.2021455665365979 0
1021 -0.2021455665365763 0.4562052242725415 0
1022 0.2021455665366117 -0.4562052242725501 0
1023 0.4562052242725314 0.2021455665365901 0
1024 -0.3518862004334306 -0.765144320305241 0
1025 0.7656823964816435 -0.353222469563534 0
1026 -0.7651443203052122 0.3518862004334194 0
1027 0.3518862004333442 0.7651443203052223 0
1028 -0.8720354495698777 -0.7874634912548377 0
1029 0.8720354495698406 -0.7874634912548443 0
1030 -0.787463491254825 0.8720354495698494 0
1031 0.8720354495698901 0.7874634912548618 0
1032 -0.8795873286079957 -0.4772007690418607 0
1033 -0.4772007690418357 0.8795873286079997 0
1034 0.8791652207562041 -0.4772132836816523 0
1035 0.8795873286079883 0.4772007690418054 0
1036 0.525486254028393 -0.6880228511717805 0
1037 0.4129668195897734 -0.5276025625176906 0
1038 -0.2452964172412505 -0.3699622766631762 0
1039 0.3699622766631748 -0.245296417241237 0
1040 -0.3699622766631709 0.2452964172412746 0
1041 0.2452964172412614 0.3699622766631693 0
1042 0.100967613938967 -0.7706066138793337 0
1043 0.7706066138792961 0.1009676139389321 0
1044 -0.7709142415038517 0.1006329444433222 0
1045 0.1006329444432987 0.7709142415038092 0
1046 -0.2602573431502652 0.8860231153099566 0
1047 -0.8860231153099467 -0.2602573431503107 0
1048 0.8843022842889217 -0.260648473872262 0
1049 -0.2606484738723132 -0.8843022842889126 0
1050 0.8851185658531691 0.2600073150240353 0
1051 0.2600073150240819 -0.8851185658531574 0
1052 0.2606473248274276 0.8842078717085698 0
1053 -0.8842078717085613 0.2606473248274788 0
1054 -0.8731435539124537 -0.6240096634610117 0
1055 -0.614809880091351 -0.8746105825951033 0
1056 -0.6240096634610003 0.873143553912422 0
1057 0.8731129327941389 -0.6239858066346797 0
1058 0.6148521547184986 -0.8747562887104992 0
1059 -0.8746105825950377 0.6148098800912429 0
1060 0.8731435539123276 0.6240096634610349 0
1061 0.6148098800912369 0.8746105825950177 0
1062 -0.2091604658831776 -0.6587411652633383 0
1063 0.6587411652633447 -0.2091604658831282 0
1064 -0.6575875665521971 0.2103235872520543 0
1065 0.210323587252014 0.6575875665522063 0
1066 -0.2894802655303326 -0.6093321714363771 0
1067 0.6093100178958899 -0.2894833350522114 0
1068 -0.6093210508163365 0.2894955498863672 0
1069 0.2894955498863175 0.609321050816348 0
1070 -0.5944950541669047 -0.3481296836193494 0
1071 -0.3481296836192606 0.5944950541669167 0
1072 0.5944950541668981 0.3481296836192825 0
1073 -0.669592467461063 -0.6569966235502248 0
1074 0.6695924674610844 0.6569966235501989 0
1075 0.6690662319290356 -0.6576200155277888 0
1076 -0.6569966235501825 0.6695924674610911 0
1077 -0.4374149199220009 0.04675118498778019 0
1078 -0.04675118498777895 -0.4374149199219927 0
1079 0.04675118498777717 0.4374149199219957 0
1080 0.4374149199219873 -0.04675118498777585 0
1081 -0.5730493927784888 -0.1755213813438904 0
1082 -0.1755213813438601 0.5730493927784933 0
1083 0.1756937776465183 -0.5735407464002094 0
1084 0.5735407464002114 0.1756937776464874 0
1085 -0.5020074199147886 -0.2891479403528315 0
1086 -0.2891479403527977 0.5020074199147572 0
1087 0.289147940352844 -0.502007419914791 0
1088 0.5020074199147606 0.2891479403528103 0
1089 -0.6751627352770385 -0.4690990804872026 0
1090 -0.4690990804871277 0.6751627352770595 0
1091 0.6751627352770215 0.4690990804871801 0
1092 -0.5435089269028363 -0.685501224640903 0
1093 -0.6855012246408938 0.5435089269030761 0
1094 0.5435089269029549 0.6855012246409171 0
1095 -0.5072049936279117 -0.8030538757370882 0
1096 0.5054151125558595 -0.805156987099954 0
1097 -0.8030538757371078 0.5072049936279941 0
1098 0.5072049936279164 0.8030538757371197 0
1099 -0.44200625896158 -0.2805193020141474 0
1100 -0.2805193020141192 0.4420062589615743 0
1101 0.2817800453895933 -0.442289866743552 0
1102 0.4420062589615672 0.280519302014131 0
1103 0.4231385274197299 -0.5827597884776068 0
1104 0.4705052378779293 -0.5105637634408462 0
1105 0.445888749579345 -0.6527378188910842 0
1106 0.03023840232936185 -0.4936690959573973 0
1107 -0.4950213193110954 -0.02799001947226513 0
1108 0.4936690959573727 0.03023840232937001 0
1109 -0.02799001947227469 0.4950213193110652 0
1110 -0.9626793673219589 -0.9029625152121056 0
1111 -0.9029625152121069 -0.9626793673219586 0
1112 -0.9029625152120301 0.9626793673220014 0
1113 0.9626793673220012 -0.9029625152120325 0
1114 0.9029625152121327 -0.9626793673217799 0
1115 -0.9626793673217794 0.9029625152121358 0
1116 0.9626793673218212 0.9029625152120588 0
1117 0.9029625152120597 0.9626793673218211 0
1118 -0.8097942251756575 -0.5790214612783419 0
1119 -0.579021461278318 0.8097942251755939 0
1120 0.8097942251756128 -0.5790214612783542 0
1121 0.8097942251756807 0.5790214612785257 0
1122 -0.10469595057582 -0.5223563405620768 0
1123 0.5223563405620625 -0.1046959505757985 0
1124 -0.5232892762524347 0.1027770636513373 0
1125 0.1027770636513138 0.5232892762524228 0
1126 -0.7177375389402574 -0.2548808794719656 0
1127 -0.2548808794718881 0.7177375389402718 0
1128 0.2539305607783298 -0.7173462429673465 0
1129 0.7174043656701844 0.2537653153316869 0
1130 -0.5237243621967168 -0.4936437573594843 0
1131 -0.4936437573594269 0.5237243621967187 0
1132 0.5237243621966545 0.4936437573594492 0
1133 -0.102143623155978 0.8557734934970883 0
1134 -0.8557734934970953 -0.1021436231560595 0
1135 0.8557734934970966 -0.102143623155999 0
1136 -0.1021436231560801 -0.8557734934971042 0
1137 0.4458586577524044 -0.8099451548351837 0
1138 -0.7053820430520367 -0.7477206468456472 0
1139 0.7042482248390504 -0.7474496510700606 0
1140 -0.7477206468457258 0.705382043052016 0
1141 0.7053820430520583 0.747720646845658 0
1142 -0.3788294648756321 -0.4172415440004927 0
1143 0.421552233803969 -0.3799977431586203 0
1144 -0.4172415440004613 0.3788294648756537 0
1145 0.3788294648756186 0.4172415440004765 0
1146 -0.3126632018828643 -0.7196323398428583 0
1147 0.7193138623754574 -0.3129424662764998 0
1148 -0.7194681107928433 0.3126053705267094 0
1149 0.3126053705266391 0.7194681107928554 0
1150 -0.317402129680367 -0.3885630070333897 0
1151 0.3885630070333947 -0.3174021296803524 0
1152 -0.3885630070333742 0.3174021296803958 0
1153 0.317402129680381 0.3885630070333791 0
$EndNodes
$Elements
2270
1 15 2 1 1 1
2 15 2 2 2 2
3 15 2 3 3 3
4 15 2 4 4 4
5 1 2 101 9 1 9
6 1 2 101 9 9 10
7 1 2 101 9 10 11
8 1 2 101 9 11 12
9 1 2 101 9 12 13
10 1 2 101 9 13 14
11 1 2 101 9 14 15
12 1 2 101 9 15 16
13 1 2 101 9 16 17
14 1 2 101 9 17 18
15 1 2 101 9 18 19
16 1 2 101 9 19 20
17 1 2 101 9 20 21
18 1 2 101 9 21 22
19 1 2 101 9 22 23
20 1 2 101 9 23 24
21 1 2 101 9 24 25
22 1 2 101 9 25 26
23 1 2 101 9 26 27
24 1 2 101 9 27 28
25 1 2 101 9 28 29
26 1 2 101 9 29 30
27 1 2 101 9 30 31
28 1 2 101 9 31 32
29 1 2 101 9 32 33
30 1 2 101 9 33 34
31 1 2 101 9 34 35
32 1 2 101 9 35 36
33 1 2 101 9 36 37
34 1 2 101 9 37 2
35 1 2 102 10 2 38
36 1 2 102 10 38 39
37 1 2 102 10 39 40
38 1 2 102 10 40 41
39 1 2 102 10 41 42
40 1 2 102 10 42 43
41 1 2 102 10 43 44
42 1 2 102 10 44 45
43 1 2 102 10 45 46
44 1 2 102 10 46 47
45 1 2 102 10 47 48
46 1 2 102 10 48 49
47 1 2 102 10 49 50
48 1 2 102 10 50 51
49 1 2 102 10 51 52
50 1 2 102 10 52 53
51 1 2 102 10 53 54
52 1 2 102 10 54 55
53 1 2 102 10 55 56
54 1 2 102 10 56 57
55 1 2 102 10 57 58
56 1 2 102 10 58 59
57 1 2 102 10 59 60
58 1 2 102 10 60 61
59 1 2 102 10 61 62
60 1 2 102 10 62 63
61 1 2 102 10 63 64
62 1 2 102 10 64 65
63 1 2 102 10 65 66
64 1 2 102 10 66 3
65 1 2 103 11 4 67
66 1 2 103 11 67 68
67 1 2 103 11 68 69
68 1 2 103 11 69 70
69 1 2 103 11 70 71
70 1 2 103 11 71 72
71 1 2 103 11 72 73
72 1 2 103 11 73 74
73 1 2 103 11 74 75
74 1 2 103 11 75 76
75 1 2 103 11 76 77
76 1 2 103 11 77 78
77 1 2 103 11 78 79
78 1 2 103 11 79 80
79 1 2 103 11 80 81
80 1 2 103 11 81 82
81 1 2 103 11 82 83
82 1 2 103 11 83 84
83 1 2 103 11 84 85
84 1 2 103 11 85 86
85 1 2 103 11 86 87
86 1 2 103 11 87 88
87 1 2 103 11 88 89
88 1 2 103 11 89 90
89 1 2 103 11 90 91
90 1 2 103 11 91 92
91 1 2 103 11 92 93
92 1 2 103 11 93 94
93 1 2 103 11 94 95
94 1 2 103 11 95 3
95 1 2 104 12 1 96
96 1 2 104 12 96 97
97 1 2 104 12 97 98
98 1 2 104 12 98 99
99 1 2 104 12 99 100
100 1 2 104 12 100 101
101 1 2 104 12 101 102
102 1 2 104 12 102 103
103 1 2 104 12 103 104
104 1 2 104 12 104 105
105 1 2 104 12 105 106
106 1 2 104 12 106 107
107 1 2 104 12 107 108
108 1 2 104 12 108 109
109 1 2 104 12 109 110
110 1 2 104 12 110 111
111 1 2 104 12 111 112
112 1 2 104 12 112 113
113 1 2 104 12 113 114
114 1 2 104 12 114 115
115 1 2 104 12 115 116
116 1 2 104 12 116 117
117 1 2 104 12 117 118
118 1 2 104 12 118 119
119 1 2 104 12 119 120
120 1 2 104 12 120 121
121 1 2 104 12 121 122
122 1 2 104 12 122 123
123 1 2 104 12 123 124
124 1 2 104 12 124 4
125 2 2 1000 21 1122 728 401
126 2 2 1000 21 1124 729 403
127 2 2 1000 21 1123 730 402
128 2 2 1000 21 1125 731 404
129 2 2 1000 21 365 665 285
130 2 2 1000 21 366 666 286
131 2 2 1000 21 367 667 287
132 2 2 1000 21 368 668 288
133 2 2 1000 21 868 365 285
134 2 2 1000 21 869 366 286
135 2 2 1000 21 870 367 287
136 2 2 1000 21 871 368 288
137 2 2 1000 21 209 1122 401
138 2 2 1000 21 211 1123 402
139 2 2 1000 21 210 1124 403
140 2 2 1000 21 212 1125 404
141 2 2 1000 21 105 106 418
142 2 2 1000 21 27 417 28
143 2 2 1000 21 18 422 19
144 2 2 1000 21 76 77 420
145 2 2 1000 21 114 115 421
146 2 2 1000 21 56 419 57
147 2 2 1000 21 47 424 48
148 2 2 1000 21 85 86 423
149 2 2 1000 21 413 958 673
150 2 2 1000 21 414 959 674
151 2 2 1000 21 415 960 675
152 2 2 1000 21 416 961 676
153 2 2 1000 21 270 453 548
154 2 2 1000 21 173 517 403
155 2 2 1000 21 176 518 404
156 2 2 1000 21 162 548 453
157 2 2 1000 21 174 406 523
158 2 2 1000 21 175 408 524
159 2 2 1000 21 329 642 629
160 2 2 1000 21 330 643 630
161 2 2 1000 21 331 631 644
162 2 2 1000 21 332 632 645
163 2 2 1000 21 209 449 597
164 2 2 1000 21 211 450 598
165 2 2 1000 21 210 451 599
166 2 2 1000 21 212 452 600
167 2 2 1000 21 1036 596 481
168 2 2 1000 21 193 673 958
169 2 2 1000 21 194 674 959
170 2 2 1000 21 195 675 960
171 2 2 1000 21 196 676 961
172 2 2 1000 21 321 597 449
173 2 2 1000 21 322 598 450
174 2 2 1000 21 323 599 451
175 2 2 1000 21 324 600 452
176 2 2 1000 21 206 899 406
177 2 2 1000 21 208 900 408
178 2 2 1000 21 249 693 759
179 2 2 1000 21 250 695 760
180 2 2 1000 21 251 694 761
181 2 2 1000 21 252 696 762
182 2 2 1000 21 405 759 693
183 2 2 1000 21 406 760 695
184 2 2 1000 21 407 761 694
185 2 2 1000 21 408 762 696
186 2 2 1000 21 299 504 479
187 2 2 1000 21 174 401 760
188 2 2 1000 21 173 403 759
189 2 2 1000 21 175 402 762
190 2 2 1000 21 176 404 761
191 2 2 1000 21 380 573 728
192 2 2 1000 21 382 574 729
193 2 2 1000 21 381 575 730
194 2 2 1000 21 383 576 731
195 2 2 1000 21 174 966 401
196 2 2 1000 21 175 965 402
197 2 2 1000 21 174 760 406
198 2 2 1000 21 175 762 408
199 2 2 1000 21 250 728 573
200 2 2 1000 21 249 729 574
201 2 2 1000 21 252 730 575
202 2 2 1000 21 251 731 576
203 2 2 1000 21 235 479 504
204 2 2 1000 21 181 772 569
205 2 2 1000 21 183 773 570
206 2 2 1000 21 187 774 572
207 2 2 1000 21 209 401 624
208 2 2 1000 21 211 402 625
209 2 2 1000 21 210 403 626
210 2 2 1000 21 212 404 627
211 2 2 1000 21 262 578 789
212 2 2 1000 21 261 577 788
213 2 2 1000 21 266 791 580
214 2 2 1000 21 264 790 579
215 2 2 1000 21 389 569 772
216 2 2 1000 21 390 570 773
217 2 2 1000 21 392 572 774
218 2 2 1000 21 353 1036 481
219 2 2 1000 21 454 589 1013
220 2 2 1000 21 455 590 1014
221 2 2 1000 21 456 591 1015
222 2 2 1000 21 184 571 779
223 2 2 1000 21 391 779 571
224 2 2 1000 21 206 406 695
225 2 2 1000 21 208 408 696
226 2 2 1000 21 292 442 719
227 2 2 1000 21 292 726 442
228 2 2 1000 21 1013 589 369
229 2 2 1000 21 1014 590 370
230 2 2 1000 21 1015 591 371
231 2 2 1000 21 253 519 437
232 2 2 1000 21 254 521 438
233 2 2 1000 21 255 439 520
234 2 2 1000 21 256 522 440
235 2 2 1000 21 177 437 519
236 2 2 1000 21 178 438 521
237 2 2 1000 21 179 520 439
238 2 2 1000 21 180 440 522
239 2 2 1000 21 28 417 540
240 2 2 1000 21 115 541 421
241 2 2 1000 21 57 419 542
242 2 2 1000 21 86 543 423
243 2 2 1000 21 105 418 544
244 2 2 1000 21 18 545 422
245 2 2 1000 21 76 420 546
246 2 2 1000 21 47 547 424
247 2 2 1000 21 189 533 474
248 2 2 1000 21 190 534 475
249 2 2 1000 21 192 535 476
250 2 2 1000 21 987 497 620
251 2 2 1000 21 989 622 498
252 2 2 1000 21 988 499 621
253 2 2 1000 21 990 623 500
254 2 2 1000 21 237 764 433
255 2 2 1000 21 237 433 763
256 2 2 1000 21 238 766 435
257 2 2 1000 21 239 434 765
258 2 2 1000 21 239 768 434
259 2 2 1000 21 238 435 767
260 2 2 1000 21 240 770 436
261 2 2 1000 21 240 436 769
262 2 2 1000 21 189 509 650
263 2 2 1000 21 191 511 651
264 2 2 1000 21 190 510 652
265 2 2 1000 21 192 512 653
266 2 2 1000 21 262 789 621
267 2 2 1000 21 261 788 620
268 2 2 1000 21 266 623 791
269 2 2 1000 21 264 622 790
270 2 2 1000 21 118 119 563
271 2 2 1000 21 89 90 564
272 2 2 1000 21 31 561 32
273 2 2 1000 21 60 562 61
274 2 2 1000 21 14 559 15
275 2 2 1000 21 43 560 44
276 2 2 1000 21 101 102 557
277 2 2 1000 21 72 73 558
278 2 2 1000 21 291 610 592
279 2 2 1000 21 293 593 612
280 2 2 1000 21 295 614 594
281 2 2 1000 21 296 615 595
282 2 2 1000 21 335 592 610
283 2 2 1000 21 337 612 593
284 2 2 1000 21 339 594 614
285 2 2 1000 21 340 595 615
286 2 2 1000 21 355 517 817
287 2 2 1000 21 357 518 819
288 2 2 1000 21 201 629 642
289 2 2 1000 21 202 630 643
290 2 2 1000 21 203 644 631
291 2 2 1000 21 204 645 632
292 2 2 1000 21 213 469 716
293 2 2 1000 21 214 471 717
294 2 2 1000 21 217 470 720
295 2 2 1000 21 218 472 721
296 2 2 1000 21 341 497 987
297 2 2 1000 21 343 989 498
298 2 2 1000 21 342 499 988
299 2 2 1000 21 344 990 500
300 2 2 1000 21 278 930 458
301 2 2 1000 21 277 457 929
302 2 2 1000 21 280 932 460
303 2 2 1000 21 279 459 931
304 2 2 1000 21 282 934 462
305 2 2 1000 21 281 461 933
306 2 2 1000 21 284 936 464
307 2 2 1000 21 283 463 935
308 2 2 1000 21 277 425 669
309 2 2 1000 21 279 427 670
310 2 2 1000 21 280 671 428
311 2 2 1000 21 283 431 672
312 2 2 1000 21 35 461 767
313 2 2 1000 21 122 768 462
314 2 2 1000 21 98 457 763
315 2 2 1000 21 11 764 458
316 2 2 1000 21 64 463 769
317 2 2 1000 21 93 770 464
318 2 2 1000 21 69 459 765
319 2 2 1000 21 40 766 460
320 2 2 1000 21 413 673 909
321 2 2 1000 21 414 674 910
322 2 2 1000 21 415 675 911
323 2 2 1000 21 416 676 912
324 2 2 1000 21 273 872 740
325 2 2 1000 21 275 874 741
326 2 2 1000 21 274 873 742
327 2 2 1000 21 276 875 743
328 2 2 1000 21 257 589 445
329 2 2 1000 21 259 590 447
330 2 2 1000 21 260 591 448
331 2 2 1000 21 509 872 650
332 2 2 1000 21 511 873 651
333 2 2 1000 21 510 874 652
334 2 2 1000 21 512 875 653
335 2 2 1000 21 354 816 523
336 2 2 1000 21 356 818 524
337 2 2 1000 21 217 720 417
338 2 2 1000 21 219 421 722
339 2 2 1000 21 218 721 419
340 2 2 1000 21 220 423 723
341 2 2 1000 21 213 716 418
342 2 2 1000 21 215 422 718
343 2 2 1000 21 214 717 420
344 2 2 1000 21 216 424 719
345 2 2 1000 21 215 718 441
346 2 2 1000 21 216 719 442
347 2 2 1000 21 219 722 443
348 2 2 1000 21 220 723 444
349 2 2 1000 21 335 559 808
350 2 2 1000 21 337 809 561
351 2 2 1000 21 339 563 810
352 2 2 1000 21 340 564 811
353 2 2 1000 21 173 817 517
354 2 2 1000 21 176 819 518
355 2 2 1000 21 184 442 726
356 2 2 1000 21 118 563 924
357 2 2 1000 21 31 922 561
358 2 2 1000 21 89 564 923
359 2 2 1000 21 60 921 562
360 2 2 1000 21 15 559 920
361 2 2 1000 21 102 918 557
362 2 2 1000 21 44 560 919
363 2 2 1000 21 73 917 558
364 2 2 1000 21 559 1055 808
365 2 2 1000 21 561 809 1058
366 2 2 1000 21 563 1059 810
367 2 2 1000 21 564 1061 811
368 2 2 1000 21 237 763 457
369 2 2 1000 21 237 458 764
370 2 2 1000 21 239 765 459
371 2 2 1000 21 238 460 766
372 2 2 1000 21 238 767 461
373 2 2 1000 21 239 462 768
374 2 2 1000 21 240 769 463
375 2 2 1000 21 240 464 770
376 2 2 1000 21 377 526 877
377 2 2 1000 21 376 525 876
378 2 2 1000 21 379 528 879
379 2 2 1000 21 378 527 878
380 2 2 1000 21 465 1073 605
381 2 2 1000 21 468 1074 607
382 2 2 1000 21 467 1076 606
383 2 2 1000 21 174 523 816
384 2 2 1000 21 175 524 818
385 2 2 1000 21 213 840 469
386 2 2 1000 21 214 841 471
387 2 2 1000 21 217 842 470
388 2 2 1000 21 218 843 472
389 2 2 1000 21 91 692 976
390 2 2 1000 21 120 690 975
391 2 2 1000 21 62 978 691
392 2 2 1000 21 33 977 689
393 2 2 1000 21 42 688 980
394 2 2 1000 21 13 686 979
395 2 2 1000 21 71 982 687
396 2 2 1000 21 100 981 685
397 2 2 1000 21 280 688 932
398 2 2 1000 21 279 931 687
399 2 2 1000 21 278 686 930
400 2 2 1000 21 277 929 685
401 2 2 1000 21 284 692 936
402 2 2 1000 21 283 935 691
403 2 2 1000 21 282 690 934
404 2 2 1000 21 281 933 689
405 2 2 1000 21 605 1073 253
406 2 2 1000 21 1076 254 606
407 2 2 1000 21 1074 256 607
408 2 2 1000 21 106 702 418
409 2 2 1000 21 77 701 420
410 2 2 1000 21 19 422 704
411 2 2 1000 21 48 424 703
412 2 2 1000 21 27 706 417
413 2 2 1000 21 56 705 419
414 2 2 1000 21 114 421 708
415 2 2 1000 21 85 423 707
416 2 2 1000 21 258 446 596
417 2 2 1000 21 466 628 1075
418 2 2 1000 21 1075 628 255
419 2 2 1000 21 1122 860 486
420 2 2 1000 21 1123 861 487
421 2 2 1000 21 1124 862 488
422 2 2 1000 21 1125 863 489
423 2 2 1000 21 225 812 437
424 2 2 1000 21 227 813 438
425 2 2 1000 21 228 439 814
426 2 2 1000 21 231 815 440
427 2 2 1000 21 167 697 1066
428 2 2 1000 21 168 698 1067
429 2 2 1000 21 171 699 1068
430 2 2 1000 21 172 700 1069
431 2 2 1000 21 213 418 1047
432 2 2 1000 21 214 420 1046
433 2 2 1000 21 215 1049 422
434 2 2 1000 21 216 1048 424
435 2 2 1000 21 217 417 1051
436 2 2 1000 21 218 419 1050
437 2 2 1000 21 219 1053 421
438 2 2 1000 21 220 1052 423
439 2 2 1000 21 432 976 692
440 2 2 1000 21 430 975 690
441 2 2 1000 21 431 691 978
442 2 2 1000 21 429 689 977
443 2 2 1000 21 426 979 686
444 2 2 1000 21 428 980 688
445 2 2 1000 21 425 685 981
446 2 2 1000 21 427 687 982
447 2 2 1000 21 209 624 449
448 2 2 1000 21 211 625 450
449 2 2 1000 21 210 626 451
450 2 2 1000 21 212 627 452
451 2 2 1000 21 215 441 1024
452 2 2 1000 21 216 442 1025
453 2 2 1000 21 219 443 1026
454 2 2 1000 21 220 444 1027
455 2 2 1000 21 1105 822 235
456 2 2 1000 21 380 1122 486
457 2 2 1000 21 381 1123 487
458 2 2 1000 21 382 1124 488
459 2 2 1000 21 383 1125 489
460 2 2 1000 21 205 876 525
461 2 2 1000 21 207 877 526
462 2 2 1000 21 206 878 527
463 2 2 1000 21 208 879 528
464 2 2 1000 21 301 454 799
465 2 2 1000 21 303 455 801
466 2 2 1000 21 304 456 802
467 2 2 1000 21 264 449 624
468 2 2 1000 21 266 450 625
469 2 2 1000 21 267 451 626
470 2 2 1000 21 268 452 627
471 2 2 1000 21 23 505 24
472 2 2 1000 21 110 111 506
473 2 2 1000 21 52 507 53
474 2 2 1000 21 81 82 508
475 2 2 1000 21 24 505 895
476 2 2 1000 21 111 896 506
477 2 2 1000 21 53 507 897
478 2 2 1000 21 82 898 508
479 2 2 1000 21 182 589 454
480 2 2 1000 21 186 590 455
481 2 2 1000 21 188 591 456
482 2 2 1000 21 181 490 772
483 2 2 1000 21 183 491 773
484 2 2 1000 21 187 492 774
485 2 2 1000 21 277 685 425
486 2 2 1000 21 278 426 686
487 2 2 1000 21 279 687 427
488 2 2 1000 21 280 428 688
489 2 2 1000 21 281 689 429
490 2 2 1000 21 282 430 690
491 2 2 1000 21 283 691 431
492 2 2 1000 21 284 432 692
493 2 2 1000 21 78 555 701
494 2 2 1000 21 107 553 702
495 2 2 1000 21 49 703 556
496 2 2 1000 21 20 704 554
497 2 2 1000 21 55 551 705
498 2 2 1000 21 26 549 706
499 2 2 1000 21 84 707 552
500 2 2 1000 21 113 708 550
501 2 2 1000 21 226 803 445
502 2 2 1000 21 229 446 804
503 2 2 1000 21 230 805 447
504 2 2 1000 21 232 806 448
505 2 2 1000 21 184 779 473
506 2 2 1000 21 278 775 426
507 2 2 1000 21 281 429 776
508 2 2 1000 21 282 777 430
509 2 2 1000 21 284 778 432
510 2 2 1000 21 273 740 601
511 2 2 1000 21 274 742 602
512 2 2 1000 21 275 741 603
513 2 2 1000 21 276 743 604
514 2 2 1000 21 278 458 646
515 2 2 1000 21 282 462 648
516 2 2 1000 21 281 647 461
517 2 2 1000 21 284 464 649
518 2 2 1000 21 277 1028 457
519 2 2 1000 21 279 1030 459
520 2 2 1000 21 280 460 1029
521 2 2 1000 21 283 1031 463
522 2 2 1000 21 356 838 818
523 2 2 1000 21 357 819 839
524 2 2 1000 21 354 836 816
525 2 2 1000 21 355 817 837
526 2 2 1000 21 237 646 458
527 2 2 1000 21 239 648 462
528 2 2 1000 21 238 461 647
529 2 2 1000 21 240 649 464
530 2 2 1000 21 481 822 1105
531 2 2 1000 21 289 716 469
532 2 2 1000 21 290 717 471
533 2 2 1000 21 293 720 470
534 2 2 1000 21 294 721 472
535 2 2 1000 21 122 123 768
536 2 2 1000 21 35 767 36
537 2 2 1000 21 93 94 770
538 2 2 1000 21 64 769 65
539 2 2 1000 21 10 764 11
540 2 2 1000 21 97 98 763
541 2 2 1000 21 39 766 40
542 2 2 1000 21 68 69 765
543 2 2 1000 21 362 713 785
544 2 2 1000 21 361 712 784
545 2 2 1000 21 364 715 787
546 2 2 1000 21 363 714 786
547 2 2 1000 21 225 437 669
548 2 2 1000 21 227 438 670
549 2 2 1000 21 228 671 439
550 2 2 1000 21 231 440 672
551 2 2 1000 21 258 771 466
552 2 2 1000 21 257 465 828
553 2 2 1000 21 259 467 829
554 2 2 1000 21 260 468 830
555 2 2 1000 21 161 465 605
556 2 2 1000 21 163 467 606
557 2 2 1000 21 164 468 607
558 2 2 1000 21 221 993 909
559 2 2 1000 21 223 994 911
560 2 2 1000 21 224 995 912
561 2 2 1000 21 253 437 812
562 2 2 1000 21 254 438 813
563 2 2 1000 21 255 814 439
564 2 2 1000 21 256 440 815
565 2 2 1000 21 301 848 454
566 2 2 1000 21 303 850 455
567 2 2 1000 21 304 851 456
568 2 2 1000 21 441 182 848
569 2 2 1000 21 443 186 850
570 2 2 1000 21 444 188 851
571 2 2 1000 21 184 849 442
572 2 2 1000 21 177 793 437
573 2 2 1000 21 178 794 438
574 2 2 1000 21 179 439 795
575 2 2 1000 21 180 796 440
576 2 2 1000 21 481 807 822
577 2 2 1000 21 222 453 852
578 2 2 1000 21 329 629 581
579 2 2 1000 21 330 630 582
580 2 2 1000 21 331 583 631
581 2 2 1000 21 332 584 632
582 2 2 1000 21 441 718 996
583 2 2 1000 21 443 722 997
584 2 2 1000 21 444 723 998
585 2 2 1000 21 264 1062 449
586 2 2 1000 21 266 1063 450
587 2 2 1000 21 267 1064 451
588 2 2 1000 21 268 1065 452
589 2 2 1000 21 474 533 888
590 2 2 1000 21 475 534 889
591 2 2 1000 21 476 535 890
592 2 2 1000 21 996 182 441
593 2 2 1000 21 997 186 443
594 2 2 1000 21 998 188 444
595 2 2 1000 21 385 1066 697
596 2 2 1000 21 386 1067 698
597 2 2 1000 21 387 1068 699
598 2 2 1000 21 388 1069 700
599 2 2 1000 21 107 108 553
600 2 2 1000 21 78 79 555
601 2 2 1000 21 20 554 21
602 2 2 1000 21 49 556 50
603 2 2 1000 21 25 549 26
604 2 2 1000 21 54 551 55
605 2 2 1000 21 112 113 550
606 2 2 1000 21 83 84 552
607 2 2 1000 21 320 473 779
608 2 2 1000 21 162 628 466
609 2 2 1000 21 285 938 486
610 2 2 1000 21 286 940 487
611 2 2 1000 21 287 939 488
612 2 2 1000 21 288 941 489
613 2 2 1000 21 384 548 744
614 2 2 1000 21 174 498 966
615 2 2 1000 21 175 500 965
616 2 2 1000 21 257 445 803
617 2 2 1000 21 258 804 446
618 2 2 1000 21 259 447 805
619 2 2 1000 21 260 448 806
620 2 2 1000 21 321 449 832
621 2 2 1000 21 322 450 833
622 2 2 1000 21 323 451 834
623 2 2 1000 21 324 452 835
624 2 2 1000 21 270 852 453
625 2 2 1000 21 181 724 469
626 2 2 1000 21 183 725 471
627 2 2 1000 21 187 727 472
628 2 2 1000 21 215 1024 482
629 2 2 1000 21 216 1025 483
630 2 2 1000 21 219 1026 484
631 2 2 1000 21 220 1027 485
632 2 2 1000 21 372 740 872
633 2 2 1000 21 374 741 874
634 2 2 1000 21 373 742 873
635 2 2 1000 21 375 743 875
636 2 2 1000 21 226 445 808
637 2 2 1000 21 229 809 446
638 2 2 1000 21 230 447 810
639 2 2 1000 21 232 448 811
640 2 2 1000 21 185 481 596
641 2 2 1000 21 445 589 1095
642 2 2 1000 21 447 590 1097
643 2 2 1000 21 448 591 1098
644 2 2 1000 21 289 469 724
645 2 2 1000 21 290 471 725
646 2 2 1000 21 294 472 727
647 2 2 1000 21 425 1054 669
648 2 2 1000 21 427 1056 670
649 2 2 1000 21 428 671 1057
650 2 2 1000 21 431 1060 672
651 2 2 1000 21 174 816 498
652 2 2 1000 21 173 497 817
653 2 2 1000 21 175 818 500
654 2 2 1000 21 176 499 819
655 2 2 1000 21 358 658 752
656 2 2 1000 21 359 659 753
657 2 2 1000 21 360 660 754
658 2 2 1000 21 222 831 453
659 2 2 1000 21 343 498 816
660 2 2 1000 21 341 817 497
661 2 2 1000 21 344 500 818
662 2 2 1000 21 342 819 499
663 2 2 1000 21 345 895 505
664 2 2 1000 21 346 506 896
665 2 2 1000 21 347 897 507
666 2 2 1000 21 348 508 898
667 2 2 1000 21 298 785 713
668 2 2 1000 21 297 784 712
669 2 2 1000 21 300 787 715
670 2 2 1000 21 299 786 714
671 2 2 1000 21 335 808 592
672 2 2 1000 21 337 593 809
673 2 2 1000 21 340 811 595
674 2 2 1000 21 339 810 594
675 2 2 1000 21 162 453 937
676 2 2 1000 21 454 1013 799
677 2 2 1000 21 455 1014 801
678 2 2 1000 21 456 1015 802
679 2 2 1000 21 285 597 633
680 2 2 1000 21 286 598 634
681 2 2 1000 21 287 599 635
682 2 2 1000 21 288 600 636
683 2 2 1000 21 356 514 838
684 2 2 1000 21 357 839 516
685 2 2 1000 21 354 513 836
686 2 2 1000 21 355 837 515
687 2 2 1000 21 654 958 1142
688 2 2 1000 21 655 959 1143
689 2 2 1000 21 656 960 1144
690 2 2 1000 21 657 961 1145
691 2 2 1000 21 182 1095 589
692 2 2 1000 21 186 1097 590
693 2 2 1000 21 188 1098 591
694 2 2 1000 21 184 473 849
695 2 2 1000 21 206 618 899
696 2 2 1000 21 208 619 900
697 2 2 1000 21 308 469 840
698 2 2 1000 21 309 471 841
699 2 2 1000 21 310 470 842
700 2 2 1000 21 311 472 843
701 2 2 1000 21 321 633 597
702 2 2 1000 21 322 634 598
703 2 2 1000 21 323 635 599
704 2 2 1000 21 324 636 600
705 2 2 1000 21 313 701 555
706 2 2 1000 21 312 702 553
707 2 2 1000 21 315 556 703
708 2 2 1000 21 314 554 704
709 2 2 1000 21 317 705 551
710 2 2 1000 21 316 706 549
711 2 2 1000 21 319 552 707
712 2 2 1000 21 318 550 708
713 2 2 1000 21 161 752 658
714 2 2 1000 21 163 753 659
715 2 2 1000 21 164 754 660
716 2 2 1000 21 490 1089 772
717 2 2 1000 21 491 1090 773
718 2 2 1000 21 492 1091 774
719 2 2 1000 21 165 824 784
720 2 2 1000 21 166 825 785
721 2 2 1000 21 169 826 786
722 2 2 1000 21 170 827 787
723 2 2 1000 21 233 1070 474
724 2 2 1000 21 234 1071 475
725 2 2 1000 21 236 1072 476
726 2 2 1000 21 237 457 1028
727 2 2 1000 21 239 459 1030
728 2 2 1000 21 238 1029 460
729 2 2 1000 21 240 463 1031
730 2 2 1000 21 138 139 603
731 2 2 1000 21 147 148 601
732 2 2 1000 21 129 130 604
733 2 2 1000 21 156 157 602
734 2 2 1000 21 221 799 1013
735 2 2 1000 21 223 801 1014
736 2 2 1000 21 224 802 1015
737 2 2 1000 21 222 800 473
738 2 2 1000 21 233 477 1070
739 2 2 1000 21 234 478 1071
740 2 2 1000 21 236 480 1072
741 2 2 1000 21 302 473 800
742 2 2 1000 21 299 479 786
743 2 2 1000 21 310 807 470
744 2 2 1000 21 189 474 780
745 2 2 1000 21 190 475 781
746 2 2 1000 21 192 476 783
747 2 2 1000 21 91 92 692
748 2 2 1000 21 62 691 63
749 2 2 1000 21 120 121 690
750 2 2 1000 21 33 689 34
751 2 2 1000 21 41 688 42
752 2 2 1000 21 70 71 687
753 2 2 1000 21 12 686 13
754 2 2 1000 21 99 100 685
755 2 2 1000 21 413 909 993
756 2 2 1000 21 415 911 994
757 2 2 1000 21 416 912 995
758 2 2 1000 21 165 784 477
759 2 2 1000 21 166 785 478
760 2 2 1000 21 169 786 479
761 2 2 1000 21 170 787 480
762 2 2 1000 21 182 454 848
763 2 2 1000 21 186 455 850
764 2 2 1000 21 188 456 851
765 2 2 1000 21 403 517 626
766 2 2 1000 21 404 518 627
767 2 2 1000 21 11 458 930
768 2 2 1000 21 98 929 457
769 2 2 1000 21 40 460 932
770 2 2 1000 21 69 931 459
771 2 2 1000 21 122 462 934
772 2 2 1000 21 35 933 461
773 2 2 1000 21 93 464 936
774 2 2 1000 21 64 935 463
775 2 2 1000 21 115 116 541
776 2 2 1000 21 28 540 29
777 2 2 1000 21 86 87 543
778 2 2 1000 21 57 542 58
779 2 2 1000 21 17 545 18
780 2 2 1000 21 104 105 544
781 2 2 1000 21 46 547 47
782 2 2 1000 21 75 76 546
783 2 2 1000 21 297 1070 784
784 2 2 1000 21 298 1071 785
785 2 2 1000 21 300 1072 787
786 2 2 1000 21 267 626 517
787 2 2 1000 21 268 627 518
788 2 2 1000 21 477 784 1070
789 2 2 1000 21 478 785 1071
790 2 2 1000 21 480 787 1072
791 2 2 1000 21 592 808 1095
792 2 2 1000 21 595 811 1098
793 2 2 1000 21 593 1096 809
794 2 2 1000 21 594 810 1097
795 2 2 1000 21 221 501 993
796 2 2 1000 21 223 502 994
797 2 2 1000 21 224 503 995
798 2 2 1000 21 308 913 469
799 2 2 1000 21 311 915 472
800 2 2 1000 21 309 914 471
801 2 2 1000 21 261 620 497
802 2 2 1000 21 262 621 499
803 2 2 1000 21 264 498 622
804 2 2 1000 21 266 500 623
805 2 2 1000 21 222 852 910
806 2 2 1000 21 293 470 1137
807 2 2 1000 21 222 473 831
808 2 2 1000 21 548 916 744
809 2 2 1000 21 320 831 473
810 2 2 1000 21 269 533 853
811 2 2 1000 21 271 534 854
812 2 2 1000 21 272 535 855
813 2 2 1000 21 162 466 771
814 2 2 1000 21 285 665 938
815 2 2 1000 21 287 667 939
816 2 2 1000 21 286 666 940
817 2 2 1000 21 288 668 941
818 2 2 1000 21 285 486 860
819 2 2 1000 21 286 487 861
820 2 2 1000 21 287 488 862
821 2 2 1000 21 288 489 863
822 2 2 1000 21 257 756 465
823 2 2 1000 21 258 466 757
824 2 2 1000 21 259 755 467
825 2 2 1000 21 260 758 468
826 2 2 1000 21 225 669 1054
827 2 2 1000 21 227 670 1056
828 2 2 1000 21 228 1057 671
829 2 2 1000 21 231 672 1060
830 2 2 1000 21 23 663 505
831 2 2 1000 21 110 506 661
832 2 2 1000 21 52 664 507
833 2 2 1000 21 81 508 662
834 2 2 1000 21 161 828 465
835 2 2 1000 21 163 829 467
836 2 2 1000 21 164 830 468
837 2 2 1000 21 385 799 909
838 2 2 1000 21 386 800 910
839 2 2 1000 21 387 801 911
840 2 2 1000 21 388 802 912
841 2 2 1000 21 474 1070 780
842 2 2 1000 21 475 1071 781
843 2 2 1000 21 476 1072 783
844 2 2 1000 21 269 853 971
845 2 2 1000 21 271 854 973
846 2 2 1000 21 272 855 974
847 2 2 1000 21 181 469 913
848 2 2 1000 21 183 471 914
849 2 2 1000 21 187 472 915
850 2 2 1000 21 377 1021 526
851 2 2 1000 21 376 1020 525
852 2 2 1000 21 379 1023 528
853 2 2 1000 21 378 1022 527
854 2 2 1000 21 173 759 1003
855 2 2 1000 21 176 761 1004
856 2 2 1000 21 333 880 557
857 2 2 1000 21 334 881 558
858 2 2 1000 21 336 560 882
859 2 2 1000 21 338 883 562
860 2 2 1000 21 446 1096 596
861 2 2 1000 21 248 507 970
862 2 2 1000 21 246 505 968
863 2 2 1000 21 247 969 508
864 2 2 1000 21 245 967 506
865 2 2 1000 21 297 780 1070
866 2 2 1000 21 298 781 1071
867 2 2 1000 21 300 783 1072
868 2 2 1000 21 421 541 722
869 2 2 1000 21 417 720 540
870 2 2 1000 21 423 543 723
871 2 2 1000 21 419 721 542
872 2 2 1000 21 422 545 718
873 2 2 1000 21 418 716 544
874 2 2 1000 21 424 547 719
875 2 2 1000 21 420 717 546
876 2 2 1000 21 250 760 728
877 2 2 1000 21 249 759 729
878 2 2 1000 21 252 762 730
879 2 2 1000 21 251 761 731
880 2 2 1000 21 302 849 473
881 2 2 1000 21 1138 756 393
882 2 2 1000 21 1139 394 757
883 2 2 1000 21 1141 758 396
884 2 2 1000 21 1140 755 395
885 2 2 1000 21 397 1142 958
886 2 2 1000 21 398 1143 959
887 2 2 1000 21 399 1144 960
888 2 2 1000 21 400 1145 961
889 2 2 1000 21 185 596 1096
890 2 2 1000 21 291 996 718
891 2 2 1000 21 296 998 723
892 2 2 1000 21 295 997 722
893 2 2 1000 21 401 728 760
894 2 2 1000 21 403 729 759
895 2 2 1000 21 402 730 762
896 2 2 1000 21 404 731 761
897 2 2 1000 21 362 526 713
898 2 2 1000 21 361 525 712
899 2 2 1000 21 364 528 715
900 2 2 1000 21 363 527 714
901 2 2 1000 21 519 756 1138
902 2 2 1000 21 520 1139 757
903 2 2 1000 21 521 755 1140
904 2 2 1000 21 522 758 1141
905 2 2 1000 21 299 782 504
906 2 2 1000 21 233 1089 490
907 2 2 1000 21 234 1090 491
908 2 2 1000 21 236 1091 492
909 2 2 1000 21 193 958 654
910 2 2 1000 21 194 959 655
911 2 2 1000 21 195 960 656
912 2 2 1000 21 196 961 657
913 2 2 1000 21 237 493 646
914 2 2 1000 21 238 647 495
915 2 2 1000 21 239 494 648
916 2 2 1000 21 240 496 649
917 2 2 1000 21 269 501 658
918 2 2 1000 21 271 502 659
919 2 2 1000 21 272 503 660
920 2 2 1000 21 369 589 1092
921 2 2 1000 21 370 590 1093
922 2 2 1000 21 371 591 1094
923 2 2 1000 21 285 633 868
924 2 2 1000 21 286 634 869
925 2 2 1000 21 287 635 870
926 2 2 1000 21 288 636 871
927 2 2 1000 21 361 784 824
928 2 2 1000 21 362 785 825
929 2 2 1000 21 363 786 826
930 2 2 1000 21 364 787 827
931 2 2 1000 21 342 839 819
932 2 2 1000 21 344 818 838
933 2 2 1000 21 341 837 817
934 2 2 1000 21 343 816 836
935 2 2 1000 21 1099 372 872
936 2 2 1000 21 1101 373 873
937 2 2 1000 21 1100 374 874
938 2 2 1000 21 1102 375 875
939 2 2 1000 21 414 910 852
940 2 2 1000 21 264 966 498
941 2 2 1000 21 266 965 500
942 2 2 1000 21 277 793 493
943 2 2 1000 21 279 794 494
944 2 2 1000 21 280 495 795
945 2 2 1000 21 283 796 496
946 2 2 1000 21 237 1028 493
947 2 2 1000 21 239 1030 494
948 2 2 1000 21 238 495 1029
949 2 2 1000 21 240 1031 496
950 2 2 1000 21 385 909 673
951 2 2 1000 21 386 910 674
952 2 2 1000 21 387 911 675
953 2 2 1000 21 388 912 676
954 2 2 1000 21 263 581 629
955 2 2 1000 21 265 582 630
956 2 2 1000 21 267 631 583
957 2 2 1000 21 268 632 584
958 2 2 1000 21 150 925 486
959 2 2 1000 21 159 927 487
960 2 2 1000 21 141 926 488
961 2 2 1000 21 132 928 489
962 2 2 1000 21 353 481 1105
963 2 2 1000 21 358 888 533
964 2 2 1000 21 359 889 534
965 2 2 1000 21 360 890 535
966 2 2 1000 21 221 1013 501
967 2 2 1000 21 223 1014 502
968 2 2 1000 21 224 1015 503
969 2 2 1000 21 355 902 517
970 2 2 1000 21 357 904 518
971 2 2 1000 21 369 501 1013
972 2 2 1000 21 370 502 1014
973 2 2 1000 21 371 503 1015
974 2 2 1000 21 165 477 856
975 2 2 1000 21 166 478 857
976 2 2 1000 21 169 479 858
977 2 2 1000 21 170 480 859
978 2 2 1000 21 278 999 585
979 2 2 1000 21 281 586 1000
980 2 2 1000 21 282 1001 587
981 2 2 1000 21 284 1002 588
982 2 2 1000 21 509 1099 872
983 2 2 1000 21 511 1101 873
984 2 2 1000 21 510 1100 874
985 2 2 1000 21 512 1102 875
986 2 2 1000 21 310 822 807
987 2 2 1000 21 255 628 792
988 2 2 1000 21 233 820 477
989 2 2 1000 21 234 821 478
990 2 2 1000 21 235 822 479
991 2 2 1000 21 236 823 480
992 2 2 1000 21 233 474 888
993 2 2 1000 21 234 475 889
994 2 2 1000 21 236 476 890
995 2 2 1000 21 191 651 637
996 2 2 1000 21 398 637 651
997 2 2 1000 21 233 490 820
998 2 2 1000 21 234 491 821
999 2 2 1000 21 236 492 823
1000 2 2 1000 21 325 732 638
1001 2 2 1000 21 326 733 639
1002 2 2 1000 21 327 640 734
1003 2 2 1000 21 328 641 735
1004 2 2 1000 21 329 736 642
1005 2 2 1000 21 330 737 643
1006 2 2 1000 21 331 644 738
1007 2 2 1000 21 332 645 739
1008 2 2 1000 21 148 1038 601
1009 2 2 1000 21 139 1040 603
1010 2 2 1000 21 157 1039 602
1011 2 2 1000 21 130 1041 604
1012 2 2 1000 21 341 565 837
1013 2 2 1000 21 343 836 566
1014 2 2 1000 21 342 567 839
1015 2 2 1000 21 344 838 568
1016 2 2 1000 21 308 820 490
1017 2 2 1000 21 309 821 491
1018 2 2 1000 21 311 823 492
1019 2 2 1000 21 504 782 1037
1020 2 2 1000 21 241 525 1020
1021 2 2 1000 21 242 526 1021
1022 2 2 1000 21 243 527 1022
1023 2 2 1000 21 244 528 1023
1024 2 2 1000 21 245 837 565
1025 2 2 1000 21 246 566 836
1026 2 2 1000 21 247 839 567
1027 2 2 1000 21 248 568 838
1028 2 2 1000 21 185 807 481
1029 2 2 1000 21 557 880 1054
1030 2 2 1000 21 558 881 1056
1031 2 2 1000 21 560 1057 882
1032 2 2 1000 21 562 883 1060
1033 2 2 1000 21 253 746 605
1034 2 2 1000 21 254 745 606
1035 2 2 1000 21 256 747 607
1036 2 2 1000 21 316 549 678
1037 2 2 1000 21 318 680 550
1038 2 2 1000 21 317 551 677
1039 2 2 1000 21 319 679 552
1040 2 2 1000 21 312 553 682
1041 2 2 1000 21 314 684 554
1042 2 2 1000 21 313 555 681
1043 2 2 1000 21 315 683 556
1044 2 2 1000 21 354 523 901
1045 2 2 1000 21 356 524 903
1046 2 2 1000 21 22 663 23
1047 2 2 1000 21 109 110 661
1048 2 2 1000 21 51 664 52
1049 2 2 1000 21 80 81 662
1050 2 2 1000 21 507 664 970
1051 2 2 1000 21 508 969 662
1052 2 2 1000 21 505 663 968
1053 2 2 1000 21 506 967 661
1054 2 2 1000 21 266 580 1063
1055 2 2 1000 21 264 579 1062
1056 2 2 1000 21 268 584 1065
1057 2 2 1000 21 267 583 1064
1058 2 2 1000 21 141 488 939
1059 2 2 1000 21 132 489 941
1060 2 2 1000 21 150 486 938
1061 2 2 1000 21 159 487 940
1062 2 2 1000 21 165 577 824
1063 2 2 1000 21 166 578 825
1064 2 2 1000 21 169 581 826
1065 2 2 1000 21 170 582 827
1066 2 2 1000 21 285 860 597
1067 2 2 1000 21 286 861 598
1068 2 2 1000 21 287 862 599
1069 2 2 1000 21 288 863 600
1070 2 2 1000 21 261 824 577
1071 2 2 1000 21 262 825 578
1072 2 2 1000 21 263 826 581
1073 2 2 1000 21 265 827 582
1074 2 2 1000 21 536 1126 856
1075 2 2 1000 21 537 1127 857
1076 2 2 1000 21 538 1128 858
1077 2 2 1000 21 539 1129 859
1078 2 2 1000 21 259 829 1093
1079 2 2 1000 21 257 828 1092
1080 2 2 1000 21 260 830 1094
1081 2 2 1000 21 325 788 577
1082 2 2 1000 21 326 789 578
1083 2 2 1000 21 327 579 790
1084 2 2 1000 21 328 580 791
1085 2 2 1000 21 215 482 1016
1086 2 2 1000 21 216 483 1017
1087 2 2 1000 21 219 484 1018
1088 2 2 1000 21 220 485 1019
1089 2 2 1000 21 225 1118 812
1090 2 2 1000 21 228 814 1120
1091 2 2 1000 21 227 1119 813
1092 2 2 1000 21 231 1121 815
1093 2 2 1000 21 1126 165 856
1094 2 2 1000 21 1127 166 857
1095 2 2 1000 21 1128 169 858
1096 2 2 1000 21 1129 170 859
1097 2 2 1000 21 380 486 925
1098 2 2 1000 21 381 487 927
1099 2 2 1000 21 382 488 926
1100 2 2 1000 21 383 489 928
1101 2 2 1000 21 278 646 999
1102 2 2 1000 21 281 1000 647
1103 2 2 1000 21 282 648 1001
1104 2 2 1000 21 284 649 1002
1105 2 2 1000 21 181 913 490
1106 2 2 1000 21 183 914 491
1107 2 2 1000 21 187 915 492
1108 2 2 1000 21 385 697 799
1109 2 2 1000 21 386 698 800
1110 2 2 1000 21 387 699 801
1111 2 2 1000 21 388 700 802
1112 2 2 1000 21 250 1106 695
1113 2 2 1000 21 249 1107 693
1114 2 2 1000 21 252 1108 696
1115 2 2 1000 21 251 1109 694
1116 2 2 1000 21 177 493 793
1117 2 2 1000 21 178 494 794
1118 2 2 1000 21 179 795 495
1119 2 2 1000 21 180 496 796
1120 2 2 1000 21 117 924 614
1121 2 2 1000 21 88 923 615
1122 2 2 1000 21 30 612 922
1123 2 2 1000 21 59 613 921
1124 2 2 1000 21 16 920 610
1125 2 2 1000 21 45 919 611
1126 2 2 1000 21 103 608 918
1127 2 2 1000 21 74 609 917
1128 2 2 1000 21 193 633 673
1129 2 2 1000 21 194 634 674
1130 2 2 1000 21 195 635 675
1131 2 2 1000 21 196 636 676
1132 2 2 1000 21 321 673 633
1133 2 2 1000 21 322 674 634
1134 2 2 1000 21 323 675 635
1135 2 2 1000 21 324 676 636
1136 2 2 1000 21 349 682 553
1137 2 2 1000 21 350 554 684
1138 2 2 1000 21 351 681 555
1139 2 2 1000 21 352 556 683
1140 2 2 1000 21 345 678 549
1141 2 2 1000 21 346 550 680
1142 2 2 1000 21 347 677 551
1143 2 2 1000 21 348 552 679
1144 2 2 1000 21 308 490 913
1145 2 2 1000 21 309 491 914
1146 2 2 1000 21 311 492 915
1147 2 2 1000 21 145 983 529
1148 2 2 1000 21 154 984 530
1149 2 2 1000 21 136 985 531
1150 2 2 1000 21 127 986 532
1151 2 2 1000 21 261 497 797
1152 2 2 1000 21 262 499 798
1153 2 2 1000 21 277 493 1028
1154 2 2 1000 21 279 494 1030
1155 2 2 1000 21 280 1029 495
1156 2 2 1000 21 283 496 1031
1157 2 2 1000 21 177 999 493
1158 2 2 1000 21 178 1001 494
1159 2 2 1000 21 179 495 1000
1160 2 2 1000 21 180 1002 496
1161 2 2 1000 21 241 712 525
1162 2 2 1000 21 242 713 526
1163 2 2 1000 21 243 714 527
1164 2 2 1000 21 244 715 528
1165 2 2 1000 21 261 616 824
1166 2 2 1000 21 262 617 825
1167 2 2 1000 21 263 618 826
1168 2 2 1000 21 265 619 827
1169 2 2 1000 21 226 1009 803
1170 2 2 1000 21 230 1011 805
1171 2 2 1000 21 229 804 1010
1172 2 2 1000 21 232 1012 806
1173 2 2 1000 21 117 118 924
1174 2 2 1000 21 88 89 923
1175 2 2 1000 21 30 922 31
1176 2 2 1000 21 59 921 60
1177 2 2 1000 21 15 920 16
1178 2 2 1000 21 44 919 45
1179 2 2 1000 21 102 103 918
1180 2 2 1000 21 73 74 917
1181 2 2 1000 21 248 942 507
1182 2 2 1000 21 247 508 943
1183 2 2 1000 21 246 944 505
1184 2 2 1000 21 245 506 945
1185 2 2 1000 21 257 803 756
1186 2 2 1000 21 259 805 755
1187 2 2 1000 21 258 757 804
1188 2 2 1000 21 260 806 758
1189 2 2 1000 21 301 1146 1024
1190 2 2 1000 21 303 1148 1026
1191 2 2 1000 21 302 1147 1025
1192 2 2 1000 21 304 1149 1027
1193 2 2 1000 21 347 507 942
1194 2 2 1000 21 348 943 508
1195 2 2 1000 21 345 505 944
1196 2 2 1000 21 346 945 506
1197 2 2 1000 21 221 909 799
1198 2 2 1000 21 222 910 800
1199 2 2 1000 21 223 911 801
1200 2 2 1000 21 224 912 802
1201 2 2 1000 21 393 756 803
1202 2 2 1000 21 395 755 805
1203 2 2 1000 21 394 804 757
1204 2 2 1000 21 396 758 806
1205 2 2 1000 21 333 557 918
1206 2 2 1000 21 335 920 559
1207 2 2 1000 21 334 558 917
1208 2 2 1000 21 336 919 560
1209 2 2 1000 21 337 561 922
1210 2 2 1000 21 339 924 563
1211 2 2 1000 21 338 562 921
1212 2 2 1000 21 340 923 564
1213 2 2 1000 21 258 1036 771
1214 2 2 1000 21 264 624 966
1215 2 2 1000 21 266 625 965
1216 2 2 1000 21 333 1032 569
1217 2 2 1000 21 334 1033 570
1218 2 2 1000 21 336 571 1034
1219 2 2 1000 21 338 1035 572
1220 2 2 1000 21 213 1047 732
1221 2 2 1000 21 214 1046 733
1222 2 2 1000 21 215 734 1049
1223 2 2 1000 21 216 735 1048
1224 2 2 1000 21 217 1051 736
1225 2 2 1000 21 218 1050 737
1226 2 2 1000 21 219 738 1053
1227 2 2 1000 21 220 739 1052
1228 2 2 1000 21 253 812 746
1229 2 2 1000 21 254 813 745
1230 2 2 1000 21 256 815 747
1231 2 2 1000 21 389 746 812
1232 2 2 1000 21 392 747 815
1233 2 2 1000 21 390 745 813
1234 2 2 1000 21 637 1104 1037
1235 2 2 1000 21 289 544 716
1236 2 2 1000 21 290 546 717
1237 2 2 1000 21 291 718 545
1238 2 2 1000 21 292 719 547
1239 2 2 1000 21 293 540 720
1240 2 2 1000 21 294 542 721
1241 2 2 1000 21 295 722 541
1242 2 2 1000 21 296 723 543
1243 2 2 1000 21 293 1137 593
1244 2 2 1000 21 173 1003 497
1245 2 2 1000 21 176 1004 499
1246 2 2 1000 21 189 780 509
1247 2 2 1000 21 190 781 510
1248 2 2 1000 21 191 782 511
1249 2 2 1000 21 192 783 512
1250 2 2 1000 21 182 996 592
1251 2 2 1000 21 186 997 594
1252 2 2 1000 21 188 998 595
1253 2 2 1000 21 263 523 899
1254 2 2 1000 21 265 524 900
1255 2 2 1000 21 316 678 642
1256 2 2 1000 21 317 677 643
1257 2 2 1000 21 318 644 680
1258 2 2 1000 21 319 645 679
1259 2 2 1000 21 312 682 638
1260 2 2 1000 21 313 681 639
1261 2 2 1000 21 314 640 684
1262 2 2 1000 21 315 641 683
1263 2 2 1000 21 269 993 501
1264 2 2 1000 21 271 994 502
1265 2 2 1000 21 272 995 503
1266 2 2 1000 21 261 797 616
1267 2 2 1000 21 262 798 617
1268 2 2 1000 21 181 569 724
1269 2 2 1000 21 183 570 725
1270 2 2 1000 21 184 726 571
1271 2 2 1000 21 187 572 727
1272 2 2 1000 21 293 947 540
1273 2 2 1000 21 289 951 544
1274 2 2 1000 21 295 541 946
1275 2 2 1000 21 294 949 542
1276 2 2 1000 21 291 545 950
1277 2 2 1000 21 290 953 546
1278 2 2 1000 21 296 543 948
1279 2 2 1000 21 292 547 952
1280 2 2 1000 21 152 749 864
1281 2 2 1000 21 143 748 865
1282 2 2 1000 21 125 751 866
1283 2 2 1000 21 134 750 867
1284 2 2 1000 21 405 1003 759
1285 2 2 1000 21 407 1004 761
1286 2 2 1000 21 327 734 1016
1287 2 2 1000 21 328 735 1017
1288 2 2 1000 21 331 738 1018
1289 2 2 1000 21 332 739 1019
1290 2 2 1000 21 167 1066 832
1291 2 2 1000 21 168 1067 833
1292 2 2 1000 21 171 1068 834
1293 2 2 1000 21 172 1069 835
1294 2 2 1000 21 484 1026 1148
1295 2 2 1000 21 485 1027 1149
1296 2 2 1000 21 482 1024 1146
1297 2 2 1000 21 483 1025 1147
1298 2 2 1000 21 235 504 1103
1299 2 2 1000 21 191 1037 782
1300 2 2 1000 21 278 585 775
1301 2 2 1000 21 281 776 586
1302 2 2 1000 21 282 587 777
1303 2 2 1000 21 284 588 778
1304 2 2 1000 21 267 517 902
1305 2 2 1000 21 268 518 904
1306 2 2 1000 21 146 147 740
1307 2 2 1000 21 155 156 742
1308 2 2 1000 21 137 138 741
1309 2 2 1000 21 128 129 743
1310 2 2 1000 21 325 905 732
1311 2 2 1000 21 326 906 733
1312 2 2 1000 21 329 907 736
1313 2 2 1000 21 330 908 737
1314 2 2 1000 21 233 709 1089
1315 2 2 1000 21 234 710 1090
1316 2 2 1000 21 236 711 1091
1317 2 2 1000 21 145 529 844
1318 2 2 1000 21 136 531 845
1319 2 2 1000 21 154 530 846
1320 2 2 1000 21 127 532 847
1321 2 2 1000 21 263 901 523
1322 2 2 1000 21 265 903 524
1323 2 2 1000 21 409 865 748
1324 2 2 1000 21 410 864 749
1325 2 2 1000 21 411 867 750
1326 2 2 1000 21 412 866 751
1327 2 2 1000 21 369 962 501
1328 2 2 1000 21 370 963 502
1329 2 2 1000 21 371 964 503
1330 2 2 1000 21 201 642 678
1331 2 2 1000 21 202 643 677
1332 2 2 1000 21 203 680 644
1333 2 2 1000 21 204 679 645
1334 2 2 1000 21 197 638 682
1335 2 2 1000 21 198 639 681
1336 2 2 1000 21 199 684 640
1337 2 2 1000 21 200 683 641
1338 2 2 1000 21 154 155 984
1339 2 2 1000 21 145 146 983
1340 2 2 1000 21 127 128 986
1341 2 2 1000 21 136 137 985
1342 2 2 1000 21 470 807 1137
1343 2 2 1000 21 246 836 513
1344 2 2 1000 21 245 515 837
1345 2 2 1000 21 248 838 514
1346 2 2 1000 21 247 516 839
1347 2 2 1000 21 255 792 814
1348 2 2 1000 21 376 876 748
1349 2 2 1000 21 377 877 750
1350 2 2 1000 21 378 878 749
1351 2 2 1000 21 379 879 751
1352 2 2 1000 21 409 748 876
1353 2 2 1000 21 411 750 877
1354 2 2 1000 21 410 749 878
1355 2 2 1000 21 412 751 879
1356 2 2 1000 21 391 814 792
1357 2 2 1000 21 354 1042 513
1358 2 2 1000 21 356 1043 514
1359 2 2 1000 21 355 515 1044
1360 2 2 1000 21 357 516 1045
1361 2 2 1000 21 147 601 740
1362 2 2 1000 21 156 602 742
1363 2 2 1000 21 138 603 741
1364 2 2 1000 21 129 604 743
1365 2 2 1000 21 201 513 1042
1366 2 2 1000 21 202 514 1043
1367 2 2 1000 21 203 1044 515
1368 2 2 1000 21 204 1045 516
1369 2 2 1000 21 305 752 605
1370 2 2 1000 21 306 753 606
1371 2 2 1000 21 307 754 607
1372 2 2 1000 21 189 853 533
1373 2 2 1000 21 190 854 534
1374 2 2 1000 21 192 855 535
1375 2 2 1000 21 191 637 1037
1376 2 2 1000 21 277 669 793
1377 2 2 1000 21 279 670 794
1378 2 2 1000 21 280 795 671
1379 2 2 1000 21 283 672 796
1380 2 2 1000 21 77 78 701
1381 2 2 1000 21 106 107 702
1382 2 2 1000 21 48 703 49
1383 2 2 1000 21 19 704 20
1384 2 2 1000 21 55 705 56
1385 2 2 1000 21 26 706 27
1386 2 2 1000 21 84 85 707
1387 2 2 1000 21 113 114 708
1388 2 2 1000 21 289 608 951
1389 2 2 1000 21 290 609 953
1390 2 2 1000 21 291 950 610
1391 2 2 1000 21 292 952 611
1392 2 2 1000 21 293 612 947
1393 2 2 1000 21 294 613 949
1394 2 2 1000 21 295 946 614
1395 2 2 1000 21 296 948 615
1396 2 2 1000 21 398 972 637
1397 2 2 1000 21 397 971 853
1398 2 2 1000 21 399 973 854
1399 2 2 1000 21 400 974 855
1400 2 2 1000 21 177 519 1138
1401 2 2 1000 21 178 521 1140
1402 2 2 1000 21 179 1139 520
1403 2 2 1000 21 180 522 1141
1404 2 2 1000 21 365 601 1038
1405 2 2 1000 21 366 602 1039
1406 2 2 1000 21 367 603 1040
1407 2 2 1000 21 368 604 1041
1408 2 2 1000 21 270 637 972
1409 2 2 1000 21 346 896 550
1410 2 2 1000 21 345 549 895
1411 2 2 1000 21 348 898 552
1412 2 2 1000 21 347 551 897
1413 2 2 1000 21 350 892 554
1414 2 2 1000 21 349 553 891
1415 2 2 1000 21 352 894 556
1416 2 2 1000 21 351 555 893
1417 2 2 1000 21 305 605 746
1418 2 2 1000 21 306 606 745
1419 2 2 1000 21 307 607 747
1420 2 2 1000 21 320 792 628
1421 2 2 1000 21 325 638 788
1422 2 2 1000 21 326 639 789
1423 2 2 1000 21 327 790 640
1424 2 2 1000 21 328 791 641
1425 2 2 1000 21 245 565 967
1426 2 2 1000 21 246 968 566
1427 2 2 1000 21 247 567 969
1428 2 2 1000 21 248 970 568
1429 2 2 1000 21 570 1033 725
1430 2 2 1000 21 569 1032 724
1431 2 2 1000 21 571 726 1034
1432 2 2 1000 21 572 1035 727
1433 2 2 1000 21 161 605 752
1434 2 2 1000 21 163 606 753
1435 2 2 1000 21 164 607 754
1436 2 2 1000 21 197 788 638
1437 2 2 1000 21 198 789 639
1438 2 2 1000 21 199 640 790
1439 2 2 1000 21 200 641 791
1440 2 2 1000 21 112 550 896
1441 2 2 1000 21 25 895 549
1442 2 2 1000 21 83 552 898
1443 2 2 1000 21 54 897 551
1444 2 2 1000 21 21 554 892
1445 2 2 1000 21 108 891 553
1446 2 2 1000 21 50 556 894
1447 2 2 1000 21 79 893 555
1448 2 2 1000 21 297 712 1085
1449 2 2 1000 21 298 713 1086
1450 2 2 1000 21 299 714 1087
1451 2 2 1000 21 300 715 1088
1452 2 2 1000 21 263 899 618
1453 2 2 1000 21 265 900 619
1454 2 2 1000 21 74 953 609
1455 2 2 1000 21 103 951 608
1456 2 2 1000 21 45 611 952
1457 2 2 1000 21 16 610 950
1458 2 2 1000 21 59 949 613
1459 2 2 1000 21 30 947 612
1460 2 2 1000 21 88 615 948
1461 2 2 1000 21 117 614 946
1462 2 2 1000 21 308 840 536
1463 2 2 1000 21 309 841 537
1464 2 2 1000 21 310 842 538
1465 2 2 1000 21 311 843 539
1466 2 2 1000 21 417 706 1051
1467 2 2 1000 21 421 1053 708
1468 2 2 1000 21 419 705 1050
1469 2 2 1000 21 423 1052 707
1470 2 2 1000 21 418 702 1047
1471 2 2 1000 21 422 1049 704
1472 2 2 1000 21 420 701 1046
1473 2 2 1000 21 424 1048 703
1474 2 2 1000 21 406 899 523
1475 2 2 1000 21 408 900 524
1476 2 2 1000 21 372 1099 529
1477 2 2 1000 21 373 1101 530
1478 2 2 1000 21 374 1100 531
1479 2 2 1000 21 375 1102 532
1480 2 2 1000 21 150 151 925
1481 2 2 1000 21 159 160 927
1482 2 2 1000 21 141 142 926
1483 2 2 1000 21 132 133 928
1484 2 2 1000 21 437 793 669
1485 2 2 1000 21 438 794 670
1486 2 2 1000 21 439 671 795
1487 2 2 1000 21 440 796 672
1488 2 2 1000 21 143 144 748
1489 2 2 1000 21 152 153 749
1490 2 2 1000 21 134 135 750
1491 2 2 1000 21 125 126 751
1492 2 2 1000 21 201 954 513
1493 2 2 1000 21 202 956 514
1494 2 2 1000 21 203 515 955
1495 2 2 1000 21 204 516 957
1496 2 2 1000 21 241 529 1099
1497 2 2 1000 21 242 531 1100
1498 2 2 1000 21 243 530 1101
1499 2 2 1000 21 244 532 1102
1500 2 2 1000 21 144 844 748
1501 2 2 1000 21 153 846 749
1502 2 2 1000 21 135 845 750
1503 2 2 1000 21 126 847 751
1504 2 2 1000 21 167 579 884
1505 2 2 1000 21 168 580 885
1506 2 2 1000 21 171 583 886
1507 2 2 1000 21 172 584 887
1508 2 2 1000 21 248 514 942
1509 2 2 1000 21 246 513 944
1510 2 2 1000 21 247 943 516
1511 2 2 1000 21 245 945 515
1512 2 2 1000 21 297 1085 780
1513 2 2 1000 21 298 1086 781
1514 2 2 1000 21 299 1087 782
1515 2 2 1000 21 300 1088 783
1516 2 2 1000 21 308 536 856
1517 2 2 1000 21 309 537 857
1518 2 2 1000 21 310 538 858
1519 2 2 1000 21 311 539 859
1520 2 2 1000 21 253 1073 519
1521 2 2 1000 21 255 520 1075
1522 2 2 1000 21 254 1076 521
1523 2 2 1000 21 256 1074 522
1524 2 2 1000 21 6 574 1077
1525 2 2 1000 21 8 573 1078
1526 2 2 1000 21 7 576 1079
1527 2 2 1000 21 5 575 1080
1528 2 2 1000 21 327 884 579
1529 2 2 1000 21 328 885 580
1530 2 2 1000 21 331 886 583
1531 2 2 1000 21 332 887 584
1532 2 2 1000 21 185 1137 807
1533 2 2 1000 21 376 748 844
1534 2 2 1000 21 378 749 846
1535 2 2 1000 21 377 750 845
1536 2 2 1000 21 379 751 847
1537 2 2 1000 21 270 548 1104
1538 2 2 1000 21 205 525 1081
1539 2 2 1000 21 207 526 1082
1540 2 2 1000 21 206 527 1083
1541 2 2 1000 21 208 528 1084
1542 2 2 1000 21 384 1104 548
1543 2 2 1000 21 139 140 1040
1544 2 2 1000 21 148 149 1038
1545 2 2 1000 21 130 131 1041
1546 2 2 1000 21 157 158 1039
1547 2 2 1000 21 8 864 573
1548 2 2 1000 21 6 865 574
1549 2 2 1000 21 5 866 575
1550 2 2 1000 21 7 867 576
1551 2 2 1000 21 361 1081 525
1552 2 2 1000 21 362 1082 526
1553 2 2 1000 21 363 1083 527
1554 2 2 1000 21 364 1084 528
1555 2 2 1000 21 74 75 953
1556 2 2 1000 21 103 104 951
1557 2 2 1000 21 45 952 46
1558 2 2 1000 21 16 950 17
1559 2 2 1000 21 58 949 59
1560 2 2 1000 21 29 947 30
1561 2 2 1000 21 87 88 948
1562 2 2 1000 21 116 117 946
1563 2 2 1000 21 269 1130 533
1564 2 2 1000 21 271 1131 534
1565 2 2 1000 21 272 1132 535
1566 2 2 1000 21 162 937 628
1567 2 2 1000 21 358 752 709
1568 2 2 1000 21 359 753 710
1569 2 2 1000 21 360 754 711
1570 2 2 1000 21 197 620 788
1571 2 2 1000 21 198 621 789
1572 2 2 1000 21 199 790 622
1573 2 2 1000 21 200 791 623
1574 2 2 1000 21 325 536 905
1575 2 2 1000 21 326 537 906
1576 2 2 1000 21 329 538 907
1577 2 2 1000 21 330 539 908
1578 2 2 1000 21 312 638 732
1579 2 2 1000 21 313 639 733
1580 2 2 1000 21 314 734 640
1581 2 2 1000 21 315 735 641
1582 2 2 1000 21 316 642 736
1583 2 2 1000 21 317 643 737
1584 2 2 1000 21 318 738 644
1585 2 2 1000 21 319 739 645
1586 2 2 1000 21 372 529 983
1587 2 2 1000 21 373 530 984
1588 2 2 1000 21 374 531 985
1589 2 2 1000 21 375 532 986
1590 2 2 1000 21 389 1118 569
1591 2 2 1000 21 390 1119 570
1592 2 2 1000 21 391 571 1120
1593 2 2 1000 21 392 1121 572
1594 2 2 1000 21 167 1062 579
1595 2 2 1000 21 168 1063 580
1596 2 2 1000 21 171 1064 583
1597 2 2 1000 21 172 1065 584
1598 2 2 1000 21 149 665 1038
1599 2 2 1000 21 140 667 1040
1600 2 2 1000 21 158 666 1039
1601 2 2 1000 21 131 668 1041
1602 2 2 1000 21 241 1020 529
1603 2 2 1000 21 242 1021 531
1604 2 2 1000 21 243 1022 530
1605 2 2 1000 21 244 1023 532
1606 2 2 1000 21 325 1126 536
1607 2 2 1000 21 326 1127 537
1608 2 2 1000 21 329 1128 538
1609 2 2 1000 21 330 1129 539
1610 2 2 1000 21 305 746 772
1611 2 2 1000 21 306 745 773
1612 2 2 1000 21 307 747 774
1613 2 2 1000 21 162 916 548
1614 2 2 1000 21 393 585 1138
1615 2 2 1000 21 394 1139 586
1616 2 2 1000 21 395 587 1140
1617 2 2 1000 21 396 588 1141
1618 2 2 1000 21 1 1005 9
1619 2 2 1000 21 1 96 1005
1620 2 2 1000 21 4 1006 124
1621 2 2 1000 21 2 37 1007
1622 2 2 1000 21 4 67 1006
1623 2 2 1000 21 2 1007 38
1624 2 2 1000 21 3 66 1008
1625 2 2 1000 21 3 1008 95
1626 2 2 1000 21 177 1138 585
1627 2 2 1000 21 179 586 1139
1628 2 2 1000 21 178 1140 587
1629 2 2 1000 21 180 1141 588
1630 2 2 1000 21 384 1037 1104
1631 2 2 1000 21 389 772 746
1632 2 2 1000 21 390 773 745
1633 2 2 1000 21 392 774 747
1634 2 2 1000 21 333 569 880
1635 2 2 1000 21 334 570 881
1636 2 2 1000 21 336 882 571
1637 2 2 1000 21 338 572 883
1638 2 2 1000 21 320 779 792
1639 2 2 1000 21 358 533 1130
1640 2 2 1000 21 359 534 1131
1641 2 2 1000 21 360 535 1132
1642 2 2 1000 21 226 808 1055
1643 2 2 1000 21 230 810 1059
1644 2 2 1000 21 229 1058 809
1645 2 2 1000 21 232 811 1061
1646 2 2 1000 21 361 824 616
1647 2 2 1000 21 362 825 617
1648 2 2 1000 21 363 826 618
1649 2 2 1000 21 364 827 619
1650 2 2 1000 21 425 981 557
1651 2 2 1000 21 427 982 558
1652 2 2 1000 21 426 559 979
1653 2 2 1000 21 428 560 980
1654 2 2 1000 21 429 977 561
1655 2 2 1000 21 431 978 562
1656 2 2 1000 21 430 563 975
1657 2 2 1000 21 432 564 976
1658 2 2 1000 21 565 1134 967
1659 2 2 1000 21 566 968 1136
1660 2 2 1000 21 567 1133 969
1661 2 2 1000 21 568 970 1135
1662 2 2 1000 21 409 693 1107
1663 2 2 1000 21 410 695 1106
1664 2 2 1000 21 411 694 1109
1665 2 2 1000 21 412 696 1108
1666 2 2 1000 21 501 962 658
1667 2 2 1000 21 502 963 659
1668 2 2 1000 21 503 964 660
1669 2 2 1000 21 72 558 982
1670 2 2 1000 21 101 557 981
1671 2 2 1000 21 43 980 560
1672 2 2 1000 21 14 979 559
1673 2 2 1000 21 61 562 978
1674 2 2 1000 21 32 561 977
1675 2 2 1000 21 90 976 564
1676 2 2 1000 21 119 975 563
1677 2 2 1000 21 144 145 844
1678 2 2 1000 21 135 136 845
1679 2 2 1000 21 153 154 846
1680 2 2 1000 21 126 127 847
1681 2 2 1000 21 391 792 779
1682 2 2 1000 21 116 946 541
1683 2 2 1000 21 29 540 947
1684 2 2 1000 21 87 948 543
1685 2 2 1000 21 58 542 949
1686 2 2 1000 21 17 950 545
1687 2 2 1000 21 104 544 951
1688 2 2 1000 21 46 952 547
1689 2 2 1000 21 75 546 953
1690 2 2 1000 21 305 709 752
1691 2 2 1000 21 306 710 753
1692 2 2 1000 21 307 711 754
1693 2 2 1000 21 425 557 1054
1694 2 2 1000 21 426 1055 559
1695 2 2 1000 21 427 558 1056
1696 2 2 1000 21 428 1057 560
1697 2 2 1000 21 429 561 1058
1698 2 2 1000 21 430 1059 563
1699 2 2 1000 21 431 562 1060
1700 2 2 1000 21 432 1061 564
1701 2 2 1000 21 197 565 987
1702 2 2 1000 21 198 567 988
1703 2 2 1000 21 199 989 566
1704 2 2 1000 21 200 990 568
1705 2 2 1000 21 325 577 1126
1706 2 2 1000 21 326 578 1127
1707 2 2 1000 21 329 581 1128
1708 2 2 1000 21 330 582 1129
1709 2 2 1000 21 380 1078 573
1710 2 2 1000 21 382 1077 574
1711 2 2 1000 21 381 1080 575
1712 2 2 1000 21 383 1079 576
1713 2 2 1000 21 341 987 565
1714 2 2 1000 21 343 566 989
1715 2 2 1000 21 342 988 567
1716 2 2 1000 21 344 568 990
1717 2 2 1000 21 165 1126 577
1718 2 2 1000 21 166 1127 578
1719 2 2 1000 21 169 1128 581
1720 2 2 1000 21 170 1129 582
1721 2 2 1000 21 197 1134 565
1722 2 2 1000 21 199 566 1136
1723 2 2 1000 21 198 1133 567
1724 2 2 1000 21 200 568 1135
1725 2 2 1000 21 482 884 1016
1726 2 2 1000 21 483 885 1017
1727 2 2 1000 21 484 886 1018
1728 2 2 1000 21 485 887 1019
1729 2 2 1000 21 327 1016 884
1730 2 2 1000 21 328 1017 885
1731 2 2 1000 21 331 1018 886
1732 2 2 1000 21 332 1019 887
1733 2 2 1000 21 209 597 860
1734 2 2 1000 21 211 598 861
1735 2 2 1000 21 210 599 862
1736 2 2 1000 21 212 600 863
1737 2 2 1000 21 207 991 694
1738 2 2 1000 21 205 992 693
1739 2 2 1000 21 393 1009 585
1740 2 2 1000 21 394 586 1010
1741 2 2 1000 21 395 1011 587
1742 2 2 1000 21 396 1012 588
1743 2 2 1000 21 249 574 1107
1744 2 2 1000 21 250 573 1106
1745 2 2 1000 21 251 576 1109
1746 2 2 1000 21 252 575 1108
1747 2 2 1000 21 407 694 991
1748 2 2 1000 21 405 693 992
1749 2 2 1000 21 161 658 962
1750 2 2 1000 21 163 659 963
1751 2 2 1000 21 164 660 964
1752 2 2 1000 21 177 585 999
1753 2 2 1000 21 179 1000 586
1754 2 2 1000 21 178 587 1001
1755 2 2 1000 21 180 588 1002
1756 2 2 1000 21 301 697 1146
1757 2 2 1000 21 302 698 1147
1758 2 2 1000 21 303 699 1148
1759 2 2 1000 21 304 700 1149
1760 2 2 1000 21 257 1092 589
1761 2 2 1000 21 259 1093 590
1762 2 2 1000 21 260 1094 591
1763 2 2 1000 21 146 740 983
1764 2 2 1000 21 155 742 984
1765 2 2 1000 21 137 741 985
1766 2 2 1000 21 128 743 986
1767 2 2 1000 21 353 744 916
1768 2 2 1000 21 393 803 1009
1769 2 2 1000 21 394 1010 804
1770 2 2 1000 21 395 805 1011
1771 2 2 1000 21 396 806 1012
1772 2 2 1000 21 351 893 662
1773 2 2 1000 21 349 891 661
1774 2 2 1000 21 352 664 894
1775 2 2 1000 21 350 663 892
1776 2 2 1000 21 358 709 888
1777 2 2 1000 21 359 710 889
1778 2 2 1000 21 360 711 890
1779 2 2 1000 21 233 888 709
1780 2 2 1000 21 234 889 710
1781 2 2 1000 21 236 890 711
1782 2 2 1000 21 189 650 853
1783 2 2 1000 21 190 652 854
1784 2 2 1000 21 192 653 855
1785 2 2 1000 21 182 592 1095
1786 2 2 1000 21 186 594 1097
1787 2 2 1000 21 188 595 1098
1788 2 2 1000 21 80 662 893
1789 2 2 1000 21 109 661 891
1790 2 2 1000 21 51 894 664
1791 2 2 1000 21 22 892 663
1792 2 2 1000 21 6 1077 142
1793 2 2 1000 21 8 1078 151
1794 2 2 1000 21 7 1079 133
1795 2 2 1000 21 5 1080 160
1796 2 2 1000 21 291 592 996
1797 2 2 1000 21 295 594 997
1798 2 2 1000 21 296 595 998
1799 2 2 1000 21 493 999 646
1800 2 2 1000 21 495 647 1000
1801 2 2 1000 21 494 1001 648
1802 2 2 1000 21 496 1002 649
1803 2 2 1000 21 305 772 1089
1804 2 2 1000 21 306 773 1090
1805 2 2 1000 21 307 774 1091
1806 2 2 1000 21 289 1032 608
1807 2 2 1000 21 290 1033 609
1808 2 2 1000 21 292 611 1034
1809 2 2 1000 21 294 1035 613
1810 2 2 1000 21 333 918 608
1811 2 2 1000 21 334 917 609
1812 2 2 1000 21 335 610 920
1813 2 2 1000 21 336 611 919
1814 2 2 1000 21 337 922 612
1815 2 2 1000 21 338 921 613
1816 2 2 1000 21 339 614 924
1817 2 2 1000 21 340 615 923
1818 2 2 1000 21 201 1042 629
1819 2 2 1000 21 203 631 1044
1820 2 2 1000 21 202 1043 630
1821 2 2 1000 21 204 632 1045
1822 2 2 1000 21 8 152 864
1823 2 2 1000 21 6 143 865
1824 2 2 1000 21 5 125 866
1825 2 2 1000 21 7 134 867
1826 2 2 1000 21 301 799 697
1827 2 2 1000 21 302 800 698
1828 2 2 1000 21 303 801 699
1829 2 2 1000 21 304 802 700
1830 2 2 1000 21 409 876 693
1831 2 2 1000 21 411 877 694
1832 2 2 1000 21 410 878 695
1833 2 2 1000 21 412 879 696
1834 2 2 1000 21 258 596 1036
1835 2 2 1000 21 263 629 901
1836 2 2 1000 21 265 630 903
1837 2 2 1000 21 267 902 631
1838 2 2 1000 21 268 904 632
1839 2 2 1000 21 226 1055 775
1840 2 2 1000 21 229 776 1058
1841 2 2 1000 21 230 1059 777
1842 2 2 1000 21 232 1061 778
1843 2 2 1000 21 205 693 876
1844 2 2 1000 21 207 694 877
1845 2 2 1000 21 206 695 878
1846 2 2 1000 21 208 696 879
1847 2 2 1000 21 426 775 1055
1848 2 2 1000 21 429 1058 776
1849 2 2 1000 21 430 777 1059
1850 2 2 1000 21 432 778 1061
1851 2 2 1000 21 445 1095 808
1852 2 2 1000 21 446 809 1096
1853 2 2 1000 21 447 1097 810
1854 2 2 1000 21 448 1098 811
1855 2 2 1000 21 397 853 650
1856 2 2 1000 21 399 854 652
1857 2 2 1000 21 400 855 653
1858 2 2 1000 21 205 616 992
1859 2 2 1000 21 207 617 991
1860 2 2 1000 21 349 967 1134
1861 2 2 1000 21 350 1136 968
1862 2 2 1000 21 351 969 1133
1863 2 2 1000 21 352 1135 970
1864 2 2 1000 21 365 1150 601
1865 2 2 1000 21 366 1151 602
1866 2 2 1000 21 367 1152 603
1867 2 2 1000 21 368 1153 604
1868 2 2 1000 21 193 868 633
1869 2 2 1000 21 194 869 634
1870 2 2 1000 21 195 870 635
1871 2 2 1000 21 196 871 636
1872 2 2 1000 21 616 797 992
1873 2 2 1000 21 617 798 991
1874 2 2 1000 21 158 159 940
1875 2 2 1000 21 149 150 938
1876 2 2 1000 21 131 132 941
1877 2 2 1000 21 140 141 939
1878 2 2 1000 21 273 601 1150
1879 2 2 1000 21 274 602 1151
1880 2 2 1000 21 275 603 1152
1881 2 2 1000 21 276 604 1153
1882 2 2 1000 21 108 109 891
1883 2 2 1000 21 21 892 22
1884 2 2 1000 21 79 80 893
1885 2 2 1000 21 50 894 51
1886 2 2 1000 21 24 895 25
1887 2 2 1000 21 111 112 896
1888 2 2 1000 21 53 897 54
1889 2 2 1000 21 82 83 898
1890 2 2 1000 21 205 1081 616
1891 2 2 1000 21 207 1082 617
1892 2 2 1000 21 206 1083 618
1893 2 2 1000 21 208 1084 619
1894 2 2 1000 21 365 868 654
1895 2 2 1000 21 366 869 655
1896 2 2 1000 21 367 870 656
1897 2 2 1000 21 368 871 657
1898 2 2 1000 21 320 628 937
1899 2 2 1000 21 316 1051 706
1900 2 2 1000 21 318 708 1053
1901 2 2 1000 21 317 1050 705
1902 2 2 1000 21 319 707 1052
1903 2 2 1000 21 312 1047 702
1904 2 2 1000 21 314 704 1049
1905 2 2 1000 21 313 1046 701
1906 2 2 1000 21 315 703 1048
1907 2 2 1000 21 361 616 1081
1908 2 2 1000 21 362 617 1082
1909 2 2 1000 21 363 618 1083
1910 2 2 1000 21 364 619 1084
1911 2 2 1000 21 333 608 1032
1912 2 2 1000 21 334 609 1033
1913 2 2 1000 21 336 1034 611
1914 2 2 1000 21 338 613 1035
1915 2 2 1000 21 197 987 620
1916 2 2 1000 21 198 988 621
1917 2 2 1000 21 199 622 989
1918 2 2 1000 21 200 623 990
1919 2 2 1000 21 193 654 868
1920 2 2 1000 21 194 655 869
1921 2 2 1000 21 195 656 870
1922 2 2 1000 21 196 657 871
1923 2 2 1000 21 401 966 624
1924 2 2 1000 21 402 965 625
1925 2 2 1000 21 273 650 872
1926 2 2 1000 21 274 651 873
1927 2 2 1000 21 275 652 874
1928 2 2 1000 21 276 653 875
1929 2 2 1000 21 34 933 35
1930 2 2 1000 21 121 122 934
1931 2 2 1000 21 63 935 64
1932 2 2 1000 21 92 93 936
1933 2 2 1000 21 98 99 929
1934 2 2 1000 21 11 930 12
1935 2 2 1000 21 69 70 931
1936 2 2 1000 21 40 932 41
1937 2 2 1000 21 149 938 665
1938 2 2 1000 21 158 940 666
1939 2 2 1000 21 140 939 667
1940 2 2 1000 21 131 941 668
1941 2 2 1000 21 301 1024 848
1942 2 2 1000 21 302 1025 849
1943 2 2 1000 21 303 1026 850
1944 2 2 1000 21 304 1027 851
1945 2 2 1000 21 414 852 972
1946 2 2 1000 21 441 848 1024
1947 2 2 1000 21 442 849 1025
1948 2 2 1000 21 443 850 1026
1949 2 2 1000 21 444 851 1027
1950 2 2 1000 21 321 1066 673
1951 2 2 1000 21 322 1067 674
1952 2 2 1000 21 323 1068 675
1953 2 2 1000 21 324 1069 676
1954 2 2 1000 21 270 972 852
1955 2 2 1000 21 385 673 1066
1956 2 2 1000 21 386 674 1067
1957 2 2 1000 21 387 675 1068
1958 2 2 1000 21 388 676 1069
1959 2 2 1000 21 372 983 740
1960 2 2 1000 21 374 985 741
1961 2 2 1000 21 373 984 742
1962 2 2 1000 21 375 986 743
1963 2 2 1000 21 119 120 975
1964 2 2 1000 21 32 977 33
1965 2 2 1000 21 90 91 976
1966 2 2 1000 21 61 978 62
1967 2 2 1000 21 13 979 14
1968 2 2 1000 21 100 101 981
1969 2 2 1000 21 42 980 43
1970 2 2 1000 21 71 72 982
1971 2 2 1000 21 123 124 1115
1972 2 2 1000 21 36 1114 37
1973 2 2 1000 21 9 1111 10
1974 2 2 1000 21 96 97 1110
1975 2 2 1000 21 65 1116 66
1976 2 2 1000 21 94 95 1117
1977 2 2 1000 21 38 1113 39
1978 2 2 1000 21 67 68 1112
1979 2 2 1000 21 99 685 929
1980 2 2 1000 21 12 930 686
1981 2 2 1000 21 70 687 931
1982 2 2 1000 21 41 932 688
1983 2 2 1000 21 34 689 933
1984 2 2 1000 21 121 934 690
1985 2 2 1000 21 63 691 935
1986 2 2 1000 21 92 936 692
1987 2 2 1000 21 477 820 856
1988 2 2 1000 21 478 821 857
1989 2 2 1000 21 479 822 858
1990 2 2 1000 21 480 823 859
1991 2 2 1000 21 347 956 677
1992 2 2 1000 21 348 679 957
1993 2 2 1000 21 345 954 678
1994 2 2 1000 21 346 680 955
1995 2 2 1000 21 308 856 820
1996 2 2 1000 21 309 857 821
1997 2 2 1000 21 310 858 822
1998 2 2 1000 21 311 859 823
1999 2 2 1000 21 349 661 967
2000 2 2 1000 21 351 662 969
2001 2 2 1000 21 350 968 663
2002 2 2 1000 21 352 970 664
2003 2 2 1000 21 273 1142 650
2004 2 2 1000 21 274 1143 651
2005 2 2 1000 21 275 1144 652
2006 2 2 1000 21 276 1145 653
2007 2 2 1000 21 213 732 905
2008 2 2 1000 21 214 733 906
2009 2 2 1000 21 217 736 907
2010 2 2 1000 21 218 737 908
2011 2 2 1000 21 202 677 956
2012 2 2 1000 21 201 678 954
2013 2 2 1000 21 204 957 679
2014 2 2 1000 21 203 955 680
2015 2 2 1000 21 241 1099 1085
2016 2 2 1000 21 243 1101 1087
2017 2 2 1000 21 242 1100 1086
2018 2 2 1000 21 244 1102 1088
2019 2 2 1000 21 397 650 1142
2020 2 2 1000 21 398 651 1143
2021 2 2 1000 21 399 652 1144
2022 2 2 1000 21 400 653 1145
2023 2 2 1000 21 197 682 1134
2024 2 2 1000 21 198 681 1133
2025 2 2 1000 21 199 1136 684
2026 2 2 1000 21 200 1135 683
2027 2 2 1000 21 289 724 1032
2028 2 2 1000 21 290 725 1033
2029 2 2 1000 21 292 1034 726
2030 2 2 1000 21 294 727 1035
2031 2 2 1000 21 270 1104 637
2032 2 2 1000 21 509 1085 1099
2033 2 2 1000 21 511 1087 1101
2034 2 2 1000 21 510 1086 1100
2035 2 2 1000 21 512 1088 1102
2036 2 2 1000 21 389 812 1118
2037 2 2 1000 21 390 813 1119
2038 2 2 1000 21 391 1120 814
2039 2 2 1000 21 392 815 1121
2040 2 2 1000 21 162 771 916
2041 2 2 1000 21 353 916 771
2042 2 2 1000 21 453 831 937
2043 2 2 1000 21 185 1096 1137
2044 2 2 1000 21 365 1038 665
2045 2 2 1000 21 366 1039 666
2046 2 2 1000 21 367 1040 667
2047 2 2 1000 21 368 1041 668
2048 2 2 1000 21 358 1130 658
2049 2 2 1000 21 359 1131 659
2050 2 2 1000 21 360 1132 660
2051 2 2 1000 21 320 937 831
2052 2 2 1000 21 593 1137 1096
2053 2 2 1000 21 215 1016 734
2054 2 2 1000 21 216 1017 735
2055 2 2 1000 21 219 1018 738
2056 2 2 1000 21 220 1019 739
2057 2 2 1000 21 273 1150 654
2058 2 2 1000 21 274 1151 655
2059 2 2 1000 21 275 1152 656
2060 2 2 1000 21 276 1153 657
2061 2 2 1000 21 365 654 1150
2062 2 2 1000 21 366 655 1151
2063 2 2 1000 21 367 656 1152
2064 2 2 1000 21 368 657 1153
2065 2 2 1000 21 269 658 1130
2066 2 2 1000 21 271 659 1131
2067 2 2 1000 21 272 660 1132
2068 2 2 1000 21 167 832 1062
2069 2 2 1000 21 168 833 1063
2070 2 2 1000 21 171 834 1064
2071 2 2 1000 21 172 835 1065
2072 2 2 1000 21 273 654 1142
2073 2 2 1000 21 274 655 1143
2074 2 2 1000 21 275 656 1144
2075 2 2 1000 21 276 657 1145
2076 2 2 1000 21 519 1073 756
2077 2 2 1000 21 520 757 1075
2078 2 2 1000 21 522 1074 758
2079 2 2 1000 21 521 1076 755
2080 2 2 1000 21 167 1146 697
2081 2 2 1000 21 168 1147 698
2082 2 2 1000 21 171 1148 699
2083 2 2 1000 21 172 1149 700
2084 2 2 1000 21 225 1054 880
2085 2 2 1000 21 227 1056 881
2086 2 2 1000 21 228 882 1057
2087 2 2 1000 21 231 1060 883
2088 2 2 1000 21 536 840 905
2089 2 2 1000 21 537 841 906
2090 2 2 1000 21 538 842 907
2091 2 2 1000 21 539 843 908
2092 2 2 1000 21 504 1037 1103
2093 2 2 1000 21 349 1134 682
2094 2 2 1000 21 350 684 1136
2095 2 2 1000 21 351 1133 681
2096 2 2 1000 21 352 683 1135
2097 2 2 1000 21 384 1103 1037
2098 2 2 1000 21 569 1118 880
2099 2 2 1000 21 570 1119 881
2100 2 2 1000 21 571 882 1120
2101 2 2 1000 21 572 1121 883
2102 2 2 1000 21 241 1085 712
2103 2 2 1000 21 242 1086 713
2104 2 2 1000 21 243 1087 714
2105 2 2 1000 21 244 1088 715
2106 2 2 1000 21 631 902 1044
2107 2 2 1000 21 629 1042 901
2108 2 2 1000 21 632 904 1045
2109 2 2 1000 21 630 1043 903
2110 2 2 1000 21 529 1020 844
2111 2 2 1000 21 530 1022 846
2112 2 2 1000 21 531 1021 845
2113 2 2 1000 21 532 1023 847
2114 2 2 1000 21 376 844 1020
2115 2 2 1000 21 377 845 1021
2116 2 2 1000 21 378 846 1022
2117 2 2 1000 21 379 847 1023
2118 2 2 1000 21 213 905 840
2119 2 2 1000 21 214 906 841
2120 2 2 1000 21 217 907 842
2121 2 2 1000 21 218 908 843
2122 2 2 1000 21 585 1009 775
2123 2 2 1000 21 586 776 1010
2124 2 2 1000 21 587 1011 777
2125 2 2 1000 21 588 1012 778
2126 2 2 1000 21 353 1105 744
2127 2 2 1000 21 353 771 1036
2128 2 2 1000 21 369 1092 828
2129 2 2 1000 21 370 1093 829
2130 2 2 1000 21 371 1094 830
2131 2 2 1000 21 499 1004 798
2132 2 2 1000 21 497 1003 797
2133 2 2 1000 21 305 1089 709
2134 2 2 1000 21 306 1090 710
2135 2 2 1000 21 307 1091 711
2136 2 2 1000 21 161 962 828
2137 2 2 1000 21 163 963 829
2138 2 2 1000 21 164 964 830
2139 2 2 1000 21 369 828 962
2140 2 2 1000 21 370 829 963
2141 2 2 1000 21 371 830 964
2142 2 2 1000 21 313 733 1046
2143 2 2 1000 21 312 732 1047
2144 2 2 1000 21 315 1048 735
2145 2 2 1000 21 314 1049 734
2146 2 2 1000 21 317 737 1050
2147 2 2 1000 21 316 736 1051
2148 2 2 1000 21 319 1052 739
2149 2 2 1000 21 318 1053 738
2150 2 2 1000 21 405 992 797
2151 2 2 1000 21 407 991 798
2152 2 2 1000 21 226 775 1009
2153 2 2 1000 21 229 1010 776
2154 2 2 1000 21 230 777 1011
2155 2 2 1000 21 232 778 1012
2156 2 2 1000 21 405 797 1003
2157 2 2 1000 21 407 798 1004
2158 2 2 1000 21 574 865 1107
2159 2 2 1000 21 573 864 1106
2160 2 2 1000 21 576 867 1109
2161 2 2 1000 21 575 866 1108
2162 2 2 1000 21 97 763 1110
2163 2 2 1000 21 10 1111 764
2164 2 2 1000 21 68 765 1112
2165 2 2 1000 21 39 1113 766
2166 2 2 1000 21 36 767 1114
2167 2 2 1000 21 123 1115 768
2168 2 2 1000 21 65 769 1116
2169 2 2 1000 21 94 1117 770
2170 2 2 1000 21 409 1107 865
2171 2 2 1000 21 410 1106 864
2172 2 2 1000 21 411 1109 867
2173 2 2 1000 21 412 1108 866
2174 2 2 1000 21 209 860 1122
2175 2 2 1000 21 211 861 1123
2176 2 2 1000 21 210 862 1124
2177 2 2 1000 21 212 863 1125
2178 2 2 1000 21 384 744 1103
2179 2 2 1000 21 380 728 1122
2180 2 2 1000 21 381 730 1123
2181 2 2 1000 21 382 729 1124
2182 2 2 1000 21 383 731 1125
2183 2 2 1000 21 235 1103 744
2184 2 2 1000 21 465 756 1073
2185 2 2 1000 21 466 1075 757
2186 2 2 1000 21 467 755 1076
2187 2 2 1000 21 468 758 1074
2188 2 2 1000 21 235 744 1105
2189 2 2 1000 21 380 925 1078
2190 2 2 1000 21 381 927 1080
2191 2 2 1000 21 382 926 1077
2192 2 2 1000 21 383 928 1079
2193 2 2 1000 21 509 780 1085
2194 2 2 1000 21 510 781 1086
2195 2 2 1000 21 511 782 1087
2196 2 2 1000 21 512 783 1088
2197 2 2 1000 21 433 1110 763
2198 2 2 1000 21 433 764 1111
2199 2 2 1000 21 434 1112 765
2200 2 2 1000 21 435 766 1113
2201 2 2 1000 21 435 1114 767
2202 2 2 1000 21 434 768 1115
2203 2 2 1000 21 436 1116 769
2204 2 2 1000 21 436 770 1117
2205 2 2 1000 21 413 993 971
2206 2 2 1000 21 415 994 973
2207 2 2 1000 21 416 995 974
2208 2 2 1000 21 321 832 1066
2209 2 2 1000 21 322 833 1067
2210 2 2 1000 21 323 834 1068
2211 2 2 1000 21 324 835 1069
2212 2 2 1000 21 269 971 993
2213 2 2 1000 21 271 973 994
2214 2 2 1000 21 272 974 995
2215 2 2 1000 21 449 1062 832
2216 2 2 1000 21 450 1063 833
2217 2 2 1000 21 451 1064 834
2218 2 2 1000 21 452 1065 835
2219 2 2 1000 21 347 942 956
2220 2 2 1000 21 348 957 943
2221 2 2 1000 21 345 944 954
2222 2 2 1000 21 346 955 945
2223 2 2 1000 21 513 954 944
2224 2 2 1000 21 515 945 955
2225 2 2 1000 21 514 956 942
2226 2 2 1000 21 516 943 957
2227 2 2 1000 21 167 884 1146
2228 2 2 1000 21 168 885 1147
2229 2 2 1000 21 171 886 1148
2230 2 2 1000 21 172 887 1149
2231 2 2 1000 21 413 971 958
2232 2 2 1000 21 414 972 959
2233 2 2 1000 21 415 973 960
2234 2 2 1000 21 416 974 961
2235 2 2 1000 21 397 958 971
2236 2 2 1000 21 398 959 972
2237 2 2 1000 21 399 960 973
2238 2 2 1000 21 400 961 974
2239 2 2 1000 21 354 901 1042
2240 2 2 1000 21 355 1044 902
2241 2 2 1000 21 356 903 1043
2242 2 2 1000 21 357 1045 904
2243 2 2 1000 21 142 1077 926
2244 2 2 1000 21 151 1078 925
2245 2 2 1000 21 133 1079 928
2246 2 2 1000 21 160 1080 927
2247 2 2 1000 21 225 880 1118
2248 2 2 1000 21 227 881 1119
2249 2 2 1000 21 228 1120 882
2250 2 2 1000 21 231 883 1121
2251 2 2 1000 21 482 1146 884
2252 2 2 1000 21 483 1147 885
2253 2 2 1000 21 484 1148 886
2254 2 2 1000 21 485 1149 887
2255 2 2 1000 21 433 1005 1110
2256 2 2 1000 21 433 1111 1005
2257 2 2 1000 21 434 1006 1112
2258 2 2 1000 21 435 1113 1007
2259 2 2 1000 21 435 1007 1114
2260 2 2 1000 21 434 1115 1006
2261 2 2 1000 21 436 1008 1116
2262 2 2 1000 21 436 1117 1008
2263 2 2 1000 21 67 1112 1006
2264 2 2 1000 21 38 1007 1113
2265 2 2 1000 21 96 1110 1005
2266 2 2 1000 21 9 1005 1111
2267 2 2 1000 21 66 1116 1008
2268 2 2 1000 21 95 1008 1117
2269 2 2 1000 21 37 1114 1007
2270 2 2 1000 21 124 1006 1115
$EndElements
