$MeshFormat
2.2 0 8
$EndMeshFormat
$Nodes
1979
1 -1 -1 0
2 1 -1 0
3 1 1 0
4 -1 1 0
5 0.4 0 0
6 -0.4 0 0
7 0 0.4 0
8 0 -0.4 0
9 -0.9500000000001387 -1 0
10 -0.9000000000002774 -1 0
11 -0.8500000000004161 -1 0
12 -0.8000000000005548 -1 0
13 -0.7500000000006934 -1 0
14 -0.7000000000008322 -1 0
15 -0.6500000000009709 -1 0
16 -0.6000000000011096 -1 0
17 -0.5500000000012482 -1 0
18 -0.500000000001387 -1 0
19 -0.4500000000015257 -1 0
20 -0.4000000000016644 -1 0
21 -0.3500000000018031 -1 0
22 -0.3000000000019418 -1 0
23 -0.2500000000020806 -1 0
24 -0.2000000000022192 -1 0
25 -0.1500000000023578 -1 0
26 -0.1000000000024964 -1 0
27 -0.05000000000263527 -1 0
28 -2.752242878045763e-12 -1 0
29 0.04999999999736482 -1 0
30 0.09999999999750342 -1 0
31 0.149999999997642 -1 0
32 0.1999999999977808 -1 0
33 0.2499999999979194 -1 0
34 0.2999999999980583 -1 0
35 0.3499999999981969 -1 0
36 0.3999999999983355 -1 0
37 0.4499999999984743 -1 0
38 0.4999999999986129 -1 0
39 0.5499999999987515 -1 0
40 0.5999999999988903 -1 0
41 0.6499999999990291 -1 0
42 0.699999999999168 -1 0
43 0.7499999999993066 -1 0
44 0.7999999999994454 -1 0
45 0.849999999999584 -1 0
46 0.8999999999997226 -1 0
47 0.9499999999998614 -1 0
48 1 -0.9500000000001387 0
49 1 -0.9000000000002774 0
50 1 -0.8500000000004161 0
51 1 -0.8000000000005548 0
52 1 -0.7500000000006934 0
53 1 -0.7000000000008322 0
54 1 -0.6500000000009709 0
55 1 -0.6000000000011096 0
56 1 -0.5500000000012482 0
57 1 -0.500000000001387 0
58 1 -0.4500000000015257 0
59 1 -0.4000000000016644 0
60 1 -0.3500000000018031 0
61 1 -0.3000000000019418 0
62 1 -0.2500000000020806 0
63 1 -0.2000000000022192 0
64 1 -0.1500000000023578 0
65 1 -0.1000000000024964 0
66 1 -0.05000000000263527 0
67 1 -2.752242878045763e-12 0
68 1 0.04999999999736482 0
69 1 0.09999999999750342 0
70 1 0.149999999997642 0
71 1 0.1999999999977808 0
72 1 0.2499999999979194 0
73 1 0.2999999999980583 0
74 1 0.3499999999981969 0
75 1 0.3999999999983355 0
76 1 0.4499999999984743 0
77 1 0.4999999999986129 0
78 1 0.5499999999987515 0
79 1 0.5999999999988903 0
80 1 0.6499999999990291 0
81 1 0.699999999999168 0
82 1 0.7499999999993066 0
83 1 0.7999999999994454 0
84 1 0.849999999999584 0
85 1 0.8999999999997226 0
86 1 0.9499999999998614 0
87 -0.9500000000001387 1 0
88 -0.9000000000002774 1 0
89 -0.8500000000004161 1 0
90 -0.8000000000005548 1 0
91 -0.7500000000006934 1 0
92 -0.7000000000008322 1 0
93 -0.6500000000009709 1 0
94 -0.6000000000011096 1 0
95 -0.5500000000012482 1 0
96 -0.500000000001387 1 0
97 -0.4500000000015257 1 0
98 -0.4000000000016644 1 0
99 -0.3500000000018031 1 0
100 -0.3000000000019418 1 0
101 -0.2500000000020806 1 0
102 -0.2000000000022192 1 0
103 -0.1500000000023578 1 0
104 -0.1000000000024964 1 0
105 -0.05000000000263527 1 0
106 -2.752242878045763e-12 1 0
107 0.04999999999736482 1 0
108 0.09999999999750342 1 0
109 0.149999999997642 1 0
110 0.1999999999977808 1 0
111 0.2499999999979194 1 0
112 0.2999999999980583 1 0
113 0.3499999999981969 1 0
114 0.3999999999983355 1 0
115 0.4499999999984743 1 0
116 0.4999999999986129 1 0
117 0.5499999999987515 1 0
118 0.5999999999988903 1 0
119 0.6499999999990291 1 0
120 0.699999999999168 1 0
121 0.7499999999993066 1 0
122 0.7999999999994454 1 0
123 0.849999999999584 1 0
124 0.8999999999997226 1 0
125 0.9499999999998614 1 0
126 -1 -0.9500000000001387 0
127 -1 -0.9000000000002774 0
128 -1 -0.8500000000004161 0
129 -1 -0.8000000000005548 0
130 -1 -0.7500000000006934 0
131 -1 -0.7000000000008322 0
132 -1 -0.6500000000009709 0
133 -1 -0.6000000000011096 0
134 -1 -0.5500000000012482 0
135 -1 -0.500000000001387 0
136 -1 -0.4500000000015257 0
137 -1 -0.4000000000016644 0
138 -1 -0.3500000000018031 0
139 -1 -0.3000000000019418 0
140 -1 -0.2500000000020806 0
141 -1 -0.2000000000022192 0
142 -1 -0.1500000000023578 0
143 -1 -0.1000000000024964 0
144 -1 -0.05000000000263527 0
145 -1 -2.752242878045763e-12 0
146 -1 0.04999999999736482 0
147 -1 0.09999999999750342 0
148 -1 0.149999999997642 0
149 -1 0.1999999999977808 0
150 -1 0.2499999999979194 0
151 -1 0.2999999999980583 0
152 -1 0.3499999999981969 0
153 -1 0.3999999999983355 0
154 -1 0.4499999999984743 0
155 -1 0.4999999999986129 0
156 -1 0.5499999999987515 0
157 -1 0.5999999999988903 0
158 -1 0.6499999999990291 0
159 -1 0.699999999999168 0
160 -1 0.7499999999993066 0
161 -1 0.7999999999994454 0
162 -1 0.849999999999584 0
163 -1 0.8999999999997226 0
164 -1 0.9499999999998614 0
165 0.3970835496392408 0.04821467210197134 0
166 0.3883767269704785 0.0957262657147893 0
167 0.3740064970742955 0.1418419548166727 0
168 0.3541824102615063 0.1858892688170839 0
169 0.3291935463577941 0.227225898691982 0
170 0.2994042992689017 0.2652490632957974 0
171 0.2652490632968509 0.2994042992679684 0
172 0.227225898692942 0.3291935463571315 0
173 0.1858892688178987 0.3541824102610787 0
174 0.141841954817311 0.3740064970740534 0
175 0.09572626571519476 0.3883767269703786 0
176 0.04821467210220406 0.3970835496392126 0
177 -0.04821467210197134 0.3970835496392408 0
178 -0.0957262657147893 0.3883767269704785 0
179 -0.1418419548166727 0.3740064970742955 0
180 -0.1858892688170839 0.3541824102615063 0
181 -0.227225898691982 0.3291935463577941 0
182 -0.2652490632957974 0.2994042992689017 0
183 -0.2994042992679684 0.2652490632968509 0
184 -0.3291935463571315 0.227225898692942 0
185 -0.3541824102610787 0.1858892688178987 0
186 -0.3740064970740534 0.141841954817311 0
187 -0.3883767269703786 0.09572626571519476 0
188 -0.3970835496392126 0.04821467210220406 0
189 -0.3970835496392408 -0.04821467210197134 0
190 -0.3883767269704785 -0.0957262657147893 0
191 -0.3740064970742955 -0.1418419548166727 0
192 -0.3541824102615063 -0.1858892688170839 0
193 -0.3291935463577941 -0.227225898691982 0
194 -0.2994042992689017 -0.2652490632957974 0
195 -0.2652490632968509 -0.2994042992679684 0
196 -0.227225898692942 -0.3291935463571315 0
197 -0.1858892688178987 -0.3541824102610787 0
198 -0.141841954817311 -0.3740064970740534 0
199 -0.09572626571519476 -0.3883767269703786 0
200 -0.04821467210220406 -0.3970835496392126 0
201 0.04821467210197134 -0.3970835496392408 0
202 0.0957262657147893 -0.3883767269704785 0
203 0.1418419548166727 -0.3740064970742955 0
204 0.1858892688170839 -0.3541824102615063 0
205 0.227225898691982 -0.3291935463577941 0
206 0.2652490632957974 -0.2994042992689017 0
207 0.2994042992679684 -0.2652490632968509 0
208 0.3291935463571315 -0.227225898692942 0
209 0.3541824102610787 -0.1858892688178987 0
210 0.3740064970740534 -0.141841954817311 0
211 0.3883767269703786 -0.09572626571519476 0
212 0.3970835496392126 -0.04821467210220406 0
213 -0.5697851153104815 -0.5774382728241051 0
214 -0.5774382728241325 0.5697851153104521 0
215 0.5774382728241009 -0.5697851153104325 0
216 0.5697851153104023 0.5774382728241285 0
217 -0.678577790362516 -0.265121996684166 0
218 -0.2677906759625951 -0.6745857297174744 0
219 -0.2651219966841665 0.6785777903625165 0
220 0.6745857297174787 -0.2677906759625714 0
221 0.2651219966841165 -0.6785777903626534 0
222 -0.6745857297176031 0.2677906759625353 0
223 0.678577790362654 0.2651219966841171 0
224 0.267790675962511 0.6745857297176074 0
225 -0.7259979958463928 0.003315454138030648 0
226 -1.126477586991174e-12 -0.7271073986994937 0
227 0.003315454138016012 0.7259979958463999 0
228 0.7271073986995039 -1.114374342966162e-12 0
229 -0.7489817936974699 -0.7590085993961228 0
230 0.7536977049169142 -0.7536977049169348 0
231 -0.7590085993961353 0.7489817936974507 0
232 0.7489817936974068 0.7590085993961109 0
233 -0.4689748028033021 -0.7756560323429668 0
234 0.7756560323429561 -0.4689748028032975 0
235 -0.7756560323431196 0.4689748028033526 0
236 -0.7753741729796856 -0.4647786881789089 0
237 0.4689748028033468 0.775656032343109 0
238 -0.4647786881789097 0.7753741729796856 0
239 0.4647786881789033 -0.7753741729797736 0
240 0.7753741729797732 0.464778688178905 0
241 -0.4849730943598963 -0.3828990708113189 0
242 -0.3828990708113372 0.4849730943598955 0
243 0.3828990708113107 -0.4849730943598959 0
244 0.4849730943598952 0.3828990708113288 0
245 -0.3334317611100743 -0.486887098643662 0
246 0.4868870986436704 -0.3334317611100633 0
247 -0.4868870986437368 0.3334317611100633 0
248 0.3334317611100522 0.4868870986437455 0
249 -0.574585505371912 -0.1122342412399256 0
250 -0.1122342412399238 0.5745855053719113 0
251 0.1122342412398876 -0.5745855053719443 0
252 0.574585505371944 0.1122342412398856 0
253 -0.109229663561509 -0.5750844215710739 0
254 0.575084421571076 -0.1092296635614861 0
255 -0.5750844215710958 0.1092296635614918 0
256 0.1092296635614682 0.575084421571098 0
257 -0.8145334407308883 -0.1559238730113206 0
258 -0.1559238730136019 -0.814533440730878 0
259 -0.1559238730113308 0.8145334407308932 0
260 0.8145334407308826 -0.1559238730135866 0
261 -0.817734839636987 0.1604535607297319 0
262 0.1570042545621462 -0.8218883498770329 0
263 0.8218883498770363 0.1570042545621579 0
264 0.1604535607297125 0.8177348396369912 0
265 -0.3186216206225369 -0.8382182253003198 0
266 0.8382182253003133 -0.3186216206225282 0
267 -0.8382182253004451 -0.3186216206197736 0
268 -0.3186216206197802 0.8382182253004505 0
269 -0.8382182253006347 0.3186216206225155 0
270 0.3186216206225061 0.8382182253006284 0
271 0.3186216206197501 -0.8382182253007596 0
272 0.838218225300765 0.3186216206197565 0
273 -0.4191822853578852 -0.623809515068746 0
274 0.6238095150687459 -0.4191822853578653 0
275 -0.6238095150688565 0.4191822853578704 0
276 0.4191822853578505 0.6238095150688565 0
277 -0.8406474813626571 -0.6152024407884173 0
278 -0.6152024407884258 0.8406474813626534 0
279 0.6152024407885252 -0.8406474813628064 0
280 0.8406474813628029 0.6152024407885339 0
281 -0.6194467662169861 -0.8419799733221349 0
282 0.8419799733221249 -0.619446766216984 0
283 -0.8419799733222473 0.6194467662171027 0
284 0.6194467662171005 0.8419799733222368 0
285 -0.6341657483259588 -0.4140765171760201 0
286 -0.4140765171760196 0.6341657483259591 0
287 0.4140765171760115 -0.6341657483260249 0
288 0.6341657483260248 0.4140765171760111 0
289 -0.4891122502840097 -0.2323118155630733 0
290 -0.2323118155630763 0.4891122502840094 0
291 0.2323118155630524 -0.4891122502840324 0
292 0.4891122502840324 0.2323118155630552 0
293 -0.8578579915131499 -0.8593263122318686 0
294 0.8566197643011408 -0.8652180667584509 0
295 -0.8593263122319005 0.8578579915131278 0
296 0.8578579915131718 0.8593263122318987 0
297 -0.8617525282588581 -0.007558553287393224 0
298 -0.007558553287408496 0.8617525282588616 0
299 -0.008053824704848155 -0.8622197521059759 0
300 0.862219752105978 -0.008053824704835098 0
301 -0.627954877473456 -0.7052588835205794 0
302 0.7052588835205521 -0.6279548774734218 0
303 -0.7052588835207007 0.6279548774733344 0
304 0.6279548774733007 0.7052588835206726 0
305 -0.7175793043618488 -0.5956624930186587 0
306 -0.5956624930186772 0.7175793043618591 0
307 0.5956624930186993 -0.7175793043618458 0
308 0.7175793043618559 0.5956624930187181 0
309 -0.2016443008632242 -0.4868892922108078 0
310 0.4868892922108174 -0.2016443008632127 0
311 -0.4868892922108225 0.2016443008632063 0
312 0.2016443008631946 0.4868892922108324 0
313 -0.474986349659307 -0.507513597877099 0
314 -0.5075135978771396 0.4749863496592307 0
315 0.5075135978770758 -0.4749863496592511 0
316 0.4749863496591741 0.5075135978771158 0
317 -0.6921487292401368 -0.1417233115134425 0
318 -0.1417233115134386 0.6921487292401404 0
319 -0.1421655818045632 -0.6885460394527368 0
320 0.6885460394527414 -0.142165581804542 0
321 0.1405868815274299 -0.6839163804298946 0
322 0.683916380429898 0.1405868815274293 0
323 -0.6806163275028123 0.1438438792251009 0
324 0.1438438792250781 0.6806163275028154 0
325 -0.359775451390986 -0.3787293887456633 0
326 -0.3787293887457169 0.3597754513909762 0
327 0.3787293887456712 -0.3597754513909695 0
328 0.3597754513909596 0.3787293887457251 0
329 -0.5117780438876254 0.00762628042758044 0
330 -0.007626280427597192 -0.5117780438876143 0
331 0.007626280427573667 0.5117780438876172 0
332 0.5117780438876064 -0.00762628042759076 0
333 -0.875487877215636 -0.7409233375409201 0
334 -0.740923337540939 0.8754878772156283 0
335 0.7296395340851711 -0.8781735548050694 0
336 0.8754878772153506 0.7409233375409842 0
337 -0.7294376539488767 -0.8881552199878295 0
338 0.8886604112762894 -0.7318027683998054 0
339 -0.8881552199876486 0.72943765394872 0
340 0.7294376539487064 0.8881552199876379 0
341 -0.8850200973917141 -0.4262886563781261 0
342 -0.4262886563781324 0.8850200973917149 0
343 -0.4261725968775081 -0.8823440694573266 0
344 0.8823440694573217 -0.4261725968775028 0
345 0.426288656378003 -0.8850200973914422 0
346 0.8850200973914429 0.4262886563780092 0
347 -0.8823440694571324 0.4261725968774105 0
348 0.4261725968774049 0.8823440694571276 0
349 -0.3690414031427712 -0.735506106783867 0
350 0.7355061067838591 -0.3690414031427617 0
351 -0.7355061067840896 0.3690414031427219 0
352 0.3690414031427114 0.735506106784082 0
353 -0.7304852444452822 -0.3697943687553504 0
354 -0.3697943687553501 0.7304852444452828 0
355 0.3697943687553429 -0.7304852444454584 0
356 0.730485244445459 0.3697943687553427 0
357 -0.5720696220848418 -0.3014670823292259 0
358 -0.3014670823292273 0.5720696220848444 0
359 0.3014670823292339 -0.5720696220849174 0
360 0.57206962208492 0.3014670823292352 0
361 -0.5213775160551402 -0.6799025091653318 0
362 0.6799025091653229 -0.5213775160551161 0
363 -0.6799025091654889 0.5213775160550955 0
364 0.5213775160550713 0.6799025091654805 0
365 0.07768896482965421 -0.8911346626168938 0
366 0.8911346626168936 0.07768896482966391 0
367 -0.8911346626165924 0.07768896483188129 0
368 0.07768896483186585 0.8911346626165956 0
369 -0.8958850101437918 -0.2295578551129265 0
370 -0.2295578551129353 0.895885010143794 0
371 -0.229557855115572 -0.8958850101433482 0
372 0.8958850101433476 -0.2295578551155651 0
373 0.2315873901912821 -0.9018824969187044 0
374 0.9018824969187056 0.2315873901912904 0
375 -0.9018824969183111 0.2315873901939383 0
376 0.23158739019393 0.9018824969183112 0
377 -0.6207334720441546 -0.02549187720079603 0
378 -0.02549187720079525 0.6207334720441516 0
379 0.02549187720074005 -0.6207334720441616 0
380 0.620733472044159 0.02549187720073924 0
381 -0.2621542536382109 -0.5654824317842007 0
382 0.5654824317842074 -0.2621542536381992 0
383 -0.5654824317842838 0.2621542536381718 0
384 0.2621542536381598 0.5654824317842906 0
385 -0.9028580018622843 -0.524644320741517 0
386 -0.5246443207415259 0.9028580018622833 0
387 0.5246443207414044 -0.9028580018622898 0
388 0.9028580018622885 0.5246443207414132 0
389 -0.5300630381517939 -0.8974080803133657 0
390 0.8974080803133641 -0.5300630381517921 0
391 -0.8974080803130079 0.5300630381515919 0
392 0.5300630381515896 0.8974080803130057 0
393 -0.5924644397706131 -0.2088236160872365 0
394 -0.2088236160872356 0.5924644397706137 0
395 0.2088236160872182 -0.5924644397706657 0
396 0.5924644397706662 0.2088236160872167 0
397 -0.3940529775576889 -0.2816209166373303 0
398 -0.2816209166373633 0.3940529775576795 0
399 0.2816209166373331 -0.394052977557698 0
400 0.3940529775576889 0.2816209166373661 0
401 -0.481655114084511 -0.1364428499848474 0
402 -0.136442849984847 0.4816551140845109 0
403 0.1364428499848162 -0.4816551140845296 0
404 0.4816551140845299 0.1364428499848156 0
405 -0.2437217788741227 -0.7736913495277542 0
406 0.773691349527759 -0.2437217788741061 0
407 -0.7736677558642249 -0.2437050148816217 0
408 -0.243705014881631 0.773667755864226 0
409 -0.7712224135745401 0.2459440140513393 0
410 0.2459440140513219 0.7712224135745449 0
411 0.2457159235044886 -0.7709457663403009 0
412 0.7709457663403023 0.2457159235044977 0
413 -0.2591666665902546 -0.4154014394808732 0
414 0.4154014394808782 -0.2591666665902452 0
415 -0.4154014394808885 0.259166666590272 0
416 0.2591666665902624 0.4154014394808937 0
417 -0.6404110219077472 -0.5145359003051692 0
418 -0.5145359003051857 0.640411021907749 0
419 0.5145359003052211 -0.6404110219077883 0
420 0.64041102190779 0.5145359003052379 0
421 -0.08846611460271017 -0.4827439636010311 0
422 0.4827439636010296 -0.08846611460270989 0
423 -0.48274396360104 0.0884661146027118 0
424 0.08846611460271149 0.4827439636010383 0
425 -0.1022987210678097 -0.915677936914854 0
426 0.9156779369148542 -0.1022987210678018 0
427 -0.9156779369145231 -0.1022987210660674 0
428 -0.1022987210660779 0.9156779369145284 0
429 0.05832280526758102 -0.7987175924031836 0
430 0.7987175924031855 0.05832280526759466 0
431 -0.790696076386795 0.05896268349373225 0
432 0.05896268349371774 0.7906960763868014 0
433 -0.5650486695032174 -0.4779206760869085 0
434 -0.4779206760869261 0.5650486695031744 0
435 0.4779206760869538 -0.5650486695032295 0
436 0.5650486695031867 0.4779206760869714 0
437 -0.7556054385346581 -0.08170485532236051 0
438 -0.08170485532236746 0.7556054385346647 0
439 -0.08508983617772331 -0.7573371984638086 0
440 0.7573371984638184 -0.08508983617770843 0
441 -0.5624842451822718 -0.7611057916040622 0
442 0.7611057916040532 -0.5624842451822608 0
443 -0.7611057916041549 0.5624842451823167 0
444 0.5624842451823051 0.7611057916041459 0
445 -0.7640893823675996 -0.6578351751725546 0
446 -0.6578351751725688 0.7640893823675868 0
447 0.6578351751725654 -0.7640893823676989 0
448 0.7640893823676856 0.6578351751725804 0
449 -0.4063120092704227 -0.4559488553465488 0
450 0.4559488553465263 -0.4063120092704059 0
451 -0.4559488553466028 0.4063120092704089 0
452 0.4063120092703918 0.45594885534658 0
453 -0.06656335659946801 -0.6527948563027464 0
454 0.6527948563027425 -0.06656335659946203 0
455 -0.6547543458689463 0.06467672675785968 0
456 0.06467672675784712 0.6547543458689469 0
457 -0.1867603152288409 -0.6169955577395881 0
458 0.6169955577395906 -0.1867603152288245 0
459 -0.6169955577396972 0.1867603152287837 0
460 0.1867603152287667 0.6169955577396995 0
461 -0.3253413091702085 -0.6176742921353904 0
462 0.6176742921354017 -0.3253413091701916 0
463 -0.6176742921354945 0.3253413091701635 0
464 0.3253413091701461 0.6176742921355061 0
465 -0.4032852042580378 -0.5420170383289707 0
466 0.5420170383289552 -0.4032852042580153 0
467 -0.5420170383290569 0.4032852042580142 0
468 0.4032852042579911 0.5420170383290414 0
469 -0.9148805357589253 -0.6574852986716269 0
470 -0.6574852986716421 0.9148805357589219 0
471 0.6574852986717888 -0.9148805357590938 0
472 0.9148805357590905 0.6574852986718049 0
473 -0.659038872776483 -0.913720382149573 0
474 0.9137203821495654 -0.6590388727764853 0
475 -0.9137203821495971 0.6590388727764931 0
476 0.6590388727764955 0.9137203821495894 0
477 -0.9135008037792979 -0.9179385913406641 0
478 0.9179385913406441 -0.913500803779362 0
479 -0.9179385913407356 0.9135008037792818 0
480 0.9135008037793457 0.9179385913407154 0
481 -0.6727251543237286 -0.7764672188983239 0
482 0.7730634438881528 -0.6683898844516398 0
483 -0.7764672188984145 0.6727251543237122 0
484 0.6727251543236944 0.7764672188983849 0
485 -0.7882905292549878 -0.5526568693876373 0
486 -0.5526568693876381 0.7882905292549891 0
487 0.5526568693877304 -0.7882905292550761 0
488 0.7882905292550769 0.552656869387732 0
489 -0.3486759125810469 -0.9163229296598229 0
490 0.9163229296598198 -0.3486759125810395 0
491 -0.9163229296599606 -0.3486759125780015 0
492 -0.3486759125780109 0.916322929659963 0
493 -0.916322929659908 0.3486759125812197 0
494 0.3486759125812121 0.9163229296599046 0
495 0.3486759125781771 -0.9163229296600447 0
496 0.9163229296600467 0.3486759125781858 0
497 -0.497995599748863 -0.5854742327222751 0
498 0.585474232722246 -0.4979955997488231 0
499 -0.5854742327223229 0.4979955997488431 0
500 0.4979955997488023 0.5854742327222935 0
501 -0.3949661894512964 -0.8097440823726628 0
502 0.8097440823726535 -0.3949661894512894 0
503 -0.8097440823729326 0.3949661894513283 0
504 0.3949661894513205 0.8097440823729239 0
505 -0.8096917935329757 -0.3949444319807156 0
506 -0.3949444319807167 0.8096917935329737 0
507 0.394944431980744 -0.8096917935332405 0
508 0.8096917935332396 0.3949444319807454 0
509 -0.4373497125149517 -0.7012518064123766 0
510 0.7012518064123743 -0.4373497125149405 0
511 -0.7012518064125393 0.4373497125149028 0
512 0.4373497125148909 0.7012518064125369 0
513 -0.916775839881534 -0.8079016235890344 0
514 -0.8079016235890594 0.9167758398815284 0
515 -0.8080847799352404 -0.9205754870201656 0
516 0.8044909612116123 -0.9188389027591083 0
517 0.9209129529739034 -0.8038974726327826 0
518 0.9167758398815222 0.8079016235889815 0
519 -0.9205754870201182 0.8080847799350735 0
520 0.808084779935091 0.9205754870201074 0
521 -0.6438342875304864 -0.6269405480444156 0
522 -0.6269405480445077 0.6438342875304839 0
523 0.6269405480443813 -0.6438342875304404 0
524 0.6438342875304374 0.6269405480444729 0
525 -0.9200927211798389 0.1548522440999325 0
526 0.1548522440999213 0.9200927211798366 0
527 0.1548522440974546 -0.9200927211799559 0
528 0.9200927211799568 0.1548522440974636 0
529 -0.6855615320516518 -0.06671306183064024 0
530 -0.06671306183064074 0.6855615320516458 0
531 0.06854880457758245 -0.6853321757845414 0
532 0.6853321757845412 0.06854880457758224 0
533 -0.4728252240233737 -0.05891406026976369 0
534 -0.05891406026976905 0.4728252240233675 0
535 0.05891406026973922 -0.4728252240233697 0
536 0.4728252240233638 0.05891406026974418 0
537 -0.4311286262794815 -0.1957539647700972 0
538 -0.1957539647700996 0.4311286262794811 0
539 0.1957539647700969 -0.4311286262794842 0
540 0.4311286262794839 0.1957539647700994 0
541 -0.5623684819307185 -0.3874636230383917 0
542 -0.3874636230383916 0.5623684819307184 0
543 0.387463623038426 -0.5623684819307277 0
544 0.5623684819307275 0.3874636230384262 0
545 -0.7033002110577882 -0.4479046579653145 0
546 -0.4479046579653192 0.7033002110577853 0
547 0.4479046579653211 -0.7033002110578992 0
548 0.703300211057896 0.4479046579653259 0
549 -0.6438615576567372 -0.3367927517516484 0
550 -0.3367927517516481 0.6438615576567376 0
551 0.3367927517516254 -0.643861557656873 0
552 0.6438615576568731 0.3367927517516256 0
553 -0.8296391785498763 -0.7865162034581663 0
554 -0.7865162034581819 0.8296391785498696 0
555 0.8187701163816723 -0.7864033596307513 0
556 0.8296391785498476 0.7865162034582316 0
557 -0.4918609776855858 -0.3033533231482731 0
558 -0.3033533231482843 0.491860977685586 0
559 0.303353323148268 -0.4918609776856112 0
560 0.4918609776856116 0.3033533231482793 0
561 -0.7262182830563768 0.07765524950751426 0
562 0.07765524950748474 0.7262182830563779 0
563 -0.9304354724351067 0.01380387377787915 0
564 0.0138038737778678 0.9304354724351088 0
565 0.01380387377612297 -0.9304354724352465 0
566 0.930435472435247 0.01380387377613122 0
567 -0.7013480592521081 -0.7067826701562696 0
568 -0.7067826701563338 0.7013480592520841 0
569 0.7067826701561808 -0.7013480592521055 0
570 0.7013480592520817 0.7067826701562455 0
571 -0.03966530992947485 -0.5813855074260899 0
572 -0.5813855074261052 0.03966530992944226 0
573 0.5813855074260794 -0.03966530992946504 0
574 0.03966530992943199 0.581385507426094 0
575 -0.5196438381573758 -0.8264345201627519 0
576 0.8264345201627505 -0.5196438381573636 0
577 -0.8264345201626355 0.5196438381573266 0
578 0.5196438381573149 0.8264345201626333 0
579 -0.1465578580362209 -0.4437903904431116 0
580 0.4437903904431105 -0.1465578580362194 0
581 -0.4437903904431113 0.1465578580362155 0
582 0.1465578580362142 0.4437903904431103 0
583 -0.8106394067086975 -0.7116479432314038 0
584 -0.7116479432314119 0.8106394067086894 0
585 0.7091811261258855 -0.8113187777655206 0
586 0.8106394067086746 0.711647943231527 0
587 -0.8446322681608607 -0.4818478986532508 0
588 -0.4818478986532552 0.8446322681608596 0
589 0.4818478986531077 -0.844632268160837 0
590 0.8446322681608358 0.4818478986531125 0
591 -0.7936106180328267 -0.01680652695285741 0
592 -0.01680652695287111 0.7936106180328335 0
593 -0.02054213482671943 -0.79407562431001 0
594 0.7940756243100147 -0.02054213482670585 0
595 -0.8366314086842263 -0.08450893777281759 0
596 -0.08450893777283021 0.8366314086842334 0
597 -0.08450893777506237 -0.8366314086842611 0
598 0.836631408684268 -0.08450893777504966 0
599 -0.1809458177513937 -0.5538418575486109 0
600 0.5538418575486194 -0.1809458177513789 0
601 -0.5538418575486664 0.1809458177513812 0
602 0.1809458177513657 0.5538418575486751 0
603 0.1203028969660849 -0.7594997004277744 0
604 0.7594997004277803 0.1203028969660982 0
605 -0.7239135910989234 -0.518199613181853 0
606 -0.5181996131818521 0.7239135910989232 0
607 0.5181996131819167 -0.7239135910990157 0
608 0.7239135910990154 0.5181996131819165 0
609 -0.5333845585288283 -0.1745089874057411 0
610 -0.1745089874057406 0.5333845585288286 0
611 0.1745089874057114 -0.5333845585288636 0
612 0.5333845585288642 0.1745089874057106 0
613 -0.9314782932101031 -0.5903003097190284 0
614 -0.5903003097190409 0.9314782932100987 0
615 0.5903003097189555 -0.9314782932097061 0
616 0.9314782932097013 0.5903003097189681 0
617 -0.5903003097207135 -0.9314782932102957 0
618 0.9314782932102932 -0.5903003097207149 0
619 -0.9314782932098935 0.5903003097206467 0
620 0.5903003097206475 0.9314782932098907 0
621 -0.211128735228279 -0.7060631610603785 0
622 0.7060631610603837 -0.2111287352282572 0
623 -0.7106188616034386 -0.2104699513806471 0
624 -0.2104699513806488 0.7106188616034417 0
625 -0.70740888305615 0.211364780506673 0
626 0.2113647805066505 0.7074088830561543 0
627 0.2065820028362858 -0.7169924453631145 0
628 0.7169924453631192 0.2065820028362884 0
629 -0.4261182197233774 -0.3508717828928514 0
630 -0.3508717828929006 0.4261182197233522 0
631 0.3508717828928629 -0.4261182197233483 0
632 0.4261182197233229 0.3508717828929122 0
633 -0.2966590061223381 -0.3556737741564029 0
634 0.3556737741564061 -0.2966590061223323 0
635 -0.3556737741564215 0.296659006122348 0
636 0.2966590061223419 0.3556737741564246 0
637 -0.9311329165364666 0.4810808682079558 0
638 0.481080868207952 0.9311329165364632 0
639 -0.4810808682084503 -0.9311329165363588 0
640 0.4789381087661073 -0.9329731228877733 0
641 0.9329731228877733 0.4789381087661148 0
642 0.9311329165363562 -0.4810808682084463 0
643 -0.9329731228876212 -0.4789381087664994 0
644 -0.4789381087665071 0.9329731228876212 0
645 -0.1739227708096989 -0.9358262687540471 0
646 0.9358262687540436 -0.17392277080969 0
647 -0.9358262687535254 -0.1739227708069429 0
648 -0.1739227708069565 0.9358262687535314 0
649 -0.6331343001329471 -0.1537514211410396 0
650 -0.153751421141038 0.6331343001329495 0
651 0.1536922567310647 -0.6327057105448123 0
652 0.6327057105448144 0.1536922567310627 0
653 -0.02605481077979424 -0.4608073432464189 0
654 -0.4608073432464261 0.02605481077979077 0
655 0.4608073432464176 -0.02605481077979499 0
656 0.02605481077979142 0.4608073432464248 0
657 -0.3477942683856858 -0.3070816005632799 0
658 -0.307081600563318 0.3477942683856702 0
659 0.3070816005632788 -0.3477942683856927 0
660 0.3477942683856772 0.3070816005633169 0
661 -0.5034174814155643 -0.4424985597015271 0
662 -0.4424985597015521 0.503417481415538 0
663 0.4424985597015216 -0.5034174814155544 0
664 0.503417481415528 0.4424985597015457 0
665 -0.576856538850246 -0.6403649481768683 0
666 -0.6403649481769422 0.5768565388501824 0
667 0.640364948176834 -0.5768565388501986 0
668 0.5768565388501345 0.6403649481769077 0
669 -0.3960314092715228 -0.6678582948411148 0
670 0.6678582948411168 -0.396031409271509 0
671 -0.6678582948412582 0.3960314092714906 0
672 0.3960314092714763 0.6678582948412601 0
673 -0.257253854143806 -0.5051850575432951 0
674 0.5051850575433018 -0.2572538541437941 0
675 -0.5051850575433522 0.2572538541437899 0
676 0.2572538541437778 0.5051850575433591 0
677 -0.2855334950513482 -0.9334664183628957 0
678 -0.9334664183635739 -0.2855334950486583 0
679 0.933466418362896 -0.2855334950513418 0
680 -0.2855334950486667 0.9334664183635728 0
681 -0.9314959736119777 0.2809262558056539 0
682 0.2809262558028701 -0.9314959736125955 0
683 0.2809262558056461 0.9314959736119774 0
684 0.9314959736125954 0.2809262558028781 0
685 -0.295446728758461 -0.7259117199626171 0
686 0.7259117199626206 -0.2954467287584462 0
687 -0.7259117199627557 0.2954467287584042 0
688 0.2954467287583887 0.7259117199627582 0
689 -0.9337613926768188 -0.05357840459967451 0
690 -0.05357840459969016 0.9337613926768209 0
691 -0.05357840460211691 -0.9337613926769933 0
692 0.9337613926769935 -0.05357840460210408 0
693 -0.7293812996375173 -0.2988239781647253 0
694 -0.2988239781647271 0.7293812996375142 0
695 0.2988239781647011 -0.7293812996376687 0
696 0.7293812996376658 0.2988239781647032 0
697 -0.7665394905024216 -0.8238943853422785 0
698 -0.8238943853422472 0.7665394905024381 0
699 0.7665394905023638 0.8238943853422207 0
700 -0.2085897472928142 -0.4133034359445983 0
701 -0.4133034359446077 0.208589747292825 0
702 0.4133034359445983 -0.2085897472928083 0
703 0.2085897472928189 0.4133034359446078 0
704 0.7824357062415371 -0.8451251068759655 0
705 -0.5705577033529182 -0.04120679045899707 0
706 -0.04120679045899739 0.5705577033529163 0
707 0.04120679045895603 -0.5705577033529271 0
708 0.5705577033529257 0.04120679045895626 0
709 -0.5550523668817607 -0.5342700315603546 0
710 -0.5342700315603843 0.555052366881733 0
711 0.5342700315603947 -0.5550523668817408 0
712 0.5550523668817126 0.5342700315604247 0
713 -0.7673711847362774 0.138054177155751 0
714 0.1380541771557303 0.7673711847362801 0
715 -0.8264931698578467 -0.2246456458384208 0
716 -0.2246456458384311 0.8264931698578489 0
717 -0.2246476415539063 -0.8264959786271313 0
718 0.8264959786271329 -0.2246476415538911 0
719 0.2165699329607554 -0.8319990208513627 0
720 0.8319990208513648 0.2165699329607664 0
721 -0.8321163351876986 0.2149847221968559 0
722 0.2149847221968392 0.8321163351877019 0
723 -0.3254708104912208 -0.5533105421291874 0
724 0.5533105421291972 -0.3254708104912066 0
725 -0.5533105421292736 0.3254708104911845 0
726 0.32547081049117 0.5533105421292837 0
727 -0.3327665714471196 -0.4298329067954899 0
728 0.4298329067954995 -0.3327665714471044 0
729 -0.42983290679556 0.3327665714471289 0
730 0.3327665714471134 0.4298329067955701 0
731 -0.677748070196982 -0.8354119155458726 0
732 0.8409599030106073 -0.6747310255891494 0
733 -0.835411915545923 0.6777480701970309 0
734 0.6777480701970207 0.8354119155459006 0
735 -0.7612432866895575 -0.164671095389352 0
736 -0.164671095389353 0.7612432866895615 0
737 -0.1652775475859802 -0.7636776275544721 0
738 0.7636776275544781 -0.1652775475859592 0
739 -0.9482246761185762 -0.7260966001745883 0
740 -0.7260966001745921 0.9482246761185706 0
741 0.7260966001734165 -0.9482246761183939 0
742 0.948224676118388 0.7260966001734204 0
743 -0.7258082471011443 -0.944518047261076 0
744 0.942826704766292 -0.7255003222127948 0
745 -0.9445180472609087 0.7258082471000121 0
746 0.7258082471000131 0.9445180472609034 0
747 -0.1231174894234042 -0.6340351336971983 0
748 0.634035133697199 -0.1231174894233862 0
749 -0.6339125109723301 0.1186774748617649 0
750 0.1186774748617443 0.633912510972332 0
751 -0.5491538569804706 -0.2589892179945499 0
752 -0.2589892179945507 0.5491538569804721 0
753 0.2589892179945498 -0.5491538569805133 0
754 0.5491538569805152 0.2589892179945505 0
755 -0.6137804930201254 -0.272953775753586 0
756 -0.2729537757535858 0.6137804930201261 0
757 0.2729537757535729 -0.6137804930202229 0
758 0.6137804930202229 0.2729537757535724 0
759 -0.6387739852514871 -0.07081464294768343 0
760 -0.07081464294768164 0.6387739852514853 0
761 0.07112060007212614 -0.6387357592069864 0
762 0.6387357592069856 0.07112060007212426 0
763 0.03646332221092341 -0.8576399964433534 0
764 -0.8571727725960696 0.03695859362834376 0
765 0.8576399964433535 0.0364633222109348 0
766 0.03695859362832795 0.8571727725960734 0
767 -0.6523918577973118 -0.2059913056379102 0
768 -0.2059913056379113 0.6523918577973147 0
769 0.2059913056379168 -0.6523918577974345 0
770 0.6523918577974375 0.2059913056379169 0
771 -0.6926530219311389 -0.6323092797954361 0
772 -0.6323092797955071 0.6926530219311502 0
773 0.6323092797954063 -0.6926530219311173 0
774 0.6926530219311284 0.6323092797954772 0
775 -0.468488031042548 -0.8442605752305408 0
776 0.8442605752305345 -0.4684880310425403 0
777 -0.8442605752305287 0.4684880310423887 0
778 0.4684880310423805 0.8442605752305226 0
779 -0.9404774781940421 -0.8571716320903601 0
780 -0.8571716320904048 0.9404774781940294 0
781 0.856964473296717 -0.9406027857061598 0
782 -0.8574960061358843 -0.9347894312060923 0
783 0.9404774781941463 0.8571716320903309 0
784 0.9356642695380679 -0.857039274816296 0
785 -0.9347894312061575 0.8574960061357055 0
786 0.8574960061357429 0.934789431206148 0
787 0.1831200278630874 -0.759137786191755 0
788 0.7591377861917609 0.1831200278630973 0
789 -0.1731612103723459 -0.8760471597637067 0
790 0.8760471597637057 -0.1731612103723417 0
791 -0.8760471597634243 -0.1731612103702171 0
792 -0.1731612103702249 0.8760471597634301 0
793 -0.8679464387378888 -0.6594675081572201 0
794 -0.6594675081572321 0.8679464387378824 0
795 0.6782285605034762 -0.8608646228733063 0
796 0.8679464387378359 0.6594675081573175 0
797 -0.4017329730554429 -0.941146065511872 0
798 0.9411460655118697 -0.4017329730554373 0
799 -0.9411460655119461 0.4017329730555494 0
800 0.4017329730555445 0.9411460655119436 0
801 -0.9411461068198379 -0.4017329897126998 0
802 -0.4017329897127088 0.941146106819839 0
803 0.4017329897128106 -0.9411461068199107 0
804 0.9411461068199116 0.4017329897128183 0
805 -0.05887591426873316 -0.70770797700716 0
806 0.707707977007166 -0.05887591426872298 0
807 -0.6403362382372222 -0.5728003866875971 0
808 -0.5728003866876433 0.6403362382372411 0
809 0.5728003866876088 -0.6403362382372058 0
810 0.6403362382372241 0.5728003866876548 0
811 -0.5097277678368793 -0.09239036103163714 0
812 -0.09239036103163736 0.509727767836876 0
813 0.09239036103160166 -0.5097277678368903 0
814 0.5097277678368876 0.09239036103160164 0
815 -0.2252426248593381 0.3856684660997362 0
816 -0.3856684660997415 -0.2252426248593265 0
817 0.3856684660997406 0.2252426248593389 0
818 0.2252426248593272 -0.3856684660997457 0
819 -0.5694960649535028 -0.7094978553379372 0
820 0.709497855337934 -0.5694960649534713 0
821 -0.7094978553381638 0.5694960649533815 0
822 0.56949606495335 0.7094978553381612 0
823 -0.5114056374312744 -0.7352205786409862 0
824 0.7352205786409802 -0.511405637431273 0
825 -0.7352205786411616 0.5114056374313573 0
826 0.5114056374313559 0.7352205786411568 0
827 0.7979295303249831 -0.7316113781190787 0
828 -0.8352081046677511 -0.5594739212496543 0
829 -0.5594739212496607 0.8352081046677501 0
830 0.5594739212497599 -0.8352081046677736 0
831 0.8352081046677723 0.5594739212497666 0
832 -0.1480907767775631 -0.4962017051936018 0
833 -0.4962017051936283 0.1480907767775779 0
834 0.496201705193602 -0.1480907767775584 0
835 0.1480907767775731 0.4962017051936283 0
836 0.1066546219764654 -0.8439589373873511 0
837 0.8439589373873531 0.1066546219764775 0
838 -0.8423906217111223 0.106397930607011 0
839 0.106397930606996 0.8423906217111279 0
840 -0.3296057606567193 -0.7819523769383248 0
841 0.7819523769383202 -0.3296057606567173 0
842 -0.7819523769385641 0.3296057606566135 0
843 0.3296057606566088 0.7819523769385592 0
844 -0.8627841808206581 -0.3712958264564628 0
845 -0.3712958264564716 0.8627841808206596 0
846 0.3712958264564131 -0.8627841808207669 0
847 0.8627841808207687 0.3712958264564208 0
848 -0.371760839058441 -0.8609787994851497 0
849 0.8609787994851449 -0.3717608390584339 0
850 -0.8609787994852712 0.3717608390584395 0
851 0.3717608390584318 0.8609787994852663 0
852 -0.7819398088484781 -0.3290775879982228 0
853 -0.3290775879982202 0.7819398088484791 0
854 0.3290775879981754 -0.7819398088487153 0
855 0.7819398088487169 0.3290775879981734 0
856 0.05353369126876307 -0.7355244890784003 0
857 0.735524489078402 0.05353369126877469 0
858 -0.7651349482124932 -0.6022750602420842 0
859 -0.6022750602420902 0.7651349482124949 0
860 0.6022750602421473 -0.765134948212547 0
861 0.7651349482125483 0.6022750602421534 0
862 -0.7418812506346583 -0.4215252482287427 0
863 -0.421525248228743 0.7418812506346586 0
864 0.4215252482287095 -0.7418812506347926 0
865 0.7418812506347926 0.4215252482287105 0
866 -0.5953231485956051 -0.513398785075254 0
867 0.5133987850753323 -0.5953231485956268 0
868 -0.5133987850752735 0.5953231485955885 0
869 0.5953231485956101 0.513398785075352 0
870 -0.6889595309981448 -0.3975465449657543 0
871 -0.3975465449657544 0.6889595309981456 0
872 0.3975465449657007 -0.6889595309982447 0
873 0.6889595309982445 0.3975465449656997 0
874 -0.6185616838398182 -0.7607585304208346 0
875 0.7605813243082419 -0.6183359825761627 0
876 -0.7607585304209479 0.6185616838398228 0
877 0.6185616838398105 0.7607585304209197 0
878 -0.4789168531467179 -0.6389119866819239 0
879 0.6389119866819147 -0.4789168531466898 0
880 -0.6389119866820546 0.4789168531466871 0
881 0.4789168531466586 0.6389119866820455 0
882 -0.01231252833957924 -0.6720368427287489 0
883 0.6720368427287562 -0.0123125283395759 0
884 -0.6720141348292862 0.01325649332588235 0
885 0.01325649332587901 0.6720141348292967 0
886 -0.3161023623672382 -0.6915239490759331 0
887 0.6915239490759354 -0.3161023623672208 0
888 -0.6915239490760834 0.3161023623671879 0
889 0.3161023623671697 0.6915239490760854 0
890 -0.2501559360941274 -0.6232765461601112 0
891 0.6232765461601165 -0.2501559360941095 0
892 -0.6232765461602104 0.2501559360940731 0
893 0.2501559360940546 0.623276546160216 0
894 -0.528781538915719 0.05445898353537228 0
895 -0.05445898353538114 -0.5287815389157032 0
896 0.05445898353536231 0.5287815389157089 0
897 0.5287815389156936 -0.05445898353537165 0
898 -0.4166883517651672 -0.7549007334881209 0
899 0.7549007334881155 -0.4166883517651578 0
900 -0.7549007334883199 0.4166883517651411 0
901 0.4166883517651307 0.7549007334883144 0
902 -0.5252408025191441 -0.3410057489723791 0
903 -0.3410057489723847 0.5252408025191485 0
904 0.3410057489723859 -0.5252408025191949 0
905 0.5252408025191994 0.3410057489723916 0
906 -0.771923575884755 0.1804073068182293 0
907 0.1804073068182084 0.7719235758847575 0
908 0.1833931406064633 -0.8717714598542596 0
909 0.8717714598542601 0.1833931406064753 0
910 -0.8715613288720749 0.1834901884743309 0
911 0.1834901884743159 0.8715613288720812 0
912 -0.8004661474931102 -0.8646700817008872 0
913 -0.8646700817008848 0.8004661474930894 0
914 0.8004661474930664 0.8646700817008522 0
915 -0.9513978957005396 0.07649681697807564 0
916 0.07649681697806975 0.9513978957005409 0
917 0.07649681697701743 -0.951397895700802 0
918 0.9513978957008017 0.07649681697702189 0
919 -0.4366411486728835 -0.403212795748208 0
920 -0.4032127957482564 0.4366411486728772 0
921 0.4032127957482078 -0.436641148672869 0
922 0.4366411486728624 0.4032127957482563 0
923 -0.4524349190184772 -0.5544593956839636 0
924 0.5544593956839429 -0.4524349190184417 0
925 -0.5544593956840278 0.4524349190184453 0
926 0.452434919018409 0.5544593956840077 0
927 -0.9437577842102396 0.2020481023410148 0
928 0.2020481023410047 0.943757784210238 0
929 0.2020481023383662 -0.9437577842103211 0
930 0.943757784210322 0.2020481023383742 0
931 -0.8805583043901934 -0.2817061801148927 0
932 -0.2817061801148982 0.880558304390195 0
933 -0.2817061801174237 -0.880558304389703 0
934 0.8805583043897017 -0.2817061801174179 0
935 0.2839590708996396 -0.8776783728121454 0
936 0.8776783728121483 0.2839590708996475 0
937 -0.8776783728119342 0.2839590709023485 0
938 0.2839590709023394 0.8776783728119317 0
939 -0.6127780025282374 -0.4667733116011014 0
940 -0.4667733116011172 0.6127780025282183 0
941 0.4667733116011374 -0.6127780025282803 0
942 0.6127780025282612 0.466773311601153 0
943 -0.9506114060006778 -0.2236819920849639 0
944 -0.2236819920849737 0.9506114060006772 0
945 -0.2236819920871887 -0.950611406000104 0
946 0.9506114060001045 -0.2236819920871822 0
947 0.1281056560413271 -0.4276148830692607 0
948 -0.4276148830692574 -0.1281056560413351 0
949 0.4276148830692595 0.1281056560413279 0
950 -0.1281056560413359 0.4276148830692562 0
951 -0.5614578493471454 -0.8532476210344236 0
952 0.8532476210344209 -0.5614578493471432 0
953 -0.8532476210343286 0.5614578493471231 0
954 0.5614578493471203 0.8532476210343248 0
955 -0.9531212468873123 0.5237208228757158 0
956 0.5237208228757118 0.9531212468873096 0
957 0.5219900209274905 -0.955216328405222 0
958 0.955216328405223 0.5219900209274986 0
959 -0.5237208228756148 -0.9531212468867682 0
960 0.9531212468867664 -0.5237208228756118 0
961 -0.9552163284047774 -0.5219900209281565 0
962 -0.5219900209281638 0.9552163284047777 0
963 -0.4391507171962181 -0.2469161074996797 0
964 -0.246916107499696 0.4391507171962176 0
965 0.2469161074996755 -0.4391507171962351 0
966 0.4391507171962348 0.2469161074996918 0
967 -0.3869086878185776 -0.5818613029418549 0
968 0.5818613029418579 -0.3869086878185558 0
969 -0.5818613029419583 0.3869086878185494 0
970 0.3869086878185273 0.5818613029419615 0
971 -0.5330454079411266 -0.6284891663699899 0
972 0.6284891663699694 -0.5330454079410828 0
973 -0.6284891663700874 0.5330454079410654 0
974 0.5330454079410207 0.6284891663700671 0
975 -0.2160159047429588 -0.5345223056749091 0
976 0.534522305674917 -0.2160159047429475 0
977 -0.5345223056749659 0.2160159047429349 0
978 0.2160159047429231 0.5345223056749739 0
979 -0.2725748583475824 -0.8228480604067535 0
980 0.822848060406753 -0.2725748583475716 0
981 -0.8228283905505919 -0.2725191739765082 0
982 -0.2725191739765153 0.8228283905505938 0
983 -0.8187034581097936 0.2666105092908656 0
984 0.2666105092908513 0.8187034581097949 0
985 0.2673832318414228 -0.8179665197830399 0
986 0.8179665197830415 0.2673832318414319 0
987 -0.4777460545294414 -0.8869126440031175 0
988 0.8869126440031116 -0.4777460545294363 0
989 -0.8869126440032201 0.4777460545290611 0
990 0.4777460545290558 0.8869126440032146 0
991 -0.3816917767254111 -0.4954680622475724 0
992 0.4954680622475511 -0.3816917767253936 0
993 -0.4954680622476354 0.3816917767253961 0
994 0.3816917767253781 0.4954680622476137 0
995 -0.9560315238583768 -0.1337210098963798 0
996 -0.1337210098963862 0.9560315238583805 0
997 -0.1337210098975044 -0.9560315238587199 0
998 0.9560315238587181 -0.1337210098974999 0
999 -0.4792173727860902 -0.1853034339630108 0
1000 -0.1853034339630105 0.4792173727860903 0
1001 0.1853034339629826 -0.4792173727860927 0
1002 0.479217372786093 0.1853034339629821 0
1003 -0.6938129412412047 -0.3349816705850417 0
1004 -0.3349816705850432 0.6938129412412044 0
1005 0.334981670585039 -0.6938129412413563 0
1006 0.6938129412413558 0.3349816705850409 0
1007 -0.2365835963194443 -0.3737003644164417 0
1008 0.3737003644164433 -0.2365835963194403 0
1009 -0.3737003644164485 0.2365835963194555 0
1010 0.2365835963194514 0.3737003644164502 0
1011 -0.1861610616142629 -0.669336671756494 0
1012 0.6693366717564979 -0.1861610616142409 0
1013 -0.6690461591931152 0.1864582967259988 0
1014 0.1864582967259755 0.6690461591931184 0
1015 -0.2369081274277041 -0.4565653211253312 0
1016 0.4565653211253367 -0.2369081274276938 0
1017 -0.4565653211253543 0.2369081274277074 0
1018 0.236908127427697 0.4565653211253601 0
1019 -0.7259814907441869 -0.7951342658229194 0
1020 -0.7951342658229308 0.7259814907441966 0
1021 0.7259814907441438 0.795134265822898 0
1022 0.7668490715960283 -0.8015265950471098 0
1023 -0.582693691086396 -0.1567576276449406 0
1024 -0.1567576276449397 0.5826936910863971 0
1025 0.1567533153701338 -0.5826624527782719 0
1026 0.5826624527782731 0.1567533153701324 0
1027 -0.4560634645943069 -0.4614919376552911 0
1028 0.4614919376552276 -0.4560634645942953 0
1029 -0.4614919376553318 0.4560634645942408 0
1030 0.456063464594229 0.4614919376552665 0
1031 -0.07557122722875723 -0.4383721907464271 0
1032 -0.4383721907464332 0.07557122722875827 0
1033 0.4383721907464257 -0.07557122722875713 0
1034 0.07557122722875817 0.4383721907464318 0
1035 -0.8153316264835736 -0.6674286060731168 0
1036 -0.6674286060731301 0.8153316264835635 0
1037 0.6629130234024385 -0.8087700828064897 0
1038 0.8153316264835915 0.6674286060732114 0
1039 0.8704464254678764 -0.78373703275522 0
1040 -0.8738926858421154 -0.7776644267655017 0
1041 -0.7776644267655239 0.8738926858421088 0
1042 0.8738926858419896 0.777664426765588 0
1043 -0.2927518725201774 -0.4594133272556742 0
1044 0.4594133272556819 -0.2927518725201625 0
1045 -0.4594133272556737 0.292751872520165 0
1046 0.2927518725201499 0.4594133272556821 0
1047 -0.4459558582557017 -0.01313359392419927 0
1048 -0.01313359392420208 0.4459558582556998 0
1049 0.01313359392418979 -0.4459558582556986 0
1050 0.4459558582556967 0.01313359392419238 0
1051 -0.6012182322721648 -0.3507543573747063 0
1052 -0.3507543573747064 0.6012182322721658 0
1053 0.3507543573747169 -0.6012182322722346 0
1054 0.6012182322722351 0.3507543573747176 0
1055 -0.7705289949825721 0.01420241988638305 0
1056 0.01420241988636681 0.7705289949825788 0
1057 -0.4281654243763693 -0.501478039861884 0
1058 0.5014780398617735 -0.428165424376347 0
1059 -0.5014780398618903 0.4281654243763345 0
1060 0.4281654243763116 0.501478039861777 0
1061 -0.6895372536741 -0.549689019778724 0
1062 -0.5496890197787496 0.6895372536741067 0
1063 0.5496890197787575 -0.6895372536741404 0
1064 0.6895372536741473 0.549689019778783 0
1065 -0.8928506758559231 -0.6174953228283467 0
1066 -0.6174953228283609 0.89285067585592 0
1067 -0.6154358442077665 -0.8889470330851991 0
1068 0.6177208430082289 -0.8914281068873187 0
1069 0.8889470330851955 -0.6154358442077689 0
1070 0.8928506758559405 0.6174953228286271 0
1071 -0.8889470330852626 0.6154358442081862 0
1072 0.6154358442081883 0.888947033085258 0
1073 -0.9564547139531114 0.777567514494106 0
1074 0.7775675144941167 0.9564547139531074 0
1075 0.7770166035521544 -0.9567830547191242 0
1076 0.9562827998514165 0.7759868077648051 0
1077 -0.7775675144947194 -0.9564547139531716 0
1078 0.9562290678629962 -0.7768183091295928 0
1079 -0.9562827998515444 -0.7759868077655216 0
1080 -0.7759868077655345 0.9562827998515411 0
1081 -0.8171564974697881 -0.4449268630946492 0
1082 -0.4449268630946502 0.8171564974697889 0
1083 0.4449268630946169 -0.8171564974697705 0
1084 0.8171564974697719 0.4449268630946187 0
1085 -0.7156502749935052 -0.1004048186102787 0
1086 -0.1004048186102762 0.7156502749935079 0
1087 -0.7279020157299575 -0.04857267264008958 0
1088 -0.04857267264010208 0.7279020157299601 0
1089 -0.9508842947217298 -0.9508842947217298 0
1090 0.9508842947217403 -0.9508842947217442 0
1091 -0.9508842947217497 0.9508842947217458 0
1092 0.9508842947217607 0.9508842947217607 0
1093 -0.586843825171645 -0.4295178296798334 0
1094 -0.4295178296798416 0.5868438251716325 0
1095 0.4295178296798672 -0.5868438251716654 0
1096 0.5868438251716527 0.4295178296798754 0
1097 -0.2889136592900705 -0.6109354337495463 0
1098 0.6109354337495553 -0.2889136592900547 0
1099 -0.6109354337496353 0.2889136592900276 0
1100 0.2889136592900115 0.6109354337496449 0
1101 -0.06715922024743017 -0.8778148902369132 0
1102 0.8778148902369176 -0.06715922024741791 0
1103 -0.8777808360206091 -0.06712312174545763 0
1104 -0.06712312174547233 0.8777808360206141 0
1105 -0.659095045811904 -0.1124388425910356 0
1106 -0.112438842591029 0.6590950458119056 0
1107 0.1085768281565406 -0.6617221212987074 0
1108 0.6617221212987097 0.1085768281565384 0
1109 -0.7928800899105749 -0.1981124656828624 0
1110 -0.1981124656828704 0.7928800899105778 0
1111 -0.1985113941722966 -0.7917355179866559 0
1112 0.7917355179866581 -0.1985113941722789 0
1113 -0.1044233186676755 -0.5234567494082055 0
1114 0.5234567494082046 -0.104423318667665 0
1115 -0.5234567494082282 0.1044233186676756 0
1116 0.1044233186676647 0.5234567494082272 0
1117 -0.4383854987326086 -0.08640621063535274 0
1118 0.08640621063533944 -0.4383854987326108 0
1119 -0.08640621063535496 0.4383854987326061 0
1120 0.4383854987326085 0.08640621063534151 0
1121 -0.1040235830696787 -0.7147610576139534 0
1122 0.7147610576139595 -0.104023583069662 0
1123 -0.6677541525790435 -0.6772089014334162 0
1124 -0.6772089014334952 0.6677541525790066 0
1125 0.6772089014333516 -0.6677541525790409 0
1126 0.6677541525790039 0.6772089014334306 0
1127 -0.9578223810987038 0.124578717336555 0
1128 0.1245787173365504 0.9578223810987041 0
1129 0.9578223810989945 0.1245787173354028 0
1130 0.1245787173353987 -0.9578223810989953 0
1131 -0.8608699049938634 -0.1300335903384202 0
1132 -0.1300335903384322 0.8608699049938698 0
1133 -0.1300381026531049 -0.8608741617710938 0
1134 0.8608741617710962 -0.1300381026530938 0
1135 -0.9555178588984146 -0.6318818753419942 0
1136 -0.631881875342007 0.9555178588984089 0
1137 -0.6318818753432671 -0.9555178588983951 0
1138 0.6318818753416656 -0.9555178588980037 0
1139 0.9555178588983925 -0.6318818753432698 0
1140 0.9555178588979985 0.6318818753416781 0
1141 -0.9555178588979816 0.631881875342944 0
1142 0.6318818753429466 0.9555178588979795 0
1143 -0.5288922860840485 -0.2935102118239055 0
1144 -0.2935102118239109 0.5288922860840546 0
1145 0.2935102118239085 -0.5288922860840907 0
1146 0.528892286084097 0.2935102118239139 0
1147 -0.9572778349689757 -0.321679909419208 0
1148 -0.3216799094192138 0.9572778349689759 0
1149 -0.3216799094211395 -0.9572778349686166 0
1150 0.9572778349686155 -0.3216799094211356 0
1151 0.3216184393299276 -0.9569776760838812 0
1152 0.9569776760838814 0.3216184393299338 0
1153 -0.9569776760834793 0.3216184393321481 0
1154 0.3216184393321428 0.9569776760834785 0
1155 -0.524108337906702 -0.04087732848932785 0
1156 -0.04087732848933138 0.5241083379066961 0
1157 0.04087732848929816 -0.524108337906703 0
1158 0.5241083379066974 0.04087732848930142 0
1159 0.1031826773076142 -0.7166789545781034 0
1160 0.7166789545781094 0.1031826773076134 0
1161 0.02188845823660326 -0.7727356083534291 0
1162 0.7727356083534314 0.02188845823661631 0
1163 -0.5905548463004711 -0.8030435114874246 0
1164 0.8030139771353193 -0.5905172294231886 0
1165 -0.8030435114874691 0.5905548463005268 0
1166 0.5905548463005181 0.8030435114874575 0
1167 -0.9539305264774789 -0.6776018254219066 0
1168 -0.6776018254219138 0.953930526477474 0
1169 -0.6767719419645173 -0.9558068501862353 0
1170 0.9555249597704336 -0.6767206211497944 0
1171 0.6776018254210399 -0.9539305264772775 0
1172 0.9539305264772727 0.6776018254210477 0
1173 -0.9558068501860415 0.6767719419636089 0
1174 0.6767719419636111 0.955806850186036 0
1175 -0.8779731520783238 0.132820263791204 0
1176 0.1328202637911892 0.8779731520783255 0
1177 0.1328202637888921 -0.8779731520784364 0
1178 0.877973152078436 0.1328202637889065 0
1179 -0.806645178246838 -0.506683975651987 0
1180 -0.5066839756519878 0.8066451782468358 0
1181 0.506683975652042 -0.8066451782469072 0
1182 0.8066451782469053 0.506683975652044 0
1183 -0.7825125685512904 -0.1190457805367907 0
1184 -0.119045780536797 0.7825125685512975 0
1185 -0.1198085239040872 -0.7833378224328278 0
1186 0.783337822432837 -0.1198085239040701 0
1187 -0.5153131735995443 -0.4871122983235933 0
1188 0.4871122983236041 -0.5153131735995247 0
1189 -0.4871122983236285 0.515313173599495 0
1190 0.515313173599475 0.4871122983236388 0
1191 -0.07641104030878924 -0.6076336315059309 0
1192 0.6076336315059259 -0.07641104030876381 0
1193 -0.6056329279603272 0.07227585987702931 0
1194 0.07227585987701593 0.6056329279603221 0
1195 -0.02878117486329673 -0.6261674297871729 0
1196 0.626167429787161 -0.02878117486330044 0
1197 -0.6261674297871838 0.02878117486323307 0
1198 0.02878117486323712 0.6261674297871704 0
1199 -0.214818045889711 -0.581842304006189 0
1200 0.5818423040061964 -0.2148180458897008 0
1201 -0.5818423040062617 0.2148180458896434 0
1202 0.2148180458896327 0.5818423040062692 0
1203 -0.7462807186731935 -0.7130878064773291 0
1204 -0.7130878064773601 0.746280718673174 0
1205 0.7081178362263614 -0.7457894150641049 0
1206 0.7462807186731892 0.7130878064773284 0
1207 -0.2612840208095598 0.3512227115339563 0
1208 -0.3512227115339625 -0.2612840208095432 0
1209 0.3512227115339606 0.2612840208095603 0
1210 0.2612840208095437 -0.3512227115339664 0
1211 -0.6861671132159111 0.09722961291474158 0
1212 0.09722961291471821 0.6861671132159184 0
1213 -0.3831828010542067 -0.4179912669346014 0
1214 0.4179912669346058 -0.3831828010541909 0
1215 -0.4179912669346631 0.383182801054207 0
1216 0.383182801054191 0.4179912669346677 0
1217 0.4729547518697824 -0.8880281556659795 0
1218 -0.8880281556658514 -0.472954751869794 0
1219 0.8880281556659786 0.4729547518697893 0
1220 -0.472954751869801 0.8880281556658518 0
1221 -0.5144757765080508 -0.7809222887968128 0
1222 0.780922288796809 -0.5144757765080472 0
1223 -0.7809222887968505 0.5144757765079648 0
1224 0.5144757765079592 0.7809222887968469 0
1225 -0.7977977097207563 0.1069230672462527 0
1226 0.1069230672462358 0.7977977097207651 0
1227 -0.15543037540778 -0.591109334416372 0
1228 0.5911093344163778 -0.1554303754077604 0
1229 -0.5911003969000364 0.1551067591860616 0
1230 0.1551067591860411 0.5911003969000426 0
1231 -0.2532382532672873 -0.720178585478367 0
1232 0.7201785854783753 -0.253238253267268 0
1233 -0.7207847307274213 0.252882944384099 0
1234 0.2528829443840795 0.7207847307274284 0
1235 -0.6646603175415877 -0.7318595565239588 0
1236 0.7302044901013566 -0.6650390108908877 0
1237 -0.7318595565240313 0.6646603175415317 0
1238 0.6646603175415735 0.7318595565239564 0
1239 -0.3875468821200544 -0.3338935299885496 0
1240 -0.3338935299885945 0.3875468821200433 0
1241 0.3338935299885518 -0.3875468821200515 0
1242 0.3875468821200405 0.3338935299885967 0
1243 -0.7099962557053791 -0.7470566862124871 0
1244 0.7536995746139366 -0.7085396071126312 0
1245 -0.7470566862125343 0.7099962557053581 0
1246 0.7099962557053481 0.7470566862124871 0
1247 -0.874432293371489 -0.896540520840301 0
1248 0.8945886133652859 -0.8738626566258481 0
1249 -0.8965405208403464 0.874432293371429 0
1250 0.8744322933714991 0.8965405208403381 0
1251 -0.03769106654095765 -0.7517243369754366 0
1252 0.7517243369754438 -0.03769106654095205 0
1253 -0.7194798851990116 -0.2553655648782664 0
1254 -0.2553655648782679 0.7194798851990118 0
1255 0.2555594913279365 -0.7246184798396123 0
1256 0.7246184798396125 0.2555594913279404 0
1257 -0.475199139963817 -0.691729124729855 0
1258 0.69172912472985 -0.4751991399638024 0
1259 -0.6917291247300152 0.475199139963797 0
1260 0.4751991399637818 0.6917291247300104 0
1261 -0.5388773436403408 -0.1275956967241358 0
1262 -0.1275956967241345 0.5388773436403401 0
1263 0.1275951833580554 -0.5388736247941557 0
1264 0.5388736247941556 0.1275951833580538 0
1265 -0.7238797190427118 0.1705032086415462 0
1266 0.1705032086415241 0.7238797190427153 0
1267 -0.10323587416156 -0.6757872614796275 0
1268 0.6757872614796259 -0.103235874161546 0
1269 -0.5223418862648239 -0.4058052131216396 0
1270 -0.4058052131216838 0.5223418862648199 0
1271 0.4058052131216114 -0.5223418862648049 0
1272 0.5223418862648009 0.4058052131216544 0
1273 -0.6904937625077709 -0.8777094296503472 0
1274 0.8812729305560442 -0.6885970045151238 0
1275 -0.8777094296502274 0.6904937625077402 0
1276 0.6904937625077224 0.8777094296502114 0
1277 -0.8989966028700652 -0.844512591099027 0
1278 -0.8445125910990492 0.8989966028700589 0
1279 0.8434524926023517 -0.9003310663293564 0
1280 0.8989966028701234 0.8445125910990953 0
1281 -0.9627072235854239 -0.8182120126891773 0
1282 0.8176944076119027 -0.9632449486368785 0
1283 -0.8182120126891939 0.9627072235854197 0
1284 0.9627072235854168 0.8182120126886295 0
1285 -0.8186296601133629 -0.962363926435886 0
1286 -0.9623639264358774 0.8186296601127829 0
1287 0.9625612580749934 -0.8175510113159284 0
1288 0.818629660112796 0.9623639264358724 0
1289 -0.5562032841632638 0.002562645461479971 0
1290 -0.002562645461510404 -0.5562032841632542 0
1291 0.002562645461473882 0.5562032841632536 0
1292 0.5562032841632446 -0.002562645461504584 0
1293 -0.3016423103223639 -0.3186630011528467 0
1294 0.3186630011528458 -0.3016423103223614 0
1295 -0.3186630011528631 0.3016423103223627 0
1296 0.3016423103223601 0.3186630011528622 0
1297 -0.01466109551916954 -0.9559955355189194 0
1298 0.9559955355189207 -0.01466109551916374 0
1299 -0.01466109551802888 0.9559955355189969 0
1300 -0.9559955355189962 -0.01466109551802154 0
1301 -0.9126039944997273 -0.7547866623628323 0
1302 -0.754786662362848 0.9126039944997202 0
1303 -0.7675336711303049 -0.9049915836142991 0
1304 0.7515801854864727 -0.9140414939888167 0
1305 0.9150640942876042 -0.7633008210502885 0
1306 0.9126039944994708 0.7547866623624941 0
1307 -0.904991583614206 0.7675336711299644 0
1308 0.7675336711299532 0.904991583614193 0
1309 -0.7013393477947707 0.0502610379952992 0
1310 0.05026103799528196 0.7013393477947761 0
1311 -0.9562467997697576 0.2458230599332231 0
1312 0.2458230599332128 0.9562467997697569 0
1313 0.2458230599302609 -0.9562467997701199 0
1314 0.9562467997701194 0.2458230599302694 0
1315 -0.6889914478180775 -0.4955872077831956 0
1316 -0.4955872077831953 0.6889914478180766 0
1317 0.4955872077831959 -0.6889914478181832 0
1318 0.6889914478181834 0.4955872077831961 0
1319 -0.9030532132209806 -0.7038825099524718 0
1320 -0.7038825099524839 0.9030532132209748 0
1321 0.7034386673902275 -0.9116859016703263 0
1322 0.9030532132208542 0.7038825099521955 0
1323 -0.7441238641219442 -0.5565663830408536 0
1324 -0.5565663830408549 0.7441238641219456 0
1325 0.5565663830409453 -0.7441238641220123 0
1326 0.744123864122013 0.5565663830409466 0
1327 -0.6363563240583588 -0.801395852279019 0
1328 0.8032435286663651 -0.6420287574185847 0
1329 -0.8013958522791484 0.6363563240583663 0
1330 0.6363563240583495 0.8013958522791278 0
1331 -0.6067898627987952 -0.663883399446295 0
1332 -0.6638833994464073 0.6067898627987393 0
1333 0.6638833994462633 -0.6067898627987631 0
1334 0.6067898627987071 0.6638833994463756 0
1335 -0.6588013382530578 -0.4524479080040387 0
1336 -0.4524479080040569 0.6588013382530471 0
1337 0.4524479080040485 -0.6588013382531399 0
1338 0.6588013382531288 0.452447908004066 0
1339 -0.3567847714597054 -0.5318860321075736 0
1340 0.5318860321075745 -0.3567847714596857 0
1341 -0.5318860321076595 0.3567847714596681 0
1342 0.3567847714596482 0.5318860321076605 0
1343 -0.6648662149403637 -0.03123044126979663 0
1344 -0.03123044126979748 0.6648662149403626 0
1345 0.03703735833218243 -0.664307450220627 0
1346 0.6643074502206273 0.03703735833218304 0
1347 0.5709602122312715 -0.8861390147711677 0
1348 0.8862130760460859 0.5709484712806571 0
1349 -0.88621307604594 -0.5709484712805676 0
1350 -0.5709484712805791 0.8862130760459404 0
1351 -0.9567196642422549 -0.9010403427695398 0
1352 -0.9010403427696013 0.9567196642422452 0
1353 -0.9010403427700193 -0.9567196642423473 0
1354 0.9567196642423347 -0.9010403427700786 0
1355 0.9010403427695297 -0.956719664242296 0
1356 0.956719664242287 0.9010403427695901 0
1357 -0.9567196642423914 0.9010403427700114 0
1358 0.9010403427700694 0.9567196642423791 0
1359 -0.7919451519547067 -0.7450322613269176 0
1360 -0.745032261326933 0.7919451519546965 0
1361 0.7919451519546644 0.7450322613269778 0
1362 -0.2883445613079145 -0.7721335662382116 0
1363 0.7721335662382192 -0.2883445613079034 0
1364 -0.7672517286557691 0.2893334256404533 0
1365 0.2893334256404396 0.7672517286557685 0
1366 -0.8060796867491157 -0.5903695827378546 0
1367 -0.5903695827378567 0.8060796867491145 0
1368 0.5903695827379705 -0.8060796867492357 0
1369 0.8060796867492342 0.5903695827379726 0
1370 -0.8195901262519304 0.01639791752031593 0
1371 0.01639791752030165 0.8195901262519355 0
1372 -0.3251008166598002 -0.8805597850292204 0
1373 0.8805597850292144 -0.3251008166597963 0
1374 -0.8805597850291942 -0.3251008166572252 0
1375 -0.3251008166572299 0.8805597850291996 0
1376 -0.8805597850296348 0.3251008166594003 0
1377 0.3251008166593958 0.880559785029628 0
1378 0.3251008166568241 -0.8805597850296084 0
1379 0.880559785029613 0.32510081665683 0
1380 -0.7726427514694632 -0.2880532009536752 0
1381 -0.2880532009536788 0.7726427514694556 0
1382 0.2892775489746454 -0.7698777687789751 0
1383 0.7698777687789736 0.2892775489746497 0
1384 -0.6161876963767152 -0.3112482716695454 0
1385 -0.3112482716695454 0.616187696376716 0
1386 0.3112482716695323 -0.6161876963768139 0
1387 0.6161876963768146 0.3112482716695325 0
1388 -0.6750095932481153 -0.5951582552663147 0
1389 -0.5951582552663794 0.6750095932481266 0
1390 0.5951582552663074 -0.6750095932481072 0
1391 0.6750095932481182 0.5951582552663718 0
1392 0.1059147536757912 -0.8014051892125575 0
1393 0.8014051892125612 0.1059147536758036 0
1394 -0.4417171177521289 -0.6621854212742904 0
1395 0.6621854212742878 -0.4417171177521181 0
1396 -0.6621854212744323 0.4417171177521271 0
1397 0.441717117752116 0.6621854212744295 0
1398 -0.505650123078934 -0.5404337291735135 0
1399 -0.5404337291735553 0.5056501230788975 0
1400 0.5404337291735073 -0.5056501230788986 0
1401 0.5056501230788613 0.540433729173549 0
1402 -0.07239929955063502 -0.7956046225721083 0
1403 0.7956046225721161 -0.07239929955062173 0
1404 -0.7958790682477376 -0.06906999766530077 0
1405 -0.06906999766531254 0.7958790682477443 0
1406 -0.5380427425792507 -0.575356359212947 0
1407 -0.5753563592129824 0.5380427425792286 0
1408 0.5753563592129328 -0.5380427425792089 0
1409 0.5380427425791856 0.5753563592129687 0
1410 -0.3960069777642048 -0.7079158954756181 0
1411 0.7079158954756176 -0.396006977764198 0
1412 -0.7079158954757802 0.3960069777641297 0
1413 0.396006977764122 0.7079158954757795 0
1414 -0.4830949614639658 -0.01584877829518392 0
1415 0.01584877829516715 -0.4830949614639609 0
1416 -0.01584877829518749 0.4830949614639611 0
1417 0.4830949614639565 0.01584877829517044 0
1418 -0.3674769839214469 -0.4572256379935749 0
1419 0.4572256379935706 -0.3674769839214316 0
1420 -0.4572256379936396 0.3674769839214408 0
1421 0.3674769839214252 0.4572256379936354 0
1422 -0.456473398935577 -0.5967350494385879 0
1423 0.5967350494385726 -0.456473398935543 0
1424 -0.5967350494386721 0.4564733989355526 0
1425 0.4564733989355186 0.5967350494386576 0
1426 -0.6021194659402872 -0.6087682836425671 0
1427 -0.6087682836426203 0.6021194659402624 0
1428 0.6087682836425499 -0.6021194659402467 0
1429 0.6021194659402214 0.608768283642603 0
1430 -0.7750435859152192 -0.371567497411859 0
1431 -0.3715674974118561 0.7750435859152209 0
1432 0.3715674974118377 -0.775043585915453 0
1433 0.7750435859154554 0.3715674974118355 0
1434 -0.369633247346889 -0.7751704397878437 0
1435 0.7751704397878323 -0.3696332473468857 0
1436 -0.7751704397881136 0.3696332473468268 0
1437 0.3696332473468225 0.7751704397881032 0
1438 -0.814490041350125 -0.352166652865508 0
1439 -0.35216665286551 0.8144900413501241 0
1440 0.3521666528654909 -0.8144900413503796 0
1441 0.8144900413503795 0.3521666528654928 0
1442 -0.4375848381794575 -0.8024574938409418 0
1443 0.8024574938409283 -0.4375848381794495 0
1444 -0.8024574938410378 0.4375848381794645 0
1445 0.4375848381794551 0.8024574938410248 0
1446 -0.4400387406538387 -0.3041328687460449 0
1447 -0.3041328687460672 0.4400387406538293 0
1448 0.304132868746038 -0.4400387406538434 0
1449 0.4400387406538341 0.3041328687460602 0
1450 -0.3522168229912401 -0.8146223426062651 0
1451 0.8146223426062618 -0.3522168229912336 0
1452 -0.8146223426065005 0.3522168229912139 0
1453 0.3522168229912068 0.8146223426064977 0
1454 -0.4194923565225411 -0.8418512082301077 0
1455 0.841851208230102 -0.4194923565225313 0
1456 -0.84185120823007 0.4194923565226479 0
1457 0.4194923565226372 0.8418512082300644 0
1458 -0.9012732147631343 -0.3877249630896484 0
1459 -0.3877249630896557 0.9012732147631338 0
1460 0.38772496308971 -0.9012732147631185 0
1461 0.9012732147631189 0.3877249630897168 0
1462 -0.3877245790786805 -0.9012722626323696 0
1463 0.9012722626323663 -0.3877245790786744 0
1464 -0.901272262632358 0.3877245790787398 0
1465 0.387724579078734 0.9012722626323544 0
1466 -0.4669465136717967 -0.3457794169775498 0
1467 -0.3457794169775589 0.4669465136717805 0
1468 0.3457794169775287 -0.4669465136717839 0
1469 0.4669465136717678 0.3457794169775376 0
1470 -0.306352908905614 -0.3959448066022996 0
1471 -0.3959448066023277 0.3063529089056307 0
1472 0.3959448066023059 -0.3063529089056026 0
1473 0.3063529089056191 0.3959448066023342 0
1474 -0.9643345772977565 0.166295812754585 0
1475 0.1662958127545799 0.9643345772977558 0
1476 0.1662958127533285 -0.9643345772978544 0
1477 0.9643345772978548 0.1662958127533327 0
1478 -0.7332326899626482 -0.4778161132836501 0
1479 -0.4778161132836512 0.7332326899626476 0
1480 0.4778161132836664 -0.7332326899627534 0
1481 0.7332326899627526 0.477816113283668 0
1482 -0.02036122551381444 -0.906519434802356 0
1483 0.9065194348023592 -0.02036122551380203 0
1484 -0.9064889878841103 -0.02032895085667518 0
1485 -0.02032895085669086 0.9064889878841125 0
1486 -0.9628893342510667 0.3644054649930899 0
1487 0.3644054649930863 0.9628893342510655 0
1488 -0.3644177590122193 -0.9629493660280624 0
1489 0.9629493660280609 -0.364417759012216 0
1490 0.3644054683234895 -0.9628893425127674 0
1491 0.962889342512768 0.3644054683234941 0
1492 -0.9629493742897548 -0.3644177623426754 0
1493 -0.3644177623426802 0.9629493742897556 0
1494 -0.5351414911927629 -0.2234215500729364 0
1495 -0.2234215500729373 0.535141491192763 0
1496 0.2234215500729226 -0.535141491192797 0
1497 0.5351414911927973 0.2234215500729233 0
1498 0.01583749795880829 -0.8197854159828866 0
1499 0.819785415982888 0.0158374979588226 0
1500 -0.8383171240016107 -0.7454334182768531 0
1501 -0.7454334182768682 0.8383171240016033 0
1502 0.8383171240015163 0.7454334182769348 0
1503 -0.2276955459433443 -0.6641932785155384 0
1504 0.6641932785155391 -0.2276955459433221 0
1505 -0.6642653558914388 0.2277032671838833 0
1506 0.2277032671838602 0.6642653558914399 0
1507 -0.1646305502294681 -0.4075177678716124 0
1508 -0.407517767871613 0.1646305502294759 0
1509 0.4075177678716125 -0.1646305502294636 0
1510 0.1646305502294709 0.4075177678716131 0
1511 -0.8167571919970291 -0.8232250030562576 0
1512 -0.8232250030562596 0.8167571919970213 0
1513 0.8167571919970095 0.8232250030562671 0
1514 0.02888877106955873 -0.9608571340286811 0
1515 0.9608571340286809 0.02888877106956311 0
1516 0.02888877107048991 0.9608571340284869 0
1517 -0.9608571340284855 0.02888877107049562 0
1518 -0.8957163873845012 0.02470949321407728 0
1519 0.02470949321406341 0.8957163873845044 0
1520 0.02453902363113449 -0.8958772031534907 0
1521 0.8958772031534911 0.02453902363114492 0
1522 -0.4605235522417091 -0.7345497579402893 0
1523 0.7345497579402861 -0.4605235522416924 0
1524 -0.7345497579404767 0.460523552241633 0
1525 0.4605235522416146 0.7345497579404738 0
1526 -0.6524326631811977 -0.8715537467506254 0
1527 0.8733760444247075 -0.6514499026611023 0
1528 -0.8715537467506516 0.6524326631813105 0
1529 0.6524326631813055 0.8715537467506392 0
1530 -0.3034539966345588 -0.5255846607353551 0
1531 0.5255846607353621 -0.3034539966345459 0
1532 -0.5255846607354221 0.3034539966345289 0
1533 0.3034539966345159 0.5255846607354294 0
1534 0.2075902588075247 -0.7915647021149471 0
1535 0.7915647021149504 0.2075902588075367 0
1536 -0.9610941706899437 -0.08791962711345068 0
1537 -0.08791962711345719 0.9610941706899458 0
1538 0.9610941706901133 -0.0879196271145075 0
1539 -0.08791962711451257 -0.9610941706901134 0
1540 0.1132874014056834 -0.9196841625350167 0
1541 0.9196841625350164 0.1132874014056917 0
1542 -0.9196841625347997 0.1132874014075297 0
1543 0.1132874014075193 0.9196841625348006 0
1544 -0.4010215010407226 -0.3810928465312929 0
1545 -0.3810928465313584 0.4010215010407108 0
1546 0.3810928465313074 -0.4010215010407046 0
1547 0.4010215010406926 0.3810928465313731 0
1548 -0.650759066810327 -0.3762393949415903 0
1549 -0.3762393949415899 0.6507590668103275 0
1550 0.3762393949415807 -0.6507590668104024 0
1551 0.6507590668104022 0.3762393949415805 0
1552 0.8838336160251568 -0.8321071568666892 0
1553 -0.3970486450507814 -0.1755641442441055 0
1554 -0.1755641442441064 0.3970486450507809 0
1555 0.1755641442441057 -0.3970486450507819 0
1556 0.3970486450507816 0.1755641442441066 0
1557 -0.9609920122932368 -0.4402617390739434 0
1558 -0.4402617390739492 0.9609920122932367 0
1559 -0.4405168275016417 -0.9607729351909988 0
1560 0.9607729351909977 -0.4405168275016381 0
1561 0.4402617390727763 -0.9609920122932198 0
1562 0.9609920122932198 0.4402617390727812 0
1563 -0.9607729351909764 0.4405168275004616 0
1564 0.440516827500459 0.9607729351909748 0
1565 -0.8459278231957313 -0.4140486925293982 0
1566 -0.4140486925293964 0.8459278231957328 0
1567 0.4140486925296378 -0.8459278231956052 0
1568 0.8459278231956066 0.4140486925296371 0
1569 -0.2996107444537575 -0.6482369860269741 0
1570 0.6482369860269815 -0.2996107444537347 0
1571 -0.6482369860270858 0.2996107444537062 0
1572 0.2996107444536825 0.6482369860270933 0
1573 -0.423656899077711 -0.5797764602924247 0
1574 0.5797764602924149 -0.4236568990776841 0
1575 -0.5797764602925143 0.4236568990776863 0
1576 0.4236568990776594 0.579776460292505 0
1577 -0.8396674436897748 -0.8951803665998629 0
1578 -0.8951803665998815 0.839667443689685 0
1579 0.8396674436897144 0.895180366599869 0
1580 0.1541427919827162 -0.7305354129174797 0
1581 0.7305354129174837 0.1541427919827234 0
1582 -0.185287074671796 -0.4506623882115288 0
1583 0.4506623882115316 -0.185287074671794 0
1584 -0.4506623882115353 0.1852870746717945 0
1585 0.1852870746717925 0.4506623882115381 0
1586 -0.5698932313033936 -0.8997320930077906 0
1587 0.8997320930077873 -0.5698932313033929 0
1588 -0.8997320930077791 0.5698932313036192 0
1589 0.5698932313036179 0.8997320930077755 0
1590 -0.3699559998820948 -0.6215802685617454 0
1591 0.6215802685617526 -0.3699559998820777 0
1592 -0.6215802685618584 0.3699559998820639 0
1593 0.3699559998820465 0.6215802685618659 0
1594 -0.4750346360387416 -0.268009204514894 0
1595 -0.268009204514898 0.4750346360387427 0
1596 0.2680092045148748 -0.4750346360387737 0
1597 0.475034636038775 0.2680092045148788 0
1598 -0.4756182442701207 -0.4186466450083474 0
1599 0.4186466450083436 -0.4756182442701201 0
1600 -0.4186466450083384 0.475618244270124 0
1601 0.4756182442701234 0.4186466450083342 0
1602 -0.545466925440119 -0.4381099841103253 0
1603 0.4381099841103477 -0.5454669254401034 0
1604 -0.4381099841103422 0.5454669254401056 0
1605 0.5454669254400902 0.4381099841103639 0
1606 -0.9624357954987218 0.5632460495369106 0
1607 0.563246049536909 0.9624357954987195 0
1608 0.5631487838584158 -0.9626066574663403 0
1609 0.9626066574663398 0.5631487838584215 0
1610 -0.5632460495376469 -0.9624357954985465 0
1611 0.9624357954985445 -0.563246049537646 0
1612 -0.9626066574661565 -0.5631487838596707 0
1613 -0.5631487838596767 0.9626066574661554 0
1614 0.8269883069588737 -0.8276730680012695 0
1615 0.7410191122112131 -0.838044461727382 0
1616 0.8384475424681324 -0.7521568516559383 0
1617 -0.6843310181219416 -0.1828837125589654 0
1618 -0.1828837125589646 0.6843310181219451 0
1619 0.1819626072589836 -0.6828409457386424 0
1620 0.6828409457386462 0.1819626072589848 0
1621 -0.7249175997124206 0.1184832379844381 0
1622 0.1184832379844162 0.724917599712424 0
1623 -0.2657918221590688 -0.3406184634886721 0
1624 -0.3406184634886765 0.2657918221590712 0
1625 0.3406184634886711 -0.2657918221590654 0
1626 0.2657918221590675 0.3406184634886754 0
1627 -0.8596335526167602 -0.5201845716761255 0
1628 -0.5201845716761326 0.8596335526167582 0
1629 0.5201855700562634 -0.8596272548891166 0
1630 0.8596335526165733 0.5201845716761153 0
1631 -0.6138512631316259 -0.1147063690625406 0
1632 -0.1147063690625372 0.6138512631316283 0
1633 0.1147063690624997 -0.6138512631316589 0
1634 0.6138512631316607 0.1147063690624963 0
1635 0.03125328123222995 -0.7018428315003826 0
1636 0.7018428315003824 0.03125328123223362 0
1637 -0.333295137874507 -0.3483310168681736 0
1638 0.3483310168681766 -0.3332951378745016 0
1639 -0.3483310168682069 0.3332951378745052 0
1640 0.3332951378744997 0.3483310168682099 0
1641 -0.7602966901539739 0.0888313128362135 0
1642 0.08883131283619515 0.760296690153978 0
1643 -0.6042126475876104 -0.3921748448294446 0
1644 -0.3921748448294451 0.6042126475876097 0
1645 0.3921748448294871 -0.6042126475876393 0
1646 0.6042126475876377 0.3921748448294881 0
1647 -0.8582973475995437 -0.243912266156746 0
1648 -0.2439122661567554 0.8582973475995455 0
1649 -0.2439238021756123 -0.8583018433243877 0
1650 0.8583018433243885 -0.2439238021756011 0
1651 0.247561882922381 -0.8605876254590484 0
1652 0.8605876254590525 0.2475618829223862 0
1653 -0.8605357650153432 0.2445851267000481 0
1654 0.2445851267000386 0.8605357650153417 0
1655 -0.7630744219658623 -0.5145315091902638 0
1656 -0.5145315091902649 0.7630744219658622 0
1657 0.5145315091903201 -0.7630744219659517 0
1658 0.7630744219659511 0.5145315091903218 0
1659 0.8121995689945039 -0.8759283374725727 0
1660 -0.4715112147952753 -0.09741444464292248 0
1661 -0.09741444464292548 0.4715112147952695 0
1662 0.09741444464289474 -0.471511214795284 0
1663 0.4715112147952784 0.09741444464289756 0
1664 -0.6541713680296855 -0.2971868059317624 0
1665 -0.2971868059317625 0.6541713680296859 0
1666 0.2971868059317188 -0.6541713680297997 0
1667 0.6541713680298 0.2971868059317193 0
1668 -0.07262480928840467 -0.5624933521362758 0
1669 0.5624933521362658 -0.07262480928838819 0
1670 -0.5624933521363016 0.07262480928838422 0
1671 0.07262480928836702 0.5624933521362914 0
1672 -0.1188243689857056 -0.420938570111888 0
1673 0.4209385701118873 -0.1188243689857044 0
1674 -0.4209385701118898 0.1188243689857048 0
1675 0.1188243689857037 0.4209385701118892 0
1676 -0.7493440344009983 -0.2099924987018547 0
1677 -0.209992498701863 0.7493440344010016 0
1678 -0.2087048803587969 -0.7472479509310654 0
1679 0.7472479509310705 -0.2087048803587784 0
1680 -0.909323582795116 0.1929944812773041 0
1681 0.192994481277293 0.9093235827951167 0
1682 0.1929702193083915 -0.9093761155408102 0
1683 0.9093761155408111 0.1929702193084009 0
1684 -0.05091102012639074 -0.4898402861071456 0
1685 -0.4898402861071569 0.05091102012638884 0
1686 0.4898402861071378 -0.05091102012639336 0
1687 0.05091102012639141 0.4898402861071485 0
1688 -0.6348868804456684 -0.2389750398781187 0
1689 -0.2389750398781187 0.63488688044567 0
1690 0.2389750398780936 -0.6348868804457799 0
1691 0.6348868804457815 0.2389750398780931 0
1692 -0.7291374088369535 -0.841478442270069 0
1693 -0.8414784422700172 0.7291374088369986 0
1694 0.7291374088369283 0.8414784422700036 0
1695 0.7906349859920383 -0.7650506333401006 0
1696 -0.7326984608447161 -0.6325116729707775 0
1697 0.6325116729707612 -0.7326984608447609 0
1698 -0.6325116729708088 0.7326984608447167 0
1699 0.7326984608447609 0.6325116729707931 0
1700 -0.1458319615042848 -0.5421863591725286 0
1701 0.5421863591725324 -0.1458319615042711 0
1702 -0.5421848695865036 0.1457780254673328 0
1703 0.1457780254673186 0.5421848695865076 0
1704 -0.4452304761450661 -0.163566671511235 0
1705 -0.1635666715112355 0.4452304761450658 0
1706 0.1635666715112269 -0.445230476145067 0
1707 0.4452304761450668 0.1635666715112275 0
1708 -0.7838294601064653 -0.4195485457789751 0
1709 -0.4195485457789751 0.7838294601064655 0
1710 0.4195485457789623 -0.783829460106606 0
1711 0.7838294601066065 0.419548545778963 0
1712 -0.4370840269467349 -0.9217744714511701 0
1713 0.9217744714511689 -0.4370840269467277 0
1714 -0.9217744714509031 0.4370840269467498 0
1715 0.4370840269467454 0.9217744714508999 0
1716 -0.9217744714512734 -0.4370840269447355 0
1717 -0.4370840269447459 0.9217744714512726 0
1718 0.4370840269447481 -0.9217744714510062 0
1719 0.9217744714510057 0.4370840269447563 0
1720 -0.1736217585963218 -0.720244449636694 0
1721 0.7202444496367006 -0.1736217585963004 0
1722 -0.5120353629554919 -0.863222057213769 0
1723 0.8632220572137677 -0.5120353629554892 0
1724 -0.8632220572136184 0.5120353629549153 0
1725 0.5120353629549118 0.8632220572136164 0
1726 -0.7174706326079665 -0.6699559176676304 0
1727 0.6691275892924377 -0.717388748673138 0
1728 -0.6699559176676788 0.717470632607953 0
1729 0.7174706326079749 0.6699559176676424 0
1730 -0.8276388944775537 -0.03788920280767553 0
1731 -0.03788920280768542 0.8276388944775578 0
1732 -0.03869623531716032 -0.8293649443946978 0
1733 0.829364944394703 -0.03869623531714535 0
1734 0.08026537525517138 -0.7656730069258819 0
1735 0.7656730069258857 0.08026537525518329 0
1736 -0.6802711368735048 -0.2285801618102232 0
1737 -0.2285801618102236 0.6802711368735082 0
1738 0.2256987406038888 -0.6817180665912062 0
1739 0.6817180665912084 0.2256987406038901 0
1740 -0.2734115033977048 -0.9661464693037295 0
1741 0.9661464693037302 -0.2734115033977027 0
1742 -0.2734115033968809 0.9661464693043152 0
1743 -0.9661464693043162 -0.273411503396878 0
1744 -0.5952752552331098 -0.07398506418294673 0
1745 -0.07398506418294459 0.5952752552331086 0
1746 0.07403605703698526 -0.5952688842257106 0
1747 0.5952688842257097 0.07403605703698304 0
1748 0.2172001010061708 -0.7510476114805676 0
1749 0.7510476114805718 0.2172001010061792 0
1750 -0.7400556001251549 -0.129271616836495 0
1751 -0.129271616836494 0.7400556001251604 0
1752 -0.8517959477280643 -0.7047972205386641 0
1753 -0.7047972205386774 0.851795947728057 0
1754 0.8517959477279705 0.704797220538695 0
1755 -0.1506649363168492 -0.9062281582056443 0
1756 0.9062281582056405 -0.150664936316839 0
1757 -0.9062281582050041 -0.1506649363143862 0
1758 -0.1506649363143995 0.9062281582050123 0
1759 0.7702275113717515 -0.8783586429381522 0
1760 -0.5640319748166666 -0.3466810096767206 0
1761 -0.3466810096767222 0.5640319748166689 0
1762 0.3466810096767303 -0.5640319748167286 0
1763 0.5640319748167306 0.3466810096767325 0
1764 -0.4848711961204077 -0.8077123040214625 0
1765 0.8077123040214551 -0.4848711961203993 0
1766 -0.8077123040215175 0.4848711961203754 0
1767 0.4848711961203671 0.8077123040215096 0
1768 -0.7615873552290241 -0.03310602975936576 0
1769 -0.03310602975937839 0.76158735522903 0
1770 -0.7788728001211287 -0.7872761459015662 0
1771 -0.7872761459015623 0.7788728001211248 0
1772 0.7788728001210685 0.7872761459015625 0
1773 -0.5524632093730488 -0.08083154716399292 0
1774 -0.08083154716399125 0.5524632093730463 0
1775 0.08083755662681776 -0.5524620082000162 0
1776 0.5524620082000142 0.08083755662681592 0
1777 0.5538388645906014 -0.9270126419546159 0
1778 0.9270201992275668 0.5538376665344239 0
1779 -0.927020199227101 -0.5538376665350235 0
1780 -0.5538376665350335 0.9270201992270999 0
1781 -0.7211967138816346 -0.1725145750389808 0
1782 -0.1725145750389799 0.7211967138816381 0
1783 -0.1785057523278849 -0.5227283039600916 0
1784 0.5227283039600977 -0.1785057523278737 0
1785 -0.5227280060429174 0.1784949651204866 0
1786 0.178494965120475 0.5227280060429235 0
1787 -0.9698362927171271 -0.4782379737543025 0
1788 -0.4782379737543065 0.9698362927171271 0
1789 -0.4790637037177239 -0.9690054197228252 0
1790 0.9690054197228242 -0.4790637037177217 0
1791 0.4782379737526922 -0.9698362927172431 0
1792 0.9698362927172433 0.4782379737526964 0
1793 -0.969005419722951 0.4790637037162441 0
1794 0.479063703716242 0.9690054197229496 0
1795 -0.1226402790547851 -0.4709150368120928 0
1796 0.4709150368120892 -0.1226402790547825 0
1797 -0.4709150368121217 0.1226402790548014 0
1798 0.1226402790547992 0.4709150368121182 0
1799 -0.8668725110117455 -0.8179405402952131 0
1800 -0.8179405402952336 0.8668725110117363 0
1801 0.8668725110117599 0.8179405402952622 0
1802 0.06691600867936046 -0.835730999029099 0
1803 0.8357309990291011 0.06691600867937254 0
1804 -0.8331303282138776 0.06722152622125616 0
1805 0.06722152622124083 0.8331303282138831 0
1806 0.1509010589165478 -0.7807604166944468 0
1807 0.7807604166944524 0.1509010589165589 0
1808 -0.3575455039720609 -0.6992994999161684 0
1809 0.6992994999161657 -0.3575455039720425 0
1810 -0.6992994999163454 0.3575455039720281 0
1811 0.3575455039720095 0.6992994999163424 0
1812 -0.1316644718563924 -0.7379840325257487 0
1813 0.7379840325257558 -0.1316644718563736 0
1814 -0.793335272887691 0.2141401778623629 0
1815 0.2141401778623454 0.7933352728876942 0
1816 -0.424971123321643 0.02570601710841066 0
1817 0.02570601710841061 0.4249711233216421 0
1818 -0.02570601710841042 -0.4249711233216389 0
1819 0.424971123321638 -0.02570601710841037 0
1820 -0.5593264833539472 -0.6696390154928842 0
1821 -0.6696390154930221 0.5593264833538985 0
1822 0.6696390154928668 -0.5593264833539193 0
1823 0.5593264833538705 0.669639015493005 0
1824 -0.6963100956597583 -0.9159819858470121 0
1825 0.9164010777037248 -0.6963319178108007 0
1826 -0.9159819858468847 0.6963100956593148 0
1827 0.6963100956593098 0.9159819858468755 0
1828 -0.7480924325288782 0.2125404053773749 0
1829 0.212540405377355 0.7480924325288824 0
1830 -0.9716596075327184 -0.1753293301137744 0
1831 -0.175329330113776 0.9716596075327215 0
1832 0.9716596075329877 -0.1753293301140912 0
1833 -0.1753293301140923 -0.9716596075329895 0
1834 -0.3440978881861471 -0.657695548426221 0
1835 0.6576955484262255 -0.3440978881861293 0
1836 -0.6576955484263542 0.3440978881861066 0
1837 0.3440978881860884 0.6576955484263588 0
1838 -0.6208559651498736 -0.1886076967035444 0
1839 -0.1886076967035443 0.620855965149876 0
1840 0.1886043920031609 -0.6208320257551114 0
1841 0.6208320257551136 0.18860439200316 0
1842 -0.5946242178622622 -0.7341552652208533 0
1843 0.7292238837556221 -0.6003095355413721 0
1844 -0.7341552652209917 0.5946242178622138 0
1845 0.5946242178621914 0.7341552652209747 0
1846 -0.9069974723283831 -0.8794216650619601 0
1847 -0.8794216650620061 0.9069974723283619 0
1848 0.8794164510972616 -0.9087954351674188 0
1849 0.9069974723284286 0.8794216650619946 0
1850 -0.6993727217939658 -0.02600734373303101 0
1851 -0.02600734373303939 0.6993727217939685 0
1852 -0.7586228743823334 -0.8646379425830727 0
1853 -0.8646379425830008 0.7586228743822421 0
1854 0.7586228743822035 0.8646379425829814 0
1855 -0.1837476578700151 -0.8403800943273678 0
1856 0.840380094327368 -0.1837476578700012 0
1857 -0.8404768210600397 -0.1837131819737844 0
1858 -0.1837131819737959 0.8404768210600445 0
1859 -0.5646894919234875 -0.609486530591516 0
1860 -0.6094865305915507 0.5646894919234181 0
1861 0.6094865305914845 -0.5646894919234337 0
1862 0.5646894919233636 0.6094865305915191 0
1863 -0.8562240508164982 -0.4483363184748933 0
1864 -0.448336318474896 0.8562240508164971 0
1865 0.4483363184748813 -0.8562240508164697 0
1866 0.8562240508164686 0.4483363184748849 0
1867 -0.7449999406791652 0.0478888829814063 0
1868 0.04788888298138744 0.7449999406791709 0
1869 -0.2727982571467766 -0.3777494338618725 0
1870 0.3777494338618779 -0.2727982571467698 0
1871 -0.3777494338618891 0.2727982571467893 0
1872 0.2727982571467822 0.3777494338618945 0
1873 -0.1936868734075386 -0.9050533109869756 0
1874 0.9050533109869747 -0.1936868734075296 0
1875 -0.905053310986953 -0.1936868734050697 0
1876 -0.1936868734050812 0.9050533109869565 0
1877 0.8043301690610194 -0.6920749646174961 0
1878 -0.3453734035097982 -0.5834019302845808 0
1879 0.5834019302845962 -0.3453734035097791 0
1880 -0.583401930284678 0.3453734035097701 0
1881 0.3453734035097504 0.583401930284694 0
1882 -0.9288351017833429 0.5554446903176968 0
1883 -0.5554446903178326 -0.9288351017833535 0
1884 0.5554446903176951 0.9288351017833402 0
1885 0.9288351017833512 -0.5554446903178315 0
1886 -0.5837218994744804 -0.2487886796502454 0
1887 -0.2487886796502453 0.5837218994744814 0
1888 0.2487886796502399 -0.5837218994745477 0
1889 0.5837218994745486 0.2487886796502394 0
1890 -0.7815556530931919 -0.6940264824537657 0
1891 -0.6940264824537966 0.7815556530931618 0
1892 0.6927610993439361 -0.7809485149127255 0
1893 0.7815556530931975 0.6940264824538724 0
1894 -0.8049507466170877 0.5497233110990516 0
1895 0.5497233110990435 0.8049507466170817 0
1896 -0.549723311099063 -0.8049507466170951 0
1897 0.8049448397466705 -0.5497157877236007 0
1898 -0.6956561891026403 -0.2918371513491222 0
1899 -0.2918371513491236 0.695656189102639 0
1900 0.2929577598339975 -0.6965887727865427 0
1901 0.696588772786541 0.2929577598339999 0
1902 -0.1618706111545823 -0.6425519588543447 0
1903 0.6425519588543452 -0.1618706111545642 0
1904 -0.6425519588544746 0.161870611154506 0
1905 0.1618706111544875 0.6425519588544746 0
1906 0.2796735510118072 -0.9689440898933193 0
1907 0.9689440898933193 0.2796735510118117 0
1908 0.2796735510133959 0.9689440898930427 0
1909 -0.9689440898930428 0.2796735510134005 0
1910 -0.7982566250350879 -0.6266221730028055 0
1911 -0.6266221730028143 0.7982566250350827 0
1912 0.62524776947226 -0.796279994682077 0
1913 0.7982566250351725 0.6266221730028904 0
1914 -0.5115325830442697 -0.263265887186272 0
1915 -0.2632658871862762 0.5115325830442712 0
1916 0.2632658871862626 -0.5115325830443029 0
1917 0.5115325830443047 0.2632658871862668 0
1918 0.7280964495717637 -0.7787890386723656 0
1919 -0.8182000766471499 -0.1144447098514672 0
1920 -0.1144447098514788 0.8182000766471571 0
1921 -0.1150299323624094 -0.8182793716447592 0
1922 0.8182793716447667 -0.1150299323623959 0
1923 -0.2150713304489706 0.4596522416364497 0
1924 -0.4596522416364499 -0.2150713304489652 0
1925 0.459652241636461 0.2150713304489571 0
1926 0.2150713304489519 -0.4596522416364611 0
1927 0.05187062650794687 -0.4315994448046614 0
1928 0.4315994448046623 0.05187062650794862 0
1929 -0.4315994448046578 -0.05187062650795309 0
1930 -0.05187062650795502 0.4315994448046587 0
1931 -0.9140928996532164 -0.3131451580932621 0
1932 -0.313145158093273 0.9140928996532204 0
1933 -0.3131451580964673 -0.9140928996532824 0
1934 0.9140928996532769 -0.3131451580964585 0
1935 0.3120560990534877 -0.912606947439655 0
1936 0.912606947439657 0.312056099053495 0
1937 -0.9126069474393868 0.3120560990561541 0
1938 0.3120560990561472 0.912606947439384 0
1939 -0.002533793264985293 -0.5933054086290471 0
1940 0.5933054086290387 -0.002533793264982932 0
1941 -0.5933054086290532 0.0025337932649388 0
1942 0.002533793264936229 0.5933054086290441 0
1943 0.8419334144495126 -0.7118289988160985 0
1944 -0.3063923687015528 -0.8059470194140176 0
1945 0.8059470194140096 -0.3063923687015413 0
1946 -0.8059442410908708 0.3043229866337508 0
1947 0.3043229866337355 0.8059442410908622 0
1948 -0.8660655410835392 -0.2103464394718611 0
1949 -0.210346439471875 0.8660655410835412 0
1950 -0.2103485222707849 -0.8660616615262517 0
1951 0.8660616615262546 -0.2103485222707692 0
1952 -0.3314009422384089 -0.7431670331745128 0
1953 0.7431670331745088 -0.3314009422383994 0
1954 -0.742811214108935 0.3314730168981542 0
1955 0.3314730168981432 0.7428112141089298 0
1956 -0.2994857409874774 -0.5767034236157835 0
1957 0.576703423615793 -0.2994857409874684 0
1958 -0.5767034236158676 0.2994857409874259 0
1959 0.2994857409874169 0.5767034236158773 0
1960 -0.7472176052595275 -0.332049717311479 0
1961 -0.3320497173114793 0.7472176052595261 0
1962 0.3322537753149569 -0.7467567748112711 0
1963 0.7467567748112711 0.3322537753149575 0
1964 -0.9244014429806192 -0.2504238833788491 0
1965 -0.250423883378859 0.924401442980617 0
1966 -0.2504238833817247 -0.9244014429799648 0
1967 0.9244014429799651 -0.2504238833817173 0
1968 -0.6017585319726497 -0.5540977695518137 0
1969 -0.5540977695518415 0.6017585319726526 0
1970 0.5540977695518585 -0.6017585319726368 0
1971 0.6017585319726392 0.5540977695518866 0
1972 0.04525764466586081 -0.9263328812813361 0
1973 0.9263328812813352 0.04525764466586836 0
1974 0.04528199746474187 0.9263099075996839 0
1975 -0.9263099075996808 0.04528199746475211 0
1976 -0.8061456735331756 -0.3062637265873469 0
1977 -0.3062637265873546 0.8061456735331822 0
1978 0.3042142049461624 -0.8061885472769008 0
1979 0.8061885472769101 0.3042142049461716 0
$EndNodes
$Elements
3910
1 15 2 1 1 1
2 15 2 2 2 2
3 15 2 3 3 3
4 15 2 4 4 4
5 1 2 101 9 1 9
6 1 2 101 9 9 10
7 1 2 101 9 10 11
8 1 2 101 9 11 12
9 1 2 101 9 12 13
10 1 2 101 9 13 14
11 1 2 101 9 14 15
12 1 2 101 9 15 16
13 1 2 101 9 16 17
14 1 2 101 9 17 18
15 1 2 101 9 18 19
16 1 2 101 9 19 20
17 1 2 101 9 20 21
18 1 2 101 9 21 22
19 1 2 101 9 22 23
20 1 2 101 9 23 24
21 1 2 101 9 24 25
22 1 2 101 9 25 26
23 1 2 101 9 26 27
24 1 2 101 9 27 28
25 1 2 101 9 28 29
26 1 2 101 9 29 30
27 1 2 101 9 30 31
28 1 2 101 9 31 32
29 1 2 101 9 32 33
30 1 2 101 9 33 34
31 1 2 101 9 34 35
32 1 2 101 9 35 36
33 1 2 101 9 36 37
34 1 2 101 9 37 38
35 1 2 101 9 38 39
36 1 2 101 9 39 40
37 1 2 101 9 40 41
38 1 2 101 9 41 42
39 1 2 101 9 42 43
40 1 2 101 9 43 44
41 1 2 101 9 44 45
42 1 2 101 9 45 46
43 1 2 101 9 46 47
44 1 2 101 9 47 2
45 1 2 102 10 2 48
46 1 2 102 10 48 49
47 1 2 102 10 49 50
48 1 2 102 10 50 51
49 1 2 102 10 51 52
50 1 2 102 10 52 53
51 1 2 102 10 53 54
52 1 2 102 10 54 55
53 1 2 102 10 55 56
54 1 2 102 10 56 57
55 1 2 102 10 57 58
56 1 2 102 10 58 59
57 1 2 102 10 59 60
58 1 2 102 10 60 61
59 1 2 102 10 61 62
60 1 2 102 10 62 63
61 1 2 102 10 63 64
62 1 2 102 10 64 65
63 1 2 102 10 65 66
64 1 2 102 10 66 67
65 1 2 102 10 67 68
66 1 2 102 10 68 69
67 1 2 102 10 69 70
68 1 2 102 10 70 71
69 1 2 102 10 71 72
70 1 2 102 10 72 73
71 1 2 102 10 73 74
72 1 2 102 10 74 75
73 1 2 102 10 75 76
74 1 2 102 10 76 77
75 1 2 102 10 77 78
76 1 2 102 10 78 79
77 1 2 102 10 79 80
78 1 2 102 10 80 81
79 1 2 102 10 81 82
80 1 2 102 10 82 83
81 1 2 102 10 83 84
82 1 2 102 10 84 85
83 1 2 102 10 85 86
84 1 2 102 10 86 3
85 1 2 103 11 4 87
86 1 2 103 11 87 88
87 1 2 103 11 88 89
88 1 2 103 11 89 90
89 1 2 103 11 90 91
90 1 2 103 11 91 92
91 1 2 103 11 92 93
92 1 2 103 11 93 94
93 1 2 103 11 94 95
94 1 2 103 11 95 96
95 1 2 103 11 96 97
96 1 2 103 11 97 98
97 1 2 103 11 98 99
98 1 2 103 11 99 100
99 1 2 103 11 100 101
100 1 2 103 11 101 102
101 1 2 103 11 102 103
102 1 2 103 11 103 104
103 1 2 103 11 104 105
104 1 2 103 11 105 106
105 1 2 103 11 106 107
106 1 2 103 11 107 108
107 1 2 103 11 108 109
108 1 2 103 11 109 110
109 1 2 103 11 110 111
110 1 2 103 11 111 112
111 1 2 103 11 112 113
112 1 2 103 11 113 114
113 1 2 103 11 114 115
114 1 2 103 11 115 116
115 1 2 103 11 116 117
116 1 2 103 11 117 118
117 1 2 103 11 118 119
118 1 2 103 11 119 120
119 1 2 103 11 120 121
120 1 2 103 11 121 122
121 1 2 103 11 122 123
122 1 2 103 11 123 124
123 1 2 103 11 124 125
124 1 2 103 11 125 3
125 1 2 104 12 1 126
126 1 2 104 12 126 127
127 1 2 104 12 127 128
128 1 2 104 12 128 129
129 1 2 104 12 129 130
130 1 2 104 12 130 131
131 1 2 104 12 131 132
132 1 2 104 12 132 133
133 1 2 104 12 133 134
134 1 2 104 12 134 135
135 1 2 104 12 135 136
136 1 2 104 12 136 137
137 1 2 104 12 137 138
138 1 2 104 12 138 139
139 1 2 104 12 139 140
140 1 2 104 12 140 141
141 1 2 104 12 141 142
142 1 2 104 12 142 143
143 1 2 104 12 143 144
144 1 2 104 12 144 145
145 1 2 104 12 145 146
146 1 2 104 12 146 147
147 1 2 104 12 147 148
148 1 2 104 12 148 149
149 1 2 104 12 149 150
150 1 2 104 12 150 151
151 1 2 104 12 151 152
152 1 2 104 12 152 153
153 1 2 104 12 153 154
154 1 2 104 12 154 155
155 1 2 104 12 155 156
156 1 2 104 12 156 157
157 1 2 104 12 157 158
158 1 2 104 12 158 159
159 1 2 104 12 159 160
160 1 2 104 12 160 161
161 1 2 104 12 161 162
162 1 2 104 12 162 163
163 1 2 104 12 163 164
164 1 2 104 12 164 4
165 2 2 1000 21 1969 868 710
166 2 2 1000 21 1971 869 712
167 2 2 1000 21 1968 866 709
168 2 2 1000 21 1970 867 711
169 2 2 1000 21 213 1968 709
170 2 2 1000 21 214 1969 710
171 2 2 1000 21 215 1970 711
172 2 2 1000 21 216 1971 712
173 2 2 1000 21 704 1022 1614
174 2 2 1000 21 1614 1022 555
175 2 2 1000 21 299 1520 1482
176 2 2 1000 21 300 1521 1483
177 2 2 1000 21 297 1484 1518
178 2 2 1000 21 298 1485 1519
179 2 2 1000 21 335 795 1615
180 2 2 1000 21 299 763 1520
181 2 2 1000 21 300 765 1521
182 2 2 1000 21 297 1518 764
183 2 2 1000 21 298 1519 766
184 2 2 1000 21 357 1886 751
185 2 2 1000 21 358 1887 752
186 2 2 1000 21 359 1888 753
187 2 2 1000 21 360 1889 754
188 2 2 1000 21 317 649 1617
189 2 2 1000 21 318 650 1618
190 2 2 1000 21 321 651 1619
191 2 2 1000 21 322 652 1620
192 2 2 1000 21 218 685 886
193 2 2 1000 21 220 686 887
194 2 2 1000 21 222 687 888
195 2 2 1000 21 224 688 889
196 2 2 1000 21 357 755 1886
197 2 2 1000 21 358 756 1887
198 2 2 1000 21 359 757 1888
199 2 2 1000 21 360 758 1889
200 2 2 1000 21 329 1289 894
201 2 2 1000 21 330 1290 895
202 2 2 1000 21 331 1291 896
203 2 2 1000 21 332 1292 897
204 2 2 1000 21 361 823 819
205 2 2 1000 21 362 824 820
206 2 2 1000 21 363 825 821
207 2 2 1000 21 364 826 822
208 2 2 1000 21 401 999 609
209 2 2 1000 21 402 1000 610
210 2 2 1000 21 403 1001 611
211 2 2 1000 21 404 1002 612
212 2 2 1000 21 572 894 1289
213 2 2 1000 21 571 895 1290
214 2 2 1000 21 574 896 1291
215 2 2 1000 21 573 897 1292
216 2 2 1000 21 401 609 1261
217 2 2 1000 21 402 610 1262
218 2 2 1000 21 403 611 1263
219 2 2 1000 21 404 612 1264
220 2 2 1000 21 441 819 823
221 2 2 1000 21 442 820 824
222 2 2 1000 21 443 821 825
223 2 2 1000 21 444 822 826
224 2 2 1000 21 433 709 866
225 2 2 1000 21 434 710 868
226 2 2 1000 21 435 711 867
227 2 2 1000 21 436 712 869
228 2 2 1000 21 661 1027 1187
229 2 2 1000 21 663 1028 1188
230 2 2 1000 21 662 1029 1189
231 2 2 1000 21 664 1030 1190
232 2 2 1000 21 377 705 1744
233 2 2 1000 21 378 706 1745
234 2 2 1000 21 379 707 1746
235 2 2 1000 21 380 708 1747
236 2 2 1000 21 1187 1027 313
237 2 2 1000 21 1188 1028 315
238 2 2 1000 21 1189 1029 314
239 2 2 1000 21 1190 1030 316
240 2 2 1000 21 391 637 955
241 2 2 1000 21 392 638 956
242 2 2 1000 21 387 957 640
243 2 2 1000 21 388 958 641
244 2 2 1000 21 389 639 959
245 2 2 1000 21 390 642 960
246 2 2 1000 21 385 961 643
247 2 2 1000 21 386 962 644
248 2 2 1000 21 393 609 1494
249 2 2 1000 21 394 610 1495
250 2 2 1000 21 395 611 1496
251 2 2 1000 21 396 612 1497
252 2 2 1000 21 819 1331 1820
253 2 2 1000 21 821 1332 1821
254 2 2 1000 21 820 1333 1822
255 2 2 1000 21 822 1334 1823
256 2 2 1000 21 585 1615 795
257 2 2 1000 21 398 1447 964
258 2 2 1000 21 397 1446 963
259 2 2 1000 21 400 1449 966
260 2 2 1000 21 399 1448 965
261 2 2 1000 21 964 1447 1595
262 2 2 1000 21 963 1446 1594
263 2 2 1000 21 966 1449 1597
264 2 2 1000 21 965 1448 1596
265 2 2 1000 21 273 669 1394
266 2 2 1000 21 274 670 1395
267 2 2 1000 21 275 671 1396
268 2 2 1000 21 276 672 1397
269 2 2 1000 21 509 1394 669
270 2 2 1000 21 510 1395 670
271 2 2 1000 21 511 1396 671
272 2 2 1000 21 512 1397 672
273 2 2 1000 21 301 1331 819
274 2 2 1000 21 303 1332 821
275 2 2 1000 21 302 1333 820
276 2 2 1000 21 304 1334 822
277 2 2 1000 21 373 935 682
278 2 2 1000 21 374 936 684
279 2 2 1000 21 375 681 937
280 2 2 1000 21 376 683 938
281 2 2 1000 21 393 1023 609
282 2 2 1000 21 394 1024 610
283 2 2 1000 21 395 1025 611
284 2 2 1000 21 396 1026 612
285 2 2 1000 21 413 700 1015
286 2 2 1000 21 414 702 1016
287 2 2 1000 21 415 701 1017
288 2 2 1000 21 416 703 1018
289 2 2 1000 21 385 643 1218
290 2 2 1000 21 387 640 1217
291 2 2 1000 21 386 644 1220
292 2 2 1000 21 388 641 1219
293 2 2 1000 21 397 1208 657
294 2 2 1000 21 398 1207 658
295 2 2 1000 21 399 1210 659
296 2 2 1000 21 400 1209 660
297 2 2 1000 21 133 613 1135
298 2 2 1000 21 94 614 1136
299 2 2 1000 21 40 615 1138
300 2 2 1000 21 79 616 1140
301 2 2 1000 21 16 1137 617
302 2 2 1000 21 55 1139 618
303 2 2 1000 21 157 1141 619
304 2 2 1000 21 118 1142 620
305 2 2 1000 21 40 1608 615
306 2 2 1000 21 79 1609 616
307 2 2 1000 21 157 619 1606
308 2 2 1000 21 118 620 1607
309 2 2 1000 21 133 1612 613
310 2 2 1000 21 94 1613 614
311 2 2 1000 21 16 617 1610
312 2 2 1000 21 55 618 1611
313 2 2 1000 21 130 131 739
314 2 2 1000 21 91 92 740
315 2 2 1000 21 42 741 43
316 2 2 1000 21 81 742 82
317 2 2 1000 21 13 743 14
318 2 2 1000 21 52 744 53
319 2 2 1000 21 159 160 745
320 2 2 1000 21 120 121 746
321 2 2 1000 21 381 1530 673
322 2 2 1000 21 382 1531 674
323 2 2 1000 21 383 1532 675
324 2 2 1000 21 384 1533 676
325 2 2 1000 21 509 669 1410
326 2 2 1000 21 510 670 1411
327 2 2 1000 21 511 671 1412
328 2 2 1000 21 512 672 1413
329 2 2 1000 21 277 793 1065
330 2 2 1000 21 278 794 1066
331 2 2 1000 21 279 795 1068
332 2 2 1000 21 280 796 1070
333 2 2 1000 21 261 906 713
334 2 2 1000 21 264 907 714
335 2 2 1000 21 391 989 637
336 2 2 1000 21 392 990 638
337 2 2 1000 21 389 987 639
338 2 2 1000 21 390 988 642
339 2 2 1000 21 1 1089 9
340 2 2 1000 21 1 126 1089
341 2 2 1000 21 2 1090 48
342 2 2 1000 21 4 87 1091
343 2 2 1000 21 2 47 1090
344 2 2 1000 21 4 1091 164
345 2 2 1000 21 3 86 1092
346 2 2 1000 21 3 1092 125
347 2 2 1000 21 262 719 908
348 2 2 1000 21 263 720 909
349 2 2 1000 21 261 910 721
350 2 2 1000 21 264 911 722
351 2 2 1000 21 469 1065 793
352 2 2 1000 21 470 1066 794
353 2 2 1000 21 471 1068 795
354 2 2 1000 21 472 1070 796
355 2 2 1000 21 353 1003 870
356 2 2 1000 21 354 1004 871
357 2 2 1000 21 355 1005 872
358 2 2 1000 21 356 1006 873
359 2 2 1000 21 375 1311 681
360 2 2 1000 21 376 1312 683
361 2 2 1000 21 373 682 1313
362 2 2 1000 21 374 684 1314
363 2 2 1000 21 721 910 1653
364 2 2 1000 21 722 911 1654
365 2 2 1000 21 719 1651 908
366 2 2 1000 21 720 1652 909
367 2 2 1000 21 309 975 673
368 2 2 1000 21 310 976 674
369 2 2 1000 21 311 977 675
370 2 2 1000 21 312 978 676
371 2 2 1000 21 375 1653 910
372 2 2 1000 21 376 1654 911
373 2 2 1000 21 373 908 1651
374 2 2 1000 21 374 909 1652
375 2 2 1000 21 485 828 1179
376 2 2 1000 21 486 829 1180
377 2 2 1000 21 487 830 1181
378 2 2 1000 21 488 831 1182
379 2 2 1000 21 377 1744 759
380 2 2 1000 21 378 1745 760
381 2 2 1000 21 379 1746 761
382 2 2 1000 21 380 1747 762
383 2 2 1000 21 870 1003 1548
384 2 2 1000 21 871 1004 1549
385 2 2 1000 21 872 1005 1550
386 2 2 1000 21 873 1006 1551
387 2 2 1000 21 425 691 1539
388 2 2 1000 21 426 692 1538
389 2 2 1000 21 427 1536 689
390 2 2 1000 21 428 1537 690
391 2 2 1000 21 194 657 1208
392 2 2 1000 21 182 658 1207
393 2 2 1000 21 206 659 1210
394 2 2 1000 21 170 660 1209
395 2 2 1000 21 517 784 1552
396 2 2 1000 21 309 1582 832
397 2 2 1000 21 310 1583 834
398 2 2 1000 21 311 1584 833
399 2 2 1000 21 312 1585 835
400 2 2 1000 21 197 700 1007
401 2 2 1000 21 185 701 1009
402 2 2 1000 21 209 702 1008
403 2 2 1000 21 173 703 1010
404 2 2 1000 21 455 1309 1211
405 2 2 1000 21 456 1310 1212
406 2 2 1000 21 329 1685 654
407 2 2 1000 21 330 1684 653
408 2 2 1000 21 331 1687 656
409 2 2 1000 21 332 1686 655
410 2 2 1000 21 325 1470 727
411 2 2 1000 21 327 1472 728
412 2 2 1000 21 326 1471 729
413 2 2 1000 21 328 1473 730
414 2 2 1000 21 545 862 870
415 2 2 1000 21 546 863 871
416 2 2 1000 21 547 864 872
417 2 2 1000 21 548 865 873
418 2 2 1000 21 353 870 862
419 2 2 1000 21 354 871 863
420 2 2 1000 21 355 872 864
421 2 2 1000 21 356 873 865
422 2 2 1000 21 469 1135 1065
423 2 2 1000 21 470 1136 1066
424 2 2 1000 21 473 1067 1137
425 2 2 1000 21 474 1069 1139
426 2 2 1000 21 471 1138 1068
427 2 2 1000 21 472 1140 1070
428 2 2 1000 21 475 1071 1141
429 2 2 1000 21 476 1072 1142
430 2 2 1000 21 613 1065 1135
431 2 2 1000 21 614 1066 1136
432 2 2 1000 21 617 1137 1067
433 2 2 1000 21 618 1139 1069
434 2 2 1000 21 615 1068 1138
435 2 2 1000 21 616 1070 1140
436 2 2 1000 21 619 1141 1071
437 2 2 1000 21 620 1142 1072
438 2 2 1000 21 425 1101 691
439 2 2 1000 21 427 689 1103
440 2 2 1000 21 426 1102 692
441 2 2 1000 21 428 690 1104
442 2 2 1000 21 381 673 975
443 2 2 1000 21 382 674 976
444 2 2 1000 21 383 675 977
445 2 2 1000 21 384 676 978
446 2 2 1000 21 630 920 1467
447 2 2 1000 21 629 919 1466
448 2 2 1000 21 632 922 1469
449 2 2 1000 21 631 921 1468
450 2 2 1000 21 317 1105 649
451 2 2 1000 21 318 1106 650
452 2 2 1000 21 321 1107 651
453 2 2 1000 21 322 1108 652
454 2 2 1000 21 241 1466 919
455 2 2 1000 21 242 1467 920
456 2 2 1000 21 243 1468 921
457 2 2 1000 21 244 1469 922
458 2 2 1000 21 784 1248 1552
459 2 2 1000 21 579 832 1582
460 2 2 1000 21 580 834 1583
461 2 2 1000 21 581 833 1584
462 2 2 1000 21 582 835 1585
463 2 2 1000 21 433 866 939
464 2 2 1000 21 435 867 941
465 2 2 1000 21 434 868 940
466 2 2 1000 21 436 869 942
467 2 2 1000 21 162 1357 785
468 2 2 1000 21 123 1358 786
469 2 2 1000 21 11 1353 782
470 2 2 1000 21 50 1354 784
471 2 2 1000 21 45 781 1355
472 2 2 1000 21 84 783 1356
473 2 2 1000 21 128 779 1351
474 2 2 1000 21 89 780 1352
475 2 2 1000 21 397 657 1239
476 2 2 1000 21 398 658 1240
477 2 2 1000 21 399 659 1241
478 2 2 1000 21 400 660 1242
479 2 2 1000 21 541 902 1269
480 2 2 1000 21 542 903 1270
481 2 2 1000 21 543 904 1271
482 2 2 1000 21 544 905 1272
483 2 2 1000 21 417 939 866
484 2 2 1000 21 419 941 867
485 2 2 1000 21 418 940 868
486 2 2 1000 21 420 942 869
487 2 2 1000 21 1203 1359 1890
488 2 2 1000 21 1204 1360 1891
489 2 2 1000 21 1206 1361 1893
490 2 2 1000 21 182 1295 658
491 2 2 1000 21 170 1296 660
492 2 2 1000 21 194 1293 657
493 2 2 1000 21 206 1294 659
494 2 2 1000 21 309 673 1015
495 2 2 1000 21 310 674 1016
496 2 2 1000 21 311 675 1017
497 2 2 1000 21 312 676 1018
498 2 2 1000 21 453 882 805
499 2 2 1000 21 454 883 806
500 2 2 1000 21 329 654 1414
501 2 2 1000 21 330 653 1415
502 2 2 1000 21 331 656 1416
503 2 2 1000 21 332 655 1417
504 2 2 1000 21 226 805 882
505 2 2 1000 21 228 806 883
506 2 2 1000 21 297 764 1370
507 2 2 1000 21 298 766 1371
508 2 2 1000 21 261 721 1814
509 2 2 1000 21 264 722 1815
510 2 2 1000 21 599 1227 1199
511 2 2 1000 21 600 1228 1200
512 2 2 1000 21 601 1229 1201
513 2 2 1000 21 602 1230 1202
514 2 2 1000 21 828 1627 1179
515 2 2 1000 21 829 1628 1180
516 2 2 1000 21 830 1629 1181
517 2 2 1000 21 831 1630 1182
518 2 2 1000 21 229 1359 1203
519 2 2 1000 21 231 1360 1204
520 2 2 1000 21 232 1361 1206
521 2 2 1000 21 273 1590 669
522 2 2 1000 21 274 1591 670
523 2 2 1000 21 275 1592 671
524 2 2 1000 21 276 1593 672
525 2 2 1000 21 309 832 1783
526 2 2 1000 21 310 834 1784
527 2 2 1000 21 311 833 1785
528 2 2 1000 21 312 835 1786
529 2 2 1000 21 649 767 1617
530 2 2 1000 21 650 768 1618
531 2 2 1000 21 651 769 1619
532 2 2 1000 21 652 770 1620
533 2 2 1000 21 197 1507 700
534 2 2 1000 21 185 1508 701
535 2 2 1000 21 209 1509 702
536 2 2 1000 21 173 1510 703
537 2 2 1000 21 407 981 715
538 2 2 1000 21 408 982 716
539 2 2 1000 21 405 717 979
540 2 2 1000 21 406 718 980
541 2 2 1000 21 241 1269 902
542 2 2 1000 21 242 1270 903
543 2 2 1000 21 243 1271 904
544 2 2 1000 21 244 1272 905
545 2 2 1000 21 665 1820 1331
546 2 2 1000 21 667 1822 1333
547 2 2 1000 21 666 1821 1332
548 2 2 1000 21 668 1823 1334
549 2 2 1000 21 277 1349 828
550 2 2 1000 21 278 1350 829
551 2 2 1000 21 279 1347 830
552 2 2 1000 21 280 1348 831
553 2 2 1000 21 267 931 981
554 2 2 1000 21 268 932 982
555 2 2 1000 21 265 979 933
556 2 2 1000 21 266 980 934
557 2 2 1000 21 271 935 985
558 2 2 1000 21 272 936 986
559 2 2 1000 21 269 983 937
560 2 2 1000 21 270 984 938
561 2 2 1000 21 262 1177 836
562 2 2 1000 21 263 1178 837
563 2 2 1000 21 261 838 1175
564 2 2 1000 21 264 839 1176
565 2 2 1000 21 413 1007 700
566 2 2 1000 21 414 1008 702
567 2 2 1000 21 415 1009 701
568 2 2 1000 21 416 1010 703
569 2 2 1000 21 481 1327 731
570 2 2 1000 21 483 1329 733
571 2 2 1000 21 484 1330 734
572 2 2 1000 21 457 1199 1227
573 2 2 1000 21 458 1200 1228
574 2 2 1000 21 459 1201 1229
575 2 2 1000 21 460 1202 1230
576 2 2 1000 21 281 731 1327
577 2 2 1000 21 282 732 1328
578 2 2 1000 21 283 733 1329
579 2 2 1000 21 284 734 1330
580 2 2 1000 21 1185 1402 1921
581 2 2 1000 21 1183 1919 1404
582 2 2 1000 21 1186 1403 1922
583 2 2 1000 21 1184 1920 1405
584 2 2 1000 21 377 1941 705
585 2 2 1000 21 379 1939 707
586 2 2 1000 21 378 1942 706
587 2 2 1000 21 380 1940 708
588 2 2 1000 21 411 985 1534
589 2 2 1000 21 412 986 1535
590 2 2 1000 21 697 1511 1770
591 2 2 1000 21 698 1512 1771
592 2 2 1000 21 699 1513 1772
593 2 2 1000 21 325 1637 1470
594 2 2 1000 21 327 1638 1472
595 2 2 1000 21 326 1639 1471
596 2 2 1000 21 328 1640 1473
597 2 2 1000 21 123 124 1358
598 2 2 1000 21 162 163 1357
599 2 2 1000 21 49 1354 50
600 2 2 1000 21 10 1353 11
601 2 2 1000 21 84 1356 85
602 2 2 1000 21 45 1355 46
603 2 2 1000 21 88 89 1352
604 2 2 1000 21 127 128 1351
605 2 2 1000 21 719 1534 985
606 2 2 1000 21 720 1535 986
607 2 2 1000 21 323 1265 1013
608 2 2 1000 21 324 1266 1014
609 2 2 1000 21 453 747 1191
610 2 2 1000 21 454 748 1192
611 2 2 1000 21 455 749 1193
612 2 2 1000 21 456 750 1194
613 2 2 1000 21 625 1013 1265
614 2 2 1000 21 626 1014 1266
615 2 2 1000 21 455 1211 749
616 2 2 1000 21 456 1212 750
617 2 2 1000 21 465 1339 967
618 2 2 1000 21 466 1340 968
619 2 2 1000 21 467 1341 969
620 2 2 1000 21 468 1342 970
621 2 2 1000 21 218 1231 685
622 2 2 1000 21 220 1232 686
623 2 2 1000 21 222 1233 687
624 2 2 1000 21 224 1234 688
625 2 2 1000 21 377 759 1343
626 2 2 1000 21 378 760 1344
627 2 2 1000 21 379 761 1345
628 2 2 1000 21 380 762 1346
629 2 2 1000 21 213 709 1406
630 2 2 1000 21 214 710 1407
631 2 2 1000 21 215 711 1408
632 2 2 1000 21 216 712 1409
633 2 2 1000 21 1289 329 1155
634 2 2 1000 21 1290 330 1157
635 2 2 1000 21 1291 331 1156
636 2 2 1000 21 1292 332 1158
637 2 2 1000 21 529 1343 759
638 2 2 1000 21 530 1344 760
639 2 2 1000 21 531 1345 761
640 2 2 1000 21 532 1346 762
641 2 2 1000 21 262 1534 719
642 2 2 1000 21 263 1535 720
643 2 2 1000 21 553 1770 1511
644 2 2 1000 21 554 1771 1512
645 2 2 1000 21 556 1772 1513
646 2 2 1000 21 967 1339 1878
647 2 2 1000 21 968 1340 1879
648 2 2 1000 21 969 1341 1880
649 2 2 1000 21 970 1342 1881
650 2 2 1000 21 262 908 1177
651 2 2 1000 21 263 909 1178
652 2 2 1000 21 261 1175 910
653 2 2 1000 21 264 1176 911
654 2 2 1000 21 705 1289 1155
655 2 2 1000 21 707 1290 1157
656 2 2 1000 21 706 1291 1156
657 2 2 1000 21 708 1292 1158
658 2 2 1000 21 144 1300 689
659 2 2 1000 21 105 1299 690
660 2 2 1000 21 27 691 1297
661 2 2 1000 21 66 692 1298
662 2 2 1000 21 253 1191 747
663 2 2 1000 21 254 1192 748
664 2 2 1000 21 255 1193 749
665 2 2 1000 21 256 1194 750
666 2 2 1000 21 144 689 1536
667 2 2 1000 21 105 690 1537
668 2 2 1000 21 27 1539 691
669 2 2 1000 21 66 1538 692
670 2 2 1000 21 323 749 1211
671 2 2 1000 21 324 750 1212
672 2 2 1000 21 437 1183 1404
673 2 2 1000 21 438 1184 1405
674 2 2 1000 21 439 1402 1185
675 2 2 1000 21 440 1403 1186
676 2 2 1000 21 653 1684 1031
677 2 2 1000 21 654 1685 1032
678 2 2 1000 21 655 1686 1033
679 2 2 1000 21 656 1687 1034
680 2 2 1000 21 297 1370 1730
681 2 2 1000 21 298 1371 1731
682 2 2 1000 21 537 816 963
683 2 2 1000 21 538 815 964
684 2 2 1000 21 539 818 965
685 2 2 1000 21 540 817 966
686 2 2 1000 21 405 1362 1231
687 2 2 1000 21 406 1363 1232
688 2 2 1000 21 409 1364 1233
689 2 2 1000 21 410 1365 1234
690 2 2 1000 21 397 963 816
691 2 2 1000 21 398 964 815
692 2 2 1000 21 399 965 818
693 2 2 1000 21 400 966 817
694 2 2 1000 21 767 1838 1688
695 2 2 1000 21 768 1839 1689
696 2 2 1000 21 769 1840 1690
697 2 2 1000 21 770 1841 1691
698 2 2 1000 21 481 731 1019
699 2 2 1000 21 483 733 1020
700 2 2 1000 21 484 734 1021
701 2 2 1000 21 180 181 815
702 2 2 1000 21 168 169 817
703 2 2 1000 21 192 193 816
704 2 2 1000 21 204 205 818
705 2 2 1000 21 1838 393 1688
706 2 2 1000 21 1839 394 1689
707 2 2 1000 21 1840 395 1690
708 2 2 1000 21 1841 396 1691
709 2 2 1000 21 261 713 1225
710 2 2 1000 21 264 714 1226
711 2 2 1000 21 793 1035 1752
712 2 2 1000 21 794 1036 1753
713 2 2 1000 21 796 1038 1754
714 2 2 1000 21 449 919 1213
715 2 2 1000 21 450 921 1214
716 2 2 1000 21 451 920 1215
717 2 2 1000 21 452 922 1216
718 2 2 1000 21 407 1253 1380
719 2 2 1000 21 408 1254 1381
720 2 2 1000 21 411 1255 1382
721 2 2 1000 21 412 1256 1383
722 2 2 1000 21 245 727 1043
723 2 2 1000 21 246 728 1044
724 2 2 1000 21 247 729 1045
725 2 2 1000 21 248 730 1046
726 2 2 1000 21 226 1161 1251
727 2 2 1000 21 228 1162 1252
728 2 2 1000 21 685 1231 1362
729 2 2 1000 21 686 1232 1363
730 2 2 1000 21 687 1233 1364
731 2 2 1000 21 688 1234 1365
732 2 2 1000 21 453 805 1267
733 2 2 1000 21 454 806 1268
734 2 2 1000 21 627 787 1580
735 2 2 1000 21 628 788 1581
736 2 2 1000 21 126 1351 1089
737 2 2 1000 21 87 1352 1091
738 2 2 1000 21 9 1089 1353
739 2 2 1000 21 47 1355 1090
740 2 2 1000 21 48 1090 1354
741 2 2 1000 21 86 1356 1092
742 2 2 1000 21 164 1091 1357
743 2 2 1000 21 125 1092 1358
744 2 2 1000 21 230 1244 827
745 2 2 1000 21 277 1065 1349
746 2 2 1000 21 278 1066 1350
747 2 2 1000 21 279 1068 1347
748 2 2 1000 21 280 1070 1348
749 2 2 1000 21 236 1179 1081
750 2 2 1000 21 238 1180 1082
751 2 2 1000 21 239 1181 1083
752 2 2 1000 21 240 1182 1084
753 2 2 1000 21 229 1019 1770
754 2 2 1000 21 231 1020 1771
755 2 2 1000 21 232 1021 1772
756 2 2 1000 21 407 715 1109
757 2 2 1000 21 408 716 1110
758 2 2 1000 21 405 1111 717
759 2 2 1000 21 406 1112 718
760 2 2 1000 21 649 1838 767
761 2 2 1000 21 650 1839 768
762 2 2 1000 21 651 1840 769
763 2 2 1000 21 652 1841 770
764 2 2 1000 21 1752 1035 583
765 2 2 1000 21 1753 1036 584
766 2 2 1000 21 1754 1038 586
767 2 2 1000 21 587 1081 1179
768 2 2 1000 21 588 1082 1180
769 2 2 1000 21 589 1083 1181
770 2 2 1000 21 590 1084 1182
771 2 2 1000 21 693 1380 1253
772 2 2 1000 21 694 1381 1254
773 2 2 1000 21 695 1382 1255
774 2 2 1000 21 696 1383 1256
775 2 2 1000 21 441 1163 874
776 2 2 1000 21 442 1164 875
777 2 2 1000 21 443 1165 876
778 2 2 1000 21 444 1166 877
779 2 2 1000 21 561 1211 1309
780 2 2 1000 21 562 1212 1310
781 2 2 1000 21 258 1111 737
782 2 2 1000 21 257 735 1109
783 2 2 1000 21 260 1112 738
784 2 2 1000 21 259 736 1110
785 2 2 1000 21 433 1187 709
786 2 2 1000 21 434 1189 710
787 2 2 1000 21 435 1188 711
788 2 2 1000 21 436 1190 712
789 2 2 1000 21 627 1580 1619
790 2 2 1000 21 628 1581 1620
791 2 2 1000 21 529 1105 1085
792 2 2 1000 21 530 1106 1086
793 2 2 1000 21 437 1404 1768
794 2 2 1000 21 438 1405 1769
795 2 2 1000 21 299 1498 763
796 2 2 1000 21 300 1499 765
797 2 2 1000 21 515 912 1303
798 2 2 1000 21 519 913 1307
799 2 2 1000 21 520 914 1308
800 2 2 1000 21 673 1530 1043
801 2 2 1000 21 675 1532 1045
802 2 2 1000 21 674 1531 1044
803 2 2 1000 21 676 1533 1046
804 2 2 1000 21 361 878 1257
805 2 2 1000 21 363 880 1259
806 2 2 1000 21 362 879 1258
807 2 2 1000 21 364 881 1260
808 2 2 1000 21 126 127 1351
809 2 2 1000 21 87 88 1352
810 2 2 1000 21 9 1353 10
811 2 2 1000 21 48 1354 49
812 2 2 1000 21 46 1355 47
813 2 2 1000 21 85 1356 86
814 2 2 1000 21 163 164 1357
815 2 2 1000 21 124 125 1358
816 2 2 1000 21 449 1027 919
817 2 2 1000 21 451 1029 920
818 2 2 1000 21 450 1028 921
819 2 2 1000 21 452 1030 922
820 2 2 1000 21 325 727 1213
821 2 2 1000 21 327 728 1214
822 2 2 1000 21 326 729 1215
823 2 2 1000 21 328 730 1216
824 2 2 1000 21 337 1824 743
825 2 2 1000 21 338 1825 744
826 2 2 1000 21 339 1826 745
827 2 2 1000 21 340 1827 746
828 2 2 1000 21 593 1251 1161
829 2 2 1000 21 594 1252 1162
830 2 2 1000 21 393 1886 1688
831 2 2 1000 21 394 1887 1689
832 2 2 1000 21 395 1888 1690
833 2 2 1000 21 396 1889 1691
834 2 2 1000 21 281 1526 731
835 2 2 1000 21 282 1527 732
836 2 2 1000 21 283 1528 733
837 2 2 1000 21 284 1529 734
838 2 2 1000 21 245 1418 727
839 2 2 1000 21 246 1419 728
840 2 2 1000 21 247 1420 729
841 2 2 1000 21 248 1421 730
842 2 2 1000 21 878 1394 1257
843 2 2 1000 21 880 1396 1259
844 2 2 1000 21 879 1395 1258
845 2 2 1000 21 881 1397 1260
846 2 2 1000 21 261 1814 906
847 2 2 1000 21 264 1815 907
848 2 2 1000 21 685 1952 886
849 2 2 1000 21 686 1953 887
850 2 2 1000 21 687 1954 888
851 2 2 1000 21 688 1955 889
852 2 2 1000 21 398 815 1207
853 2 2 1000 21 397 816 1208
854 2 2 1000 21 400 817 1209
855 2 2 1000 21 399 818 1210
856 2 2 1000 21 218 1569 890
857 2 2 1000 21 220 1570 891
858 2 2 1000 21 222 1571 892
859 2 2 1000 21 224 1572 893
860 2 2 1000 21 874 1163 1327
861 2 2 1000 21 875 1164 1328
862 2 2 1000 21 876 1165 1329
863 2 2 1000 21 877 1166 1330
864 2 2 1000 21 886 1952 1808
865 2 2 1000 21 887 1953 1809
866 2 2 1000 21 888 1954 1810
867 2 2 1000 21 889 1955 1811
868 2 2 1000 21 245 1043 1530
869 2 2 1000 21 247 1045 1532
870 2 2 1000 21 246 1044 1531
871 2 2 1000 21 248 1046 1533
872 2 2 1000 21 285 1335 870
873 2 2 1000 21 286 1336 871
874 2 2 1000 21 287 1337 872
875 2 2 1000 21 288 1338 873
876 2 2 1000 21 130 739 1079
877 2 2 1000 21 91 740 1080
878 2 2 1000 21 43 741 1075
879 2 2 1000 21 82 742 1076
880 2 2 1000 21 13 1077 743
881 2 2 1000 21 52 1078 744
882 2 2 1000 21 160 1073 745
883 2 2 1000 21 121 1074 746
884 2 2 1000 21 609 999 1494
885 2 2 1000 21 610 1000 1495
886 2 2 1000 21 611 1001 1496
887 2 2 1000 21 612 1002 1497
888 2 2 1000 21 545 870 1335
889 2 2 1000 21 546 871 1336
890 2 2 1000 21 547 872 1337
891 2 2 1000 21 548 873 1338
892 2 2 1000 21 149 1311 927
893 2 2 1000 21 110 1312 928
894 2 2 1000 21 71 930 1314
895 2 2 1000 21 32 929 1313
896 2 2 1000 21 919 1544 1213
897 2 2 1000 21 920 1545 1215
898 2 2 1000 21 921 1546 1214
899 2 2 1000 21 922 1547 1216
900 2 2 1000 21 529 759 1105
901 2 2 1000 21 530 760 1106
902 2 2 1000 21 531 761 1107
903 2 2 1000 21 532 762 1108
904 2 2 1000 21 455 884 1309
905 2 2 1000 21 456 885 1310
906 2 2 1000 21 912 1852 1303
907 2 2 1000 21 913 1853 1307
908 2 2 1000 21 914 1854 1308
909 2 2 1000 21 413 1043 1470
910 2 2 1000 21 414 1044 1472
911 2 2 1000 21 415 1045 1471
912 2 2 1000 21 416 1046 1473
913 2 2 1000 21 401 1261 811
914 2 2 1000 21 402 1262 812
915 2 2 1000 21 403 1263 813
916 2 2 1000 21 404 1264 814
917 2 2 1000 21 253 747 1227
918 2 2 1000 21 254 748 1228
919 2 2 1000 21 255 749 1229
920 2 2 1000 21 256 750 1230
921 2 2 1000 21 727 1470 1043
922 2 2 1000 21 728 1472 1044
923 2 2 1000 21 729 1471 1045
924 2 2 1000 21 730 1473 1046
925 2 2 1000 21 457 1503 890
926 2 2 1000 21 458 1504 891
927 2 2 1000 21 459 1505 892
928 2 2 1000 21 460 1506 893
929 2 2 1000 21 335 1321 795
930 2 2 1000 21 700 1582 1015
931 2 2 1000 21 701 1584 1017
932 2 2 1000 21 702 1583 1016
933 2 2 1000 21 703 1585 1018
934 2 2 1000 21 343 987 775
935 2 2 1000 21 344 988 776
936 2 2 1000 21 347 989 777
937 2 2 1000 21 348 990 778
938 2 2 1000 21 583 1890 1359
939 2 2 1000 21 584 1891 1360
940 2 2 1000 21 586 1893 1361
941 2 2 1000 21 381 1956 1530
942 2 2 1000 21 382 1957 1531
943 2 2 1000 21 383 1958 1532
944 2 2 1000 21 384 1959 1533
945 2 2 1000 21 417 1968 807
946 2 2 1000 21 419 1970 809
947 2 2 1000 21 418 1969 808
948 2 2 1000 21 420 1971 810
949 2 2 1000 21 257 1183 735
950 2 2 1000 21 259 1184 736
951 2 2 1000 21 258 737 1185
952 2 2 1000 21 260 738 1186
953 2 2 1000 21 425 1539 997
954 2 2 1000 21 426 1538 998
955 2 2 1000 21 427 995 1536
956 2 2 1000 21 428 996 1537
957 2 2 1000 21 466 924 1058
958 2 2 1000 21 465 923 1057
959 2 2 1000 21 468 926 1060
960 2 2 1000 21 467 925 1059
961 2 2 1000 21 313 1057 923
962 2 2 1000 21 315 1058 924
963 2 2 1000 21 314 1059 925
964 2 2 1000 21 316 1060 926
965 2 2 1000 21 705 1941 1289
966 2 2 1000 21 707 1939 1290
967 2 2 1000 21 706 1942 1291
968 2 2 1000 21 708 1940 1292
969 2 2 1000 21 131 1167 739
970 2 2 1000 21 92 1168 740
971 2 2 1000 21 42 1171 741
972 2 2 1000 21 81 1172 742
973 2 2 1000 21 14 743 1169
974 2 2 1000 21 53 744 1170
975 2 2 1000 21 159 745 1173
976 2 2 1000 21 120 746 1174
977 2 2 1000 21 827 1244 1877
978 2 2 1000 21 375 927 1311
979 2 2 1000 21 376 928 1312
980 2 2 1000 21 373 1313 929
981 2 2 1000 21 374 1314 930
982 2 2 1000 21 453 1267 747
983 2 2 1000 21 454 1268 748
984 2 2 1000 21 289 1494 999
985 2 2 1000 21 291 1496 1001
986 2 2 1000 21 290 1495 1000
987 2 2 1000 21 292 1497 1002
988 2 2 1000 21 931 1647 981
989 2 2 1000 21 932 1648 982
990 2 2 1000 21 933 979 1649
991 2 2 1000 21 934 980 1650
992 2 2 1000 21 935 1651 985
993 2 2 1000 21 936 1652 986
994 2 2 1000 21 937 983 1653
995 2 2 1000 21 938 984 1654
996 2 2 1000 21 229 1243 1019
997 2 2 1000 21 231 1245 1020
998 2 2 1000 21 232 1246 1021
999 2 2 1000 21 393 1494 1886
1000 2 2 1000 21 394 1495 1887
1001 2 2 1000 21 395 1496 1888
1002 2 2 1000 21 396 1497 1889
1003 2 2 1000 21 521 771 1388
1004 2 2 1000 21 522 772 1389
1005 2 2 1000 21 523 773 1390
1006 2 2 1000 21 524 774 1391
1007 2 2 1000 21 337 743 1303
1008 2 2 1000 21 338 744 1305
1009 2 2 1000 21 339 745 1307
1010 2 2 1000 21 340 746 1308
1011 2 2 1000 21 305 1388 771
1012 2 2 1000 21 306 1389 772
1013 2 2 1000 21 307 1390 773
1014 2 2 1000 21 308 1391 774
1015 2 2 1000 21 421 1031 1684
1016 2 2 1000 21 423 1032 1685
1017 2 2 1000 21 422 1033 1686
1018 2 2 1000 21 424 1034 1687
1019 2 2 1000 21 417 866 1968
1020 2 2 1000 21 419 867 1970
1021 2 2 1000 21 418 868 1969
1022 2 2 1000 21 420 869 1971
1023 2 2 1000 21 497 878 971
1024 2 2 1000 21 498 879 972
1025 2 2 1000 21 499 880 973
1026 2 2 1000 21 500 881 974
1027 2 2 1000 21 1927 202 1118
1028 2 2 1000 21 1928 166 1120
1029 2 2 1000 21 1929 190 1117
1030 2 2 1000 21 1930 178 1119
1031 2 2 1000 21 585 795 1037
1032 2 2 1000 21 361 971 878
1033 2 2 1000 21 362 972 879
1034 2 2 1000 21 363 973 880
1035 2 2 1000 21 364 974 881
1036 2 2 1000 21 281 951 1067
1037 2 2 1000 21 283 953 1071
1038 2 2 1000 21 282 952 1069
1039 2 2 1000 21 284 954 1072
1040 2 2 1000 21 621 1231 1503
1041 2 2 1000 21 622 1232 1504
1042 2 2 1000 21 625 1233 1505
1043 2 2 1000 21 626 1234 1506
1044 2 2 1000 21 890 1569 1097
1045 2 2 1000 21 891 1570 1098
1046 2 2 1000 21 892 1571 1099
1047 2 2 1000 21 893 1572 1100
1048 2 2 1000 21 201 202 1927
1049 2 2 1000 21 165 166 1928
1050 2 2 1000 21 189 190 1929
1051 2 2 1000 21 177 178 1930
1052 2 2 1000 21 531 1107 1159
1053 2 2 1000 21 532 1108 1160
1054 2 2 1000 21 417 1315 1335
1055 2 2 1000 21 418 1316 1336
1056 2 2 1000 21 419 1317 1337
1057 2 2 1000 21 420 1318 1338
1058 2 2 1000 21 319 1902 747
1059 2 2 1000 21 320 1903 748
1060 2 2 1000 21 323 1904 749
1061 2 2 1000 21 324 1905 750
1062 2 2 1000 21 317 1085 1105
1063 2 2 1000 21 318 1086 1106
1064 2 2 1000 21 597 1921 1402
1065 2 2 1000 21 598 1922 1403
1066 2 2 1000 21 595 1404 1919
1067 2 2 1000 21 596 1405 1920
1068 2 2 1000 21 787 1534 1806
1069 2 2 1000 21 788 1535 1807
1070 2 2 1000 21 549 1548 1003
1071 2 2 1000 21 550 1549 1004
1072 2 2 1000 21 551 1550 1005
1073 2 2 1000 21 552 1551 1006
1074 2 2 1000 21 149 150 1311
1075 2 2 1000 21 110 111 1312
1076 2 2 1000 21 71 1314 72
1077 2 2 1000 21 32 1313 33
1078 2 2 1000 21 262 1806 1534
1079 2 2 1000 21 263 1807 1535
1080 2 2 1000 21 357 751 1143
1081 2 2 1000 21 358 752 1144
1082 2 2 1000 21 359 753 1145
1083 2 2 1000 21 360 754 1146
1084 2 2 1000 21 597 1732 1101
1085 2 2 1000 21 598 1733 1102
1086 2 2 1000 21 595 1103 1730
1087 2 2 1000 21 596 1104 1731
1088 2 2 1000 21 417 807 1061
1089 2 2 1000 21 418 808 1062
1090 2 2 1000 21 419 809 1063
1091 2 2 1000 21 420 810 1064
1092 2 2 1000 21 1039 1552 1614
1093 2 2 1000 21 417 1335 939
1094 2 2 1000 21 418 1336 940
1095 2 2 1000 21 419 1337 941
1096 2 2 1000 21 420 1338 942
1097 2 2 1000 21 575 775 1722
1098 2 2 1000 21 576 776 1723
1099 2 2 1000 21 577 777 1724
1100 2 2 1000 21 578 778 1725
1101 2 2 1000 21 541 1760 902
1102 2 2 1000 21 542 1761 903
1103 2 2 1000 21 543 1762 904
1104 2 2 1000 21 544 1763 905
1105 2 2 1000 21 365 763 1802
1106 2 2 1000 21 366 765 1803
1107 2 2 1000 21 367 1804 764
1108 2 2 1000 21 368 1805 766
1109 2 2 1000 21 319 747 1267
1110 2 2 1000 21 320 748 1268
1111 2 2 1000 21 697 1770 1019
1112 2 2 1000 21 698 1771 1020
1113 2 2 1000 21 699 1772 1021
1114 2 2 1000 21 329 894 1685
1115 2 2 1000 21 331 896 1687
1116 2 2 1000 21 330 895 1684
1117 2 2 1000 21 332 897 1686
1118 2 2 1000 21 575 1764 775
1119 2 2 1000 21 576 1765 776
1120 2 2 1000 21 577 1766 777
1121 2 2 1000 21 578 1767 778
1122 2 2 1000 21 365 836 1177
1123 2 2 1000 21 366 837 1178
1124 2 2 1000 21 367 1175 838
1125 2 2 1000 21 368 1176 839
1126 2 2 1000 21 457 1011 1503
1127 2 2 1000 21 458 1012 1504
1128 2 2 1000 21 459 1013 1505
1129 2 2 1000 21 460 1014 1506
1130 2 2 1000 21 555 1022 1695
1131 2 2 1000 21 325 1544 1239
1132 2 2 1000 21 326 1545 1240
1133 2 2 1000 21 327 1546 1241
1134 2 2 1000 21 328 1547 1242
1135 2 2 1000 21 805 1121 1267
1136 2 2 1000 21 806 1122 1268
1137 2 2 1000 21 437 1768 1087
1138 2 2 1000 21 438 1769 1088
1139 2 2 1000 21 627 1748 787
1140 2 2 1000 21 628 1749 788
1141 2 2 1000 21 557 1466 902
1142 2 2 1000 21 559 1468 904
1143 2 2 1000 21 558 1467 903
1144 2 2 1000 21 560 1469 905
1145 2 2 1000 21 241 902 1466
1146 2 2 1000 21 243 904 1468
1147 2 2 1000 21 242 903 1467
1148 2 2 1000 21 244 905 1469
1149 2 2 1000 21 697 912 1511
1150 2 2 1000 21 698 913 1512
1151 2 2 1000 21 699 914 1513
1152 2 2 1000 21 1930 7 177
1153 2 2 1000 21 1929 6 189
1154 2 2 1000 21 1928 5 165
1155 2 2 1000 21 1927 8 201
1156 2 2 1000 21 277 1035 793
1157 2 2 1000 21 278 1036 794
1158 2 2 1000 21 279 1037 795
1159 2 2 1000 21 280 1038 796
1160 2 2 1000 21 146 147 915
1161 2 2 1000 21 107 108 916
1162 2 2 1000 21 29 917 30
1163 2 2 1000 21 68 918 69
1164 2 2 1000 21 1048 7 1930
1165 2 2 1000 21 1047 6 1929
1166 2 2 1000 21 1050 5 1928
1167 2 2 1000 21 1049 8 1927
1168 2 2 1000 21 515 782 1577
1169 2 2 1000 21 519 785 1578
1170 2 2 1000 21 520 786 1579
1171 2 2 1000 21 180 815 1554
1172 2 2 1000 21 168 817 1556
1173 2 2 1000 21 192 816 1553
1174 2 2 1000 21 204 818 1555
1175 2 2 1000 21 545 1478 862
1176 2 2 1000 21 546 1479 863
1177 2 2 1000 21 547 1480 864
1178 2 2 1000 21 548 1481 865
1179 2 2 1000 21 605 1061 1323
1180 2 2 1000 21 606 1062 1324
1181 2 2 1000 21 607 1063 1325
1182 2 2 1000 21 608 1064 1326
1183 2 2 1000 21 305 1323 1061
1184 2 2 1000 21 306 1324 1062
1185 2 2 1000 21 307 1325 1063
1186 2 2 1000 21 308 1326 1064
1187 2 2 1000 21 236 862 1478
1188 2 2 1000 21 238 863 1479
1189 2 2 1000 21 239 864 1480
1190 2 2 1000 21 240 865 1481
1191 2 2 1000 21 653 1031 1818
1192 2 2 1000 21 654 1032 1816
1193 2 2 1000 21 655 1033 1819
1194 2 2 1000 21 656 1034 1817
1195 2 2 1000 21 538 1554 815
1196 2 2 1000 21 540 1556 817
1197 2 2 1000 21 537 1553 816
1198 2 2 1000 21 539 1555 818
1199 2 2 1000 21 1051 1643 1548
1200 2 2 1000 21 1052 1644 1549
1201 2 2 1000 21 1053 1645 1550
1202 2 2 1000 21 1054 1646 1551
1203 2 2 1000 21 856 1734 1161
1204 2 2 1000 21 857 1735 1162
1205 2 2 1000 21 531 1159 856
1206 2 2 1000 21 532 1160 857
1207 2 2 1000 21 555 1039 1614
1208 2 2 1000 21 218 1503 1231
1209 2 2 1000 21 220 1504 1232
1210 2 2 1000 21 222 1505 1233
1211 2 2 1000 21 224 1506 1234
1212 2 2 1000 21 569 1727 1125
1213 2 2 1000 21 567 1726 1123
1214 2 2 1000 21 570 1729 1126
1215 2 2 1000 21 568 1728 1124
1216 2 2 1000 21 773 1125 1727
1217 2 2 1000 21 771 1123 1726
1218 2 2 1000 21 774 1126 1729
1219 2 2 1000 21 772 1124 1728
1220 2 2 1000 21 1734 429 1161
1221 2 2 1000 21 1735 430 1162
1222 2 2 1000 21 948 1553 1704
1223 2 2 1000 21 950 1554 1705
1224 2 2 1000 21 947 1555 1706
1225 2 2 1000 21 949 1556 1707
1226 2 2 1000 21 153 1563 799
1227 2 2 1000 21 114 1564 800
1228 2 2 1000 21 20 1559 797
1229 2 2 1000 21 59 1560 798
1230 2 2 1000 21 36 803 1561
1231 2 2 1000 21 75 804 1562
1232 2 2 1000 21 137 801 1557
1233 2 2 1000 21 98 802 1558
1234 2 2 1000 21 299 1732 1498
1235 2 2 1000 21 300 1733 1499
1236 2 2 1000 21 732 1877 1328
1237 2 2 1000 21 357 1384 755
1238 2 2 1000 21 358 1385 756
1239 2 2 1000 21 359 1386 757
1240 2 2 1000 21 360 1387 758
1241 2 2 1000 21 567 1123 1235
1242 2 2 1000 21 569 1125 1236
1243 2 2 1000 21 568 1124 1237
1244 2 2 1000 21 570 1126 1238
1245 2 2 1000 21 633 1470 1637
1246 2 2 1000 21 634 1472 1638
1247 2 2 1000 21 635 1471 1639
1248 2 2 1000 21 636 1473 1640
1249 2 2 1000 21 755 1688 1886
1250 2 2 1000 21 756 1689 1887
1251 2 2 1000 21 757 1690 1888
1252 2 2 1000 21 758 1691 1889
1253 2 2 1000 21 521 1123 771
1254 2 2 1000 21 522 1124 772
1255 2 2 1000 21 523 1125 773
1256 2 2 1000 21 524 1126 774
1257 2 2 1000 21 469 793 1319
1258 2 2 1000 21 470 794 1320
1259 2 2 1000 21 471 795 1321
1260 2 2 1000 21 472 796 1322
1261 2 2 1000 21 301 874 1235
1262 2 2 1000 21 302 875 1236
1263 2 2 1000 21 303 876 1237
1264 2 2 1000 21 304 877 1238
1265 2 2 1000 21 521 807 1426
1266 2 2 1000 21 522 808 1427
1267 2 2 1000 21 523 809 1428
1268 2 2 1000 21 524 810 1429
1269 2 2 1000 21 481 1235 874
1270 2 2 1000 21 482 1236 875
1271 2 2 1000 21 483 1237 876
1272 2 2 1000 21 484 1238 877
1273 2 2 1000 21 731 1273 1692
1274 2 2 1000 21 733 1275 1693
1275 2 2 1000 21 734 1276 1694
1276 2 2 1000 21 353 862 1430
1277 2 2 1000 21 354 863 1431
1278 2 2 1000 21 355 864 1432
1279 2 2 1000 21 356 865 1433
1280 2 2 1000 21 226 856 1161
1281 2 2 1000 21 228 857 1162
1282 2 2 1000 21 23 945 24
1283 2 2 1000 21 62 946 63
1284 2 2 1000 21 101 102 944
1285 2 2 1000 21 140 141 943
1286 2 2 1000 21 365 1802 836
1287 2 2 1000 21 366 1803 837
1288 2 2 1000 21 367 838 1804
1289 2 2 1000 21 368 839 1805
1290 2 2 1000 21 184 185 1009
1291 2 2 1000 21 172 173 1010
1292 2 2 1000 21 196 197 1007
1293 2 2 1000 21 208 209 1008
1294 2 2 1000 21 325 1239 1637
1295 2 2 1000 21 327 1241 1638
1296 2 2 1000 21 326 1240 1639
1297 2 2 1000 21 328 1242 1640
1298 2 2 1000 21 385 1218 1627
1299 2 2 1000 21 386 1220 1628
1300 2 2 1000 21 387 1217 1629
1301 2 2 1000 21 388 1219 1630
1302 2 2 1000 21 565 1482 1520
1303 2 2 1000 21 566 1483 1521
1304 2 2 1000 21 563 1518 1484
1305 2 2 1000 21 564 1519 1485
1306 2 2 1000 21 261 1225 838
1307 2 2 1000 21 264 1226 839
1308 2 2 1000 21 301 1235 1123
1309 2 2 1000 21 302 1236 1125
1310 2 2 1000 21 303 1237 1124
1311 2 2 1000 21 304 1238 1126
1312 2 2 1000 21 595 1131 1103
1313 2 2 1000 21 596 1132 1104
1314 2 2 1000 21 597 1101 1133
1315 2 2 1000 21 598 1102 1134
1316 2 2 1000 21 361 819 1820
1317 2 2 1000 21 362 820 1822
1318 2 2 1000 21 363 821 1821
1319 2 2 1000 21 364 822 1823
1320 2 2 1000 21 427 1103 1131
1321 2 2 1000 21 428 1104 1132
1322 2 2 1000 21 425 1133 1101
1323 2 2 1000 21 426 1134 1102
1324 2 2 1000 21 321 1159 1107
1325 2 2 1000 21 322 1160 1108
1326 2 2 1000 21 1795 421 1113
1327 2 2 1000 21 1796 422 1114
1328 2 2 1000 21 1797 423 1115
1329 2 2 1000 21 1798 424 1116
1330 2 2 1000 21 549 1051 1548
1331 2 2 1000 21 550 1052 1549
1332 2 2 1000 21 551 1053 1550
1333 2 2 1000 21 552 1054 1551
1334 2 2 1000 21 832 1795 1113
1335 2 2 1000 21 834 1796 1114
1336 2 2 1000 21 833 1797 1115
1337 2 2 1000 21 835 1798 1116
1338 2 2 1000 21 262 836 1392
1339 2 2 1000 21 263 837 1393
1340 2 2 1000 21 301 819 1842
1341 2 2 1000 21 302 820 1843
1342 2 2 1000 21 303 821 1844
1343 2 2 1000 21 304 822 1845
1344 2 2 1000 21 305 771 1696
1345 2 2 1000 21 306 772 1698
1346 2 2 1000 21 307 773 1697
1347 2 2 1000 21 308 774 1699
1348 2 2 1000 21 751 1886 1494
1349 2 2 1000 21 752 1887 1495
1350 2 2 1000 21 753 1888 1496
1351 2 2 1000 21 754 1889 1497
1352 2 2 1000 21 202 203 947
1353 2 2 1000 21 166 167 949
1354 2 2 1000 21 190 191 948
1355 2 2 1000 21 178 179 950
1356 2 2 1000 21 299 1101 1732
1357 2 2 1000 21 300 1102 1733
1358 2 2 1000 21 297 1730 1103
1359 2 2 1000 21 298 1731 1104
1360 2 2 1000 21 439 1121 805
1361 2 2 1000 21 440 1122 806
1362 2 2 1000 21 919 1027 1598
1363 2 2 1000 21 920 1029 1600
1364 2 2 1000 21 921 1028 1599
1365 2 2 1000 21 922 1030 1601
1366 2 2 1000 21 193 1208 816
1367 2 2 1000 21 181 1207 815
1368 2 2 1000 21 205 1210 818
1369 2 2 1000 21 169 1209 817
1370 2 2 1000 21 689 1484 1103
1371 2 2 1000 21 690 1485 1104
1372 2 2 1000 21 691 1101 1482
1373 2 2 1000 21 692 1102 1483
1374 2 2 1000 21 337 1692 1273
1375 2 2 1000 21 339 1693 1275
1376 2 2 1000 21 340 1694 1276
1377 2 2 1000 21 501 1442 898
1378 2 2 1000 21 502 1443 899
1379 2 2 1000 21 503 1444 900
1380 2 2 1000 21 504 1445 901
1381 2 2 1000 21 128 1281 779
1382 2 2 1000 21 89 1283 780
1383 2 2 1000 21 11 782 1285
1384 2 2 1000 21 50 784 1287
1385 2 2 1000 21 45 1282 781
1386 2 2 1000 21 84 1284 783
1387 2 2 1000 21 162 785 1286
1388 2 2 1000 21 123 786 1288
1389 2 2 1000 21 501 898 1434
1390 2 2 1000 21 502 899 1435
1391 2 2 1000 21 503 900 1436
1392 2 2 1000 21 504 901 1437
1393 2 2 1000 21 134 135 961
1394 2 2 1000 21 95 96 962
1395 2 2 1000 21 17 959 18
1396 2 2 1000 21 56 960 57
1397 2 2 1000 21 38 957 39
1398 2 2 1000 21 77 958 78
1399 2 2 1000 21 155 156 955
1400 2 2 1000 21 116 117 956
1401 2 2 1000 21 741 1321 1304
1402 2 2 1000 21 742 1322 1306
1403 2 2 1000 21 739 1319 1301
1404 2 2 1000 21 740 1320 1302
1405 2 2 1000 21 335 1304 1321
1406 2 2 1000 21 336 1306 1322
1407 2 2 1000 21 333 1301 1319
1408 2 2 1000 21 334 1302 1320
1409 2 2 1000 21 365 1520 763
1410 2 2 1000 21 366 1521 765
1411 2 2 1000 21 367 764 1518
1412 2 2 1000 21 368 766 1519
1413 2 2 1000 21 537 1704 1553
1414 2 2 1000 21 538 1705 1554
1415 2 2 1000 21 539 1706 1555
1416 2 2 1000 21 540 1707 1556
1417 2 2 1000 21 309 1015 1582
1418 2 2 1000 21 311 1017 1584
1419 2 2 1000 21 310 1016 1583
1420 2 2 1000 21 312 1018 1585
1421 2 2 1000 21 313 1398 1187
1422 2 2 1000 21 314 1399 1189
1423 2 2 1000 21 315 1400 1188
1424 2 2 1000 21 316 1401 1190
1425 2 2 1000 21 709 1187 1398
1426 2 2 1000 21 710 1189 1399
1427 2 2 1000 21 711 1188 1400
1428 2 2 1000 21 712 1190 1401
1429 2 2 1000 21 533 811 1155
1430 2 2 1000 21 534 812 1156
1431 2 2 1000 21 535 813 1157
1432 2 2 1000 21 536 814 1158
1433 2 2 1000 21 226 882 1635
1434 2 2 1000 21 228 883 1636
1435 2 2 1000 21 401 1660 948
1436 2 2 1000 21 403 1662 947
1437 2 2 1000 21 402 1661 950
1438 2 2 1000 21 404 1663 949
1439 2 2 1000 21 630 1240 1545
1440 2 2 1000 21 629 1239 1544
1441 2 2 1000 21 632 1242 1547
1442 2 2 1000 21 631 1241 1546
1443 2 2 1000 21 343 1454 848
1444 2 2 1000 21 344 1455 849
1445 2 2 1000 21 347 1456 850
1446 2 2 1000 21 348 1457 851
1447 2 2 1000 21 581 1797 833
1448 2 2 1000 21 582 1798 835
1449 2 2 1000 21 579 1795 832
1450 2 2 1000 21 580 1796 834
1451 2 2 1000 21 477 1247 782
1452 2 2 1000 21 478 1248 784
1453 2 2 1000 21 479 1249 785
1454 2 2 1000 21 480 1250 786
1455 2 2 1000 21 449 991 1057
1456 2 2 1000 21 450 992 1058
1457 2 2 1000 21 451 993 1059
1458 2 2 1000 21 452 994 1060
1459 2 2 1000 21 439 805 1251
1460 2 2 1000 21 440 806 1252
1461 2 2 1000 21 441 1842 819
1462 2 2 1000 21 442 1843 820
1463 2 2 1000 21 443 1844 821
1464 2 2 1000 21 444 1845 822
1465 2 2 1000 21 285 1093 939
1466 2 2 1000 21 286 1094 940
1467 2 2 1000 21 287 1095 941
1468 2 2 1000 21 288 1096 942
1469 2 2 1000 21 305 858 1323
1470 2 2 1000 21 306 859 1324
1471 2 2 1000 21 307 860 1325
1472 2 2 1000 21 308 861 1326
1473 2 2 1000 21 485 1323 858
1474 2 2 1000 21 486 1324 859
1475 2 2 1000 21 487 1325 860
1476 2 2 1000 21 488 1326 861
1477 2 2 1000 21 513 1277 779
1478 2 2 1000 21 514 1278 780
1479 2 2 1000 21 516 1279 781
1480 2 2 1000 21 518 1280 783
1481 2 2 1000 21 513 779 1281
1482 2 2 1000 21 514 780 1283
1483 2 2 1000 21 516 781 1282
1484 2 2 1000 21 515 1285 782
1485 2 2 1000 21 518 783 1284
1486 2 2 1000 21 517 1287 784
1487 2 2 1000 21 519 1286 785
1488 2 2 1000 21 520 1288 786
1489 2 2 1000 21 137 1492 801
1490 2 2 1000 21 98 1493 802
1491 2 2 1000 21 20 797 1488
1492 2 2 1000 21 59 798 1489
1493 2 2 1000 21 36 1490 803
1494 2 2 1000 21 75 1491 804
1495 2 2 1000 21 153 799 1486
1496 2 2 1000 21 114 800 1487
1497 2 2 1000 21 485 1366 828
1498 2 2 1000 21 486 1367 829
1499 2 2 1000 21 487 1368 830
1500 2 2 1000 21 488 1369 831
1501 2 2 1000 21 599 1199 975
1502 2 2 1000 21 600 1200 976
1503 2 2 1000 21 601 1201 977
1504 2 2 1000 21 602 1202 978
1505 2 2 1000 21 493 1486 799
1506 2 2 1000 21 494 1487 800
1507 2 2 1000 21 489 1488 797
1508 2 2 1000 21 490 1489 798
1509 2 2 1000 21 495 803 1490
1510 2 2 1000 21 496 804 1491
1511 2 2 1000 21 491 801 1492
1512 2 2 1000 21 492 802 1493
1513 2 2 1000 21 575 951 1896
1514 2 2 1000 21 576 952 1897
1515 2 2 1000 21 577 953 1894
1516 2 2 1000 21 578 954 1895
1517 2 2 1000 21 277 828 1366
1518 2 2 1000 21 278 829 1367
1519 2 2 1000 21 279 830 1368
1520 2 2 1000 21 280 831 1369
1521 2 2 1000 21 343 775 1454
1522 2 2 1000 21 344 776 1455
1523 2 2 1000 21 347 777 1456
1524 2 2 1000 21 348 778 1457
1525 2 2 1000 21 441 823 1221
1526 2 2 1000 21 442 824 1222
1527 2 2 1000 21 443 825 1223
1528 2 2 1000 21 444 826 1224
1529 2 2 1000 21 775 987 1722
1530 2 2 1000 21 776 988 1723
1531 2 2 1000 21 777 989 1724
1532 2 2 1000 21 778 990 1725
1533 2 2 1000 21 233 823 1522
1534 2 2 1000 21 234 824 1523
1535 2 2 1000 21 235 825 1524
1536 2 2 1000 21 237 826 1525
1537 2 2 1000 21 381 890 1097
1538 2 2 1000 21 382 891 1098
1539 2 2 1000 21 383 892 1099
1540 2 2 1000 21 384 893 1100
1541 2 2 1000 21 421 895 1113
1542 2 2 1000 21 422 897 1114
1543 2 2 1000 21 423 894 1115
1544 2 2 1000 21 424 896 1116
1545 2 2 1000 21 477 782 1353
1546 2 2 1000 21 478 784 1354
1547 2 2 1000 21 479 785 1357
1548 2 2 1000 21 480 786 1358
1549 2 2 1000 21 449 1057 1027
1550 2 2 1000 21 450 1058 1028
1551 2 2 1000 21 451 1059 1029
1552 2 2 1000 21 452 1060 1030
1553 2 2 1000 21 673 1043 1015
1554 2 2 1000 21 674 1044 1016
1555 2 2 1000 21 675 1045 1017
1556 2 2 1000 21 676 1046 1018
1557 2 2 1000 21 357 1143 902
1558 2 2 1000 21 358 1144 903
1559 2 2 1000 21 359 1145 904
1560 2 2 1000 21 360 1146 905
1561 2 2 1000 21 226 1251 805
1562 2 2 1000 21 228 1252 806
1563 2 2 1000 21 193 194 1208
1564 2 2 1000 21 205 206 1210
1565 2 2 1000 21 181 182 1207
1566 2 2 1000 21 169 170 1209
1567 2 2 1000 21 197 198 1507
1568 2 2 1000 21 209 210 1509
1569 2 2 1000 21 185 186 1508
1570 2 2 1000 21 173 174 1510
1571 2 2 1000 21 381 1199 890
1572 2 2 1000 21 382 1200 891
1573 2 2 1000 21 383 1201 892
1574 2 2 1000 21 384 1202 893
1575 2 2 1000 21 953 1588 1071
1576 2 2 1000 21 954 1589 1072
1577 2 2 1000 21 951 1586 1067
1578 2 2 1000 21 952 1587 1069
1579 2 2 1000 21 191 1553 948
1580 2 2 1000 21 203 1555 947
1581 2 2 1000 21 179 1554 950
1582 2 2 1000 21 167 1556 949
1583 2 2 1000 21 457 890 1199
1584 2 2 1000 21 458 891 1200
1585 2 2 1000 21 459 892 1201
1586 2 2 1000 21 460 893 1202
1587 2 2 1000 21 379 882 1195
1588 2 2 1000 21 380 883 1196
1589 2 2 1000 21 377 884 1197
1590 2 2 1000 21 378 885 1198
1591 2 2 1000 21 501 848 1454
1592 2 2 1000 21 502 849 1455
1593 2 2 1000 21 503 850 1456
1594 2 2 1000 21 504 851 1457
1595 2 2 1000 21 453 1195 882
1596 2 2 1000 21 454 1196 883
1597 2 2 1000 21 455 1197 884
1598 2 2 1000 21 456 1198 885
1599 2 2 1000 21 258 1133 1855
1600 2 2 1000 21 260 1134 1856
1601 2 2 1000 21 257 1857 1131
1602 2 2 1000 21 259 1858 1132
1603 2 2 1000 21 233 1221 823
1604 2 2 1000 21 234 1222 824
1605 2 2 1000 21 235 1223 825
1606 2 2 1000 21 237 1224 826
1607 2 2 1000 21 807 1968 1426
1608 2 2 1000 21 808 1969 1427
1609 2 2 1000 21 809 1970 1428
1610 2 2 1000 21 810 1971 1429
1611 2 2 1000 21 441 874 1842
1612 2 2 1000 21 442 875 1843
1613 2 2 1000 21 443 876 1844
1614 2 2 1000 21 444 877 1845
1615 2 2 1000 21 305 1696 858
1616 2 2 1000 21 306 1698 859
1617 2 2 1000 21 307 1697 860
1618 2 2 1000 21 308 1699 861
1619 2 2 1000 21 591 1768 1404
1620 2 2 1000 21 592 1769 1405
1621 2 2 1000 21 505 844 1438
1622 2 2 1000 21 506 845 1439
1623 2 2 1000 21 507 846 1440
1624 2 2 1000 21 508 847 1441
1625 2 2 1000 21 267 1438 844
1626 2 2 1000 21 268 1439 845
1627 2 2 1000 21 271 1440 846
1628 2 2 1000 21 272 1441 847
1629 2 2 1000 21 529 1085 1087
1630 2 2 1000 21 530 1086 1088
1631 2 2 1000 21 491 1458 801
1632 2 2 1000 21 492 1459 802
1633 2 2 1000 21 495 1460 803
1634 2 2 1000 21 496 1461 804
1635 2 2 1000 21 489 797 1462
1636 2 2 1000 21 490 798 1463
1637 2 2 1000 21 493 799 1464
1638 2 2 1000 21 494 800 1465
1639 2 2 1000 21 533 1660 811
1640 2 2 1000 21 534 1661 812
1641 2 2 1000 21 535 1662 813
1642 2 2 1000 21 536 1663 814
1643 2 2 1000 21 401 811 1660
1644 2 2 1000 21 402 812 1661
1645 2 2 1000 21 403 813 1662
1646 2 2 1000 21 404 814 1663
1647 2 2 1000 21 789 1855 1133
1648 2 2 1000 21 791 1131 1857
1649 2 2 1000 21 792 1132 1858
1650 2 2 1000 21 790 1856 1134
1651 2 2 1000 21 361 1257 823
1652 2 2 1000 21 362 1258 824
1653 2 2 1000 21 363 1259 825
1654 2 2 1000 21 364 1260 826
1655 2 2 1000 21 437 1087 1085
1656 2 2 1000 21 438 1088 1086
1657 2 2 1000 21 501 1450 848
1658 2 2 1000 21 502 1451 849
1659 2 2 1000 21 503 1452 850
1660 2 2 1000 21 504 1453 851
1661 2 2 1000 21 321 1619 1580
1662 2 2 1000 21 322 1620 1581
1663 2 2 1000 21 265 848 1450
1664 2 2 1000 21 266 849 1451
1665 2 2 1000 21 269 850 1452
1666 2 2 1000 21 270 851 1453
1667 2 2 1000 21 557 1914 1594
1668 2 2 1000 21 558 1915 1595
1669 2 2 1000 21 559 1916 1596
1670 2 2 1000 21 560 1917 1597
1671 2 2 1000 21 267 844 1374
1672 2 2 1000 21 268 845 1375
1673 2 2 1000 21 271 846 1378
1674 2 2 1000 21 272 847 1379
1675 2 2 1000 21 265 1372 848
1676 2 2 1000 21 266 1373 849
1677 2 2 1000 21 269 1376 850
1678 2 2 1000 21 270 1377 851
1679 2 2 1000 21 409 1814 983
1680 2 2 1000 21 410 1815 984
1681 2 2 1000 21 557 1143 1914
1682 2 2 1000 21 558 1144 1915
1683 2 2 1000 21 559 1145 1916
1684 2 2 1000 21 560 1146 1917
1685 2 2 1000 21 341 844 1565
1686 2 2 1000 21 342 845 1566
1687 2 2 1000 21 345 846 1567
1688 2 2 1000 21 346 847 1568
1689 2 2 1000 21 862 1708 1430
1690 2 2 1000 21 863 1709 1431
1691 2 2 1000 21 864 1710 1432
1692 2 2 1000 21 865 1711 1433
1693 2 2 1000 21 557 902 1143
1694 2 2 1000 21 558 903 1144
1695 2 2 1000 21 559 904 1145
1696 2 2 1000 21 560 905 1146
1697 2 2 1000 21 491 1374 844
1698 2 2 1000 21 492 1375 845
1699 2 2 1000 21 495 1378 846
1700 2 2 1000 21 496 1379 847
1701 2 2 1000 21 431 1867 1055
1702 2 2 1000 21 432 1868 1056
1703 2 2 1000 21 793 1752 1319
1704 2 2 1000 21 794 1753 1320
1705 2 2 1000 21 796 1754 1322
1706 2 2 1000 21 489 848 1372
1707 2 2 1000 21 490 849 1373
1708 2 2 1000 21 493 850 1376
1709 2 2 1000 21 494 851 1377
1710 2 2 1000 21 721 983 1814
1711 2 2 1000 21 722 984 1815
1712 2 2 1000 21 755 1664 1688
1713 2 2 1000 21 756 1665 1689
1714 2 2 1000 21 757 1666 1690
1715 2 2 1000 21 758 1667 1691
1716 2 2 1000 21 230 827 1695
1717 2 2 1000 21 343 848 1462
1718 2 2 1000 21 344 849 1463
1719 2 2 1000 21 347 850 1464
1720 2 2 1000 21 348 851 1465
1721 2 2 1000 21 521 1388 807
1722 2 2 1000 21 522 1389 808
1723 2 2 1000 21 523 1390 809
1724 2 2 1000 21 524 1391 810
1725 2 2 1000 21 431 1641 1867
1726 2 2 1000 21 432 1642 1868
1727 2 2 1000 21 337 1273 1824
1728 2 2 1000 21 338 1274 1825
1729 2 2 1000 21 339 1275 1826
1730 2 2 1000 21 340 1276 1827
1731 2 2 1000 21 341 1458 844
1732 2 2 1000 21 342 1459 845
1733 2 2 1000 21 345 1460 846
1734 2 2 1000 21 346 1461 847
1735 2 2 1000 21 24 945 1833
1736 2 2 1000 21 63 946 1832
1737 2 2 1000 21 102 1831 944
1738 2 2 1000 21 141 1830 943
1739 2 2 1000 21 947 1662 1118
1740 2 2 1000 21 948 1660 1117
1741 2 2 1000 21 949 1663 1120
1742 2 2 1000 21 950 1661 1119
1743 2 2 1000 21 657 1637 1239
1744 2 2 1000 21 659 1638 1241
1745 2 2 1000 21 658 1639 1240
1746 2 2 1000 21 660 1640 1242
1747 2 2 1000 21 482 1877 1244
1748 2 2 1000 21 461 1878 1956
1749 2 2 1000 21 462 1879 1957
1750 2 2 1000 21 463 1880 1958
1751 2 2 1000 21 464 1881 1959
1752 2 2 1000 21 407 1676 1253
1753 2 2 1000 21 408 1677 1254
1754 2 2 1000 21 951 1163 1896
1755 2 2 1000 21 952 1164 1897
1756 2 2 1000 21 953 1165 1894
1757 2 2 1000 21 954 1166 1895
1758 2 2 1000 21 147 1127 915
1759 2 2 1000 21 108 1128 916
1760 2 2 1000 21 30 917 1130
1761 2 2 1000 21 69 918 1129
1762 2 2 1000 21 343 1712 987
1763 2 2 1000 21 344 1713 988
1764 2 2 1000 21 347 1714 989
1765 2 2 1000 21 348 1715 990
1766 2 2 1000 21 1032 1797 1674
1767 2 2 1000 21 1034 1798 1675
1768 2 2 1000 21 1031 1795 1672
1769 2 2 1000 21 1033 1796 1673
1770 2 2 1000 21 405 1231 1678
1771 2 2 1000 21 406 1232 1679
1772 2 2 1000 21 433 939 1093
1773 2 2 1000 21 434 940 1094
1774 2 2 1000 21 435 941 1095
1775 2 2 1000 21 436 942 1096
1776 2 2 1000 21 281 1327 1163
1777 2 2 1000 21 282 1328 1164
1778 2 2 1000 21 283 1329 1165
1779 2 2 1000 21 284 1330 1166
1780 2 2 1000 21 301 1842 874
1781 2 2 1000 21 302 1843 875
1782 2 2 1000 21 303 1844 876
1783 2 2 1000 21 304 1845 877
1784 2 2 1000 21 553 1799 1040
1785 2 2 1000 21 554 1800 1041
1786 2 2 1000 21 556 1801 1042
1787 2 2 1000 21 553 1511 1799
1788 2 2 1000 21 554 1512 1800
1789 2 2 1000 21 556 1513 1801
1790 2 2 1000 21 509 1410 898
1791 2 2 1000 21 510 1411 899
1792 2 2 1000 21 511 1412 900
1793 2 2 1000 21 512 1413 901
1794 2 2 1000 21 349 898 1410
1795 2 2 1000 21 350 899 1411
1796 2 2 1000 21 351 900 1412
1797 2 2 1000 21 352 901 1413
1798 2 2 1000 21 233 898 1442
1799 2 2 1000 21 234 899 1443
1800 2 2 1000 21 235 900 1444
1801 2 2 1000 21 237 901 1445
1802 2 2 1000 21 349 1434 898
1803 2 2 1000 21 350 1435 899
1804 2 2 1000 21 351 1436 900
1805 2 2 1000 21 352 1437 901
1806 2 2 1000 21 146 915 1517
1807 2 2 1000 21 107 916 1516
1808 2 2 1000 21 29 1514 917
1809 2 2 1000 21 68 1515 918
1810 2 2 1000 21 525 910 1175
1811 2 2 1000 21 527 1177 908
1812 2 2 1000 21 528 1178 909
1813 2 2 1000 21 526 911 1176
1814 2 2 1000 21 142 143 995
1815 2 2 1000 21 103 104 996
1816 2 2 1000 21 25 997 26
1817 2 2 1000 21 64 998 65
1818 2 2 1000 21 157 158 1141
1819 2 2 1000 21 118 119 1142
1820 2 2 1000 21 40 1138 41
1821 2 2 1000 21 79 1140 80
1822 2 2 1000 21 15 1137 16
1823 2 2 1000 21 54 1139 55
1824 2 2 1000 21 132 133 1135
1825 2 2 1000 21 93 94 1136
1826 2 2 1000 21 461 1956 1097
1827 2 2 1000 21 462 1957 1098
1828 2 2 1000 21 463 1958 1099
1829 2 2 1000 21 464 1959 1100
1830 2 2 1000 21 445 1910 858
1831 2 2 1000 21 446 1911 859
1832 2 2 1000 21 447 1912 860
1833 2 2 1000 21 448 1913 861
1834 2 2 1000 21 661 1187 1602
1835 2 2 1000 21 662 1189 1604
1836 2 2 1000 21 663 1188 1603
1837 2 2 1000 21 664 1190 1605
1838 2 2 1000 21 830 1347 1629
1839 2 2 1000 21 831 1348 1630
1840 2 2 1000 21 828 1349 1627
1841 2 2 1000 21 829 1350 1628
1842 2 2 1000 21 387 1629 1347
1843 2 2 1000 21 388 1630 1348
1844 2 2 1000 21 385 1627 1349
1845 2 2 1000 21 386 1628 1350
1846 2 2 1000 21 645 1833 945
1847 2 2 1000 21 646 1832 946
1848 2 2 1000 21 648 944 1831
1849 2 2 1000 21 647 943 1830
1850 2 2 1000 21 639 987 1712
1851 2 2 1000 21 642 988 1713
1852 2 2 1000 21 637 989 1714
1853 2 2 1000 21 638 990 1715
1854 2 2 1000 21 481 1019 1243
1855 2 2 1000 21 483 1020 1245
1856 2 2 1000 21 484 1021 1246
1857 2 2 1000 21 249 1023 1631
1858 2 2 1000 21 250 1024 1632
1859 2 2 1000 21 251 1025 1633
1860 2 2 1000 21 252 1026 1634
1861 2 2 1000 21 202 947 1118
1862 2 2 1000 21 190 948 1117
1863 2 2 1000 21 166 949 1120
1864 2 2 1000 21 178 950 1119
1865 2 2 1000 21 198 1672 1507
1866 2 2 1000 21 186 1674 1508
1867 2 2 1000 21 210 1673 1509
1868 2 2 1000 21 174 1675 1510
1869 2 2 1000 21 856 1159 1734
1870 2 2 1000 21 857 1160 1735
1871 2 2 1000 21 429 1802 1498
1872 2 2 1000 21 430 1803 1499
1873 2 2 1000 21 649 1631 1023
1874 2 2 1000 21 650 1632 1024
1875 2 2 1000 21 651 1633 1025
1876 2 2 1000 21 652 1634 1026
1877 2 2 1000 21 509 1257 1394
1878 2 2 1000 21 510 1258 1395
1879 2 2 1000 21 511 1259 1396
1880 2 2 1000 21 512 1260 1397
1881 2 2 1000 21 505 1565 844
1882 2 2 1000 21 506 1566 845
1883 2 2 1000 21 507 1567 846
1884 2 2 1000 21 508 1568 847
1885 2 2 1000 21 32 1476 929
1886 2 2 1000 21 71 1477 930
1887 2 2 1000 21 110 928 1475
1888 2 2 1000 21 149 927 1474
1889 2 2 1000 21 445 858 1696
1890 2 2 1000 21 446 859 1698
1891 2 2 1000 21 447 860 1697
1892 2 2 1000 21 448 861 1699
1893 2 2 1000 21 567 1243 1203
1894 2 2 1000 21 568 1245 1204
1895 2 2 1000 21 569 1244 1205
1896 2 2 1000 21 570 1246 1206
1897 2 2 1000 21 807 1388 1061
1898 2 2 1000 21 808 1389 1062
1899 2 2 1000 21 809 1390 1063
1900 2 2 1000 21 810 1391 1064
1901 2 2 1000 21 229 1203 1243
1902 2 2 1000 21 231 1204 1245
1903 2 2 1000 21 230 1205 1244
1904 2 2 1000 21 232 1206 1246
1905 2 2 1000 21 273 878 1422
1906 2 2 1000 21 274 879 1423
1907 2 2 1000 21 275 880 1424
1908 2 2 1000 21 276 881 1425
1909 2 2 1000 21 497 1422 878
1910 2 2 1000 21 498 1423 879
1911 2 2 1000 21 499 1424 880
1912 2 2 1000 21 500 1425 881
1913 2 2 1000 21 423 1797 1032
1914 2 2 1000 21 421 1795 1031
1915 2 2 1000 21 424 1798 1034
1916 2 2 1000 21 422 1796 1033
1917 2 2 1000 21 293 1247 1846
1918 2 2 1000 21 294 1248 1848
1919 2 2 1000 21 295 1249 1847
1920 2 2 1000 21 296 1250 1849
1921 2 2 1000 21 245 1530 1339
1922 2 2 1000 21 246 1531 1340
1923 2 2 1000 21 247 1532 1341
1924 2 2 1000 21 248 1533 1342
1925 2 2 1000 21 293 1846 1277
1926 2 2 1000 21 294 1848 1279
1927 2 2 1000 21 295 1847 1278
1928 2 2 1000 21 296 1849 1280
1929 2 2 1000 21 213 1426 1968
1930 2 2 1000 21 214 1427 1969
1931 2 2 1000 21 215 1428 1970
1932 2 2 1000 21 216 1429 1971
1933 2 2 1000 21 369 943 1875
1934 2 2 1000 21 370 944 1876
1935 2 2 1000 21 371 1873 945
1936 2 2 1000 21 372 1874 946
1937 2 2 1000 21 413 1015 1043
1938 2 2 1000 21 414 1016 1044
1939 2 2 1000 21 415 1017 1045
1940 2 2 1000 21 416 1018 1046
1941 2 2 1000 21 485 858 1366
1942 2 2 1000 21 486 859 1367
1943 2 2 1000 21 487 860 1368
1944 2 2 1000 21 488 861 1369
1945 2 2 1000 21 531 856 1635
1946 2 2 1000 21 532 857 1636
1947 2 2 1000 21 647 1875 943
1948 2 2 1000 21 648 1876 944
1949 2 2 1000 21 645 945 1873
1950 2 2 1000 21 646 946 1874
1951 2 2 1000 21 713 906 1265
1952 2 2 1000 21 714 907 1266
1953 2 2 1000 21 319 1812 1720
1954 2 2 1000 21 320 1813 1721
1955 2 2 1000 21 226 1635 856
1956 2 2 1000 21 228 1636 857
1957 2 2 1000 21 491 844 1458
1958 2 2 1000 21 492 845 1459
1959 2 2 1000 21 495 846 1460
1960 2 2 1000 21 496 847 1461
1961 2 2 1000 21 433 1602 1187
1962 2 2 1000 21 434 1604 1189
1963 2 2 1000 21 435 1603 1188
1964 2 2 1000 21 436 1605 1190
1965 2 2 1000 21 160 161 1073
1966 2 2 1000 21 43 1075 44
1967 2 2 1000 21 121 122 1074
1968 2 2 1000 21 82 1076 83
1969 2 2 1000 21 12 1077 13
1970 2 2 1000 21 129 130 1079
1971 2 2 1000 21 51 1078 52
1972 2 2 1000 21 90 91 1080
1973 2 2 1000 21 489 1462 848
1974 2 2 1000 21 490 1463 849
1975 2 2 1000 21 493 1464 850
1976 2 2 1000 21 494 1465 851
1977 2 2 1000 21 369 931 1964
1978 2 2 1000 21 370 932 1965
1979 2 2 1000 21 371 1966 933
1980 2 2 1000 21 372 1967 934
1981 2 2 1000 21 465 1057 991
1982 2 2 1000 21 466 1058 992
1983 2 2 1000 21 467 1059 993
1984 2 2 1000 21 468 1060 994
1985 2 2 1000 21 678 1964 931
1986 2 2 1000 21 680 1965 932
1987 2 2 1000 21 677 933 1966
1988 2 2 1000 21 679 934 1967
1989 2 2 1000 21 217 1688 1664
1990 2 2 1000 21 219 1689 1665
1991 2 2 1000 21 221 1690 1666
1992 2 2 1000 21 223 1691 1667
1993 2 2 1000 21 153 154 1563
1994 2 2 1000 21 114 115 1564
1995 2 2 1000 21 75 1562 76
1996 2 2 1000 21 36 1561 37
1997 2 2 1000 21 19 1559 20
1998 2 2 1000 21 58 1560 59
1999 2 2 1000 21 97 98 1558
2000 2 2 1000 21 136 137 1557
2001 2 2 1000 21 236 1708 862
2002 2 2 1000 21 238 1709 863
2003 2 2 1000 21 239 1710 864
2004 2 2 1000 21 240 1711 865
2005 2 2 1000 21 361 1820 971
2006 2 2 1000 21 362 1822 972
2007 2 2 1000 21 363 1821 973
2008 2 2 1000 21 364 1823 974
2009 2 2 1000 21 665 971 1820
2010 2 2 1000 21 667 972 1822
2011 2 2 1000 21 666 973 1821
2012 2 2 1000 21 668 974 1823
2013 2 2 1000 21 187 188 1032
2014 2 2 1000 21 199 200 1031
2015 2 2 1000 21 175 176 1034
2016 2 2 1000 21 211 212 1033
2017 2 2 1000 21 225 884 1850
2018 2 2 1000 21 227 885 1851
2019 2 2 1000 21 481 874 1327
2020 2 2 1000 21 482 875 1328
2021 2 2 1000 21 483 876 1329
2022 2 2 1000 21 484 877 1330
2023 2 2 1000 21 367 915 1542
2024 2 2 1000 21 368 916 1543
2025 2 2 1000 21 365 1540 917
2026 2 2 1000 21 366 1541 918
2027 2 2 1000 21 225 1309 884
2028 2 2 1000 21 227 1310 885
2029 2 2 1000 21 431 1804 1225
2030 2 2 1000 21 432 1805 1226
2031 2 2 1000 21 281 1163 951
2032 2 2 1000 21 282 1164 952
2033 2 2 1000 21 283 1165 953
2034 2 2 1000 21 284 1166 954
2035 2 2 1000 21 497 971 1406
2036 2 2 1000 21 499 973 1407
2037 2 2 1000 21 498 972 1408
2038 2 2 1000 21 500 974 1409
2039 2 2 1000 21 509 898 1522
2040 2 2 1000 21 510 899 1523
2041 2 2 1000 21 511 900 1524
2042 2 2 1000 21 512 901 1525
2043 2 2 1000 21 589 1629 1217
2044 2 2 1000 21 590 1630 1219
2045 2 2 1000 21 587 1627 1218
2046 2 2 1000 21 588 1628 1220
2047 2 2 1000 21 838 1225 1804
2048 2 2 1000 21 839 1226 1805
2049 2 2 1000 21 377 1343 884
2050 2 2 1000 21 378 1344 885
2051 2 2 1000 21 379 1345 882
2052 2 2 1000 21 380 1346 883
2053 2 2 1000 21 285 870 1548
2054 2 2 1000 21 286 871 1549
2055 2 2 1000 21 287 872 1550
2056 2 2 1000 21 288 873 1551
2057 2 2 1000 21 233 1522 898
2058 2 2 1000 21 234 1523 899
2059 2 2 1000 21 235 1524 900
2060 2 2 1000 21 237 1525 901
2061 2 2 1000 21 294 1659 1614
2062 2 2 1000 21 577 1724 953
2063 2 2 1000 21 578 1725 954
2064 2 2 1000 21 575 1722 951
2065 2 2 1000 21 576 1723 952
2066 2 2 1000 21 131 132 1167
2067 2 2 1000 21 92 93 1168
2068 2 2 1000 21 14 1169 15
2069 2 2 1000 21 53 1170 54
2070 2 2 1000 21 41 1171 42
2071 2 2 1000 21 80 1172 81
2072 2 2 1000 21 158 159 1173
2073 2 2 1000 21 119 120 1174
2074 2 2 1000 21 558 1595 1447
2075 2 2 1000 21 560 1597 1449
2076 2 2 1000 21 557 1594 1446
2077 2 2 1000 21 559 1596 1448
2078 2 2 1000 21 482 1328 1877
2079 2 2 1000 21 309 1783 975
2080 2 2 1000 21 310 1784 976
2081 2 2 1000 21 311 1785 977
2082 2 2 1000 21 312 1786 978
2083 2 2 1000 21 391 953 1724
2084 2 2 1000 21 392 954 1725
2085 2 2 1000 21 389 951 1722
2086 2 2 1000 21 390 952 1723
2087 2 2 1000 21 587 1179 1627
2088 2 2 1000 21 588 1180 1628
2089 2 2 1000 21 589 1181 1629
2090 2 2 1000 21 590 1182 1630
2091 2 2 1000 21 723 1339 1530
2092 2 2 1000 21 724 1340 1531
2093 2 2 1000 21 725 1341 1532
2094 2 2 1000 21 726 1342 1533
2095 2 2 1000 21 273 1394 878
2096 2 2 1000 21 274 1395 879
2097 2 2 1000 21 275 1396 880
2098 2 2 1000 21 276 1397 881
2099 2 2 1000 21 337 1303 1852
2100 2 2 1000 21 339 1307 1853
2101 2 2 1000 21 340 1308 1854
2102 2 2 1000 21 333 1319 1752
2103 2 2 1000 21 334 1320 1753
2104 2 2 1000 21 336 1322 1754
2105 2 2 1000 21 637 1793 955
2106 2 2 1000 21 638 1794 956
2107 2 2 1000 21 640 957 1791
2108 2 2 1000 21 641 958 1792
2109 2 2 1000 21 639 1789 959
2110 2 2 1000 21 642 1790 960
2111 2 2 1000 21 643 961 1787
2112 2 2 1000 21 644 962 1788
2113 2 2 1000 21 747 1902 1227
2114 2 2 1000 21 748 1903 1228
2115 2 2 1000 21 749 1904 1229
2116 2 2 1000 21 750 1905 1230
2117 2 2 1000 21 155 955 1793
2118 2 2 1000 21 116 956 1794
2119 2 2 1000 21 77 1792 958
2120 2 2 1000 21 38 1791 957
2121 2 2 1000 21 18 959 1789
2122 2 2 1000 21 57 960 1790
2123 2 2 1000 21 135 1787 961
2124 2 2 1000 21 96 1788 962
2125 2 2 1000 21 313 1027 1057
2126 2 2 1000 21 315 1028 1058
2127 2 2 1000 21 314 1029 1059
2128 2 2 1000 21 316 1030 1060
2129 2 2 1000 21 258 1855 1111
2130 2 2 1000 21 260 1856 1112
2131 2 2 1000 21 257 1109 1857
2132 2 2 1000 21 259 1110 1858
2133 2 2 1000 21 297 1103 1484
2134 2 2 1000 21 298 1104 1485
2135 2 2 1000 21 299 1482 1101
2136 2 2 1000 21 300 1483 1102
2137 2 2 1000 21 200 1818 1031
2138 2 2 1000 21 212 1819 1033
2139 2 2 1000 21 188 1816 1032
2140 2 2 1000 21 176 1817 1034
2141 2 2 1000 21 471 1321 1171
2142 2 2 1000 21 472 1322 1172
2143 2 2 1000 21 469 1319 1167
2144 2 2 1000 21 470 1320 1168
2145 2 2 1000 21 741 1171 1321
2146 2 2 1000 21 742 1172 1322
2147 2 2 1000 21 739 1167 1319
2148 2 2 1000 21 740 1168 1320
2149 2 2 1000 21 411 1748 1255
2150 2 2 1000 21 412 1749 1256
2151 2 2 1000 21 645 1755 997
2152 2 2 1000 21 646 1756 998
2153 2 2 1000 21 648 996 1758
2154 2 2 1000 21 647 995 1757
2155 2 2 1000 21 218 886 1569
2156 2 2 1000 21 220 887 1570
2157 2 2 1000 21 222 888 1571
2158 2 2 1000 21 224 889 1572
2159 2 2 1000 21 132 1135 1167
2160 2 2 1000 21 93 1136 1168
2161 2 2 1000 21 15 1169 1137
2162 2 2 1000 21 41 1138 1171
2163 2 2 1000 21 54 1170 1139
2164 2 2 1000 21 80 1140 1172
2165 2 2 1000 21 158 1173 1141
2166 2 2 1000 21 119 1174 1142
2167 2 2 1000 21 140 943 1743
2168 2 2 1000 21 101 944 1742
2169 2 2 1000 21 62 1741 946
2170 2 2 1000 21 23 1740 945
2171 2 2 1000 21 198 199 1672
2172 2 2 1000 21 210 211 1673
2173 2 2 1000 21 186 187 1674
2174 2 2 1000 21 174 175 1675
2175 2 2 1000 21 713 1621 1641
2176 2 2 1000 21 714 1622 1642
2177 2 2 1000 21 421 1684 895
2178 2 2 1000 21 423 1685 894
2179 2 2 1000 21 422 1686 897
2180 2 2 1000 21 424 1687 896
2181 2 2 1000 21 218 890 1503
2182 2 2 1000 21 220 891 1504
2183 2 2 1000 21 222 892 1505
2184 2 2 1000 21 224 893 1506
2185 2 2 1000 21 811 1261 1773
2186 2 2 1000 21 812 1262 1774
2187 2 2 1000 21 813 1263 1775
2188 2 2 1000 21 814 1264 1776
2189 2 2 1000 21 697 1852 912
2190 2 2 1000 21 698 1853 913
2191 2 2 1000 21 699 1854 914
2192 2 2 1000 21 249 1773 1261
2193 2 2 1000 21 250 1774 1262
2194 2 2 1000 21 251 1775 1263
2195 2 2 1000 21 252 1776 1264
2196 2 2 1000 21 147 148 1127
2197 2 2 1000 21 108 109 1128
2198 2 2 1000 21 30 1130 31
2199 2 2 1000 21 69 1129 70
2200 2 2 1000 21 425 997 1755
2201 2 2 1000 21 426 998 1756
2202 2 2 1000 21 427 1757 995
2203 2 2 1000 21 428 1758 996
2204 2 2 1000 21 763 1498 1802
2205 2 2 1000 21 765 1499 1803
2206 2 2 1000 21 782 1247 1577
2207 2 2 1000 21 785 1249 1578
2208 2 2 1000 21 786 1250 1579
2209 2 2 1000 21 365 1177 1540
2210 2 2 1000 21 366 1178 1541
2211 2 2 1000 21 367 1542 1175
2212 2 2 1000 21 368 1543 1176
2213 2 2 1000 21 273 967 1590
2214 2 2 1000 21 274 968 1591
2215 2 2 1000 21 275 969 1592
2216 2 2 1000 21 276 970 1593
2217 2 2 1000 21 313 923 1398
2218 2 2 1000 21 315 924 1400
2219 2 2 1000 21 314 925 1399
2220 2 2 1000 21 316 926 1401
2221 2 2 1000 21 571 1668 895
2222 2 2 1000 21 572 1670 894
2223 2 2 1000 21 573 1669 897
2224 2 2 1000 21 574 1671 896
2225 2 2 1000 21 317 1781 1750
2226 2 2 1000 21 318 1782 1751
2227 2 2 1000 21 497 1398 923
2228 2 2 1000 21 498 1400 924
2229 2 2 1000 21 499 1399 925
2230 2 2 1000 21 500 1401 926
2231 2 2 1000 21 319 1011 1902
2232 2 2 1000 21 320 1012 1903
2233 2 2 1000 21 323 1013 1904
2234 2 2 1000 21 324 1014 1905
2235 2 2 1000 21 882 1345 1635
2236 2 2 1000 21 883 1346 1636
2237 2 2 1000 21 621 1503 1011
2238 2 2 1000 21 622 1504 1012
2239 2 2 1000 21 625 1505 1013
2240 2 2 1000 21 626 1506 1014
2241 2 2 1000 21 465 1573 923
2242 2 2 1000 21 466 1574 924
2243 2 2 1000 21 467 1575 925
2244 2 2 1000 21 468 1576 926
2245 2 2 1000 21 357 902 1760
2246 2 2 1000 21 358 903 1761
2247 2 2 1000 21 359 904 1762
2248 2 2 1000 21 360 905 1763
2249 2 2 1000 21 723 1878 1339
2250 2 2 1000 21 724 1879 1340
2251 2 2 1000 21 725 1880 1341
2252 2 2 1000 21 726 1881 1342
2253 2 2 1000 21 381 975 1199
2254 2 2 1000 21 382 976 1200
2255 2 2 1000 21 383 977 1201
2256 2 2 1000 21 384 978 1202
2257 2 2 1000 21 236 1478 1655
2258 2 2 1000 21 238 1479 1656
2259 2 2 1000 21 239 1480 1657
2260 2 2 1000 21 240 1481 1658
2261 2 2 1000 21 293 912 1577
2262 2 2 1000 21 295 913 1578
2263 2 2 1000 21 296 914 1579
2264 2 2 1000 21 654 1047 1414
2265 2 2 1000 21 656 1048 1416
2266 2 2 1000 21 653 1049 1415
2267 2 2 1000 21 655 1050 1417
2268 2 2 1000 21 439 1251 1402
2269 2 2 1000 21 440 1252 1403
2270 2 2 1000 21 515 1577 912
2271 2 2 1000 21 519 1578 913
2272 2 2 1000 21 520 1579 914
2273 2 2 1000 21 545 1335 1315
2274 2 2 1000 21 546 1336 1316
2275 2 2 1000 21 547 1337 1317
2276 2 2 1000 21 548 1338 1318
2277 2 2 1000 21 591 1730 1370
2278 2 2 1000 21 592 1731 1371
2279 2 2 1000 21 305 1061 1388
2280 2 2 1000 21 306 1062 1389
2281 2 2 1000 21 307 1063 1390
2282 2 2 1000 21 308 1064 1391
2283 2 2 1000 21 599 975 1783
2284 2 2 1000 21 600 976 1784
2285 2 2 1000 21 601 977 1785
2286 2 2 1000 21 602 978 1786
2287 2 2 1000 21 293 1511 912
2288 2 2 1000 21 295 1512 913
2289 2 2 1000 21 296 1513 914
2290 2 2 1000 21 431 1370 1804
2291 2 2 1000 21 432 1371 1805
2292 2 2 1000 21 373 1682 908
2293 2 2 1000 21 374 1683 909
2294 2 2 1000 21 375 910 1680
2295 2 2 1000 21 376 911 1681
2296 2 2 1000 21 409 1233 1828
2297 2 2 1000 21 410 1234 1829
2298 2 2 1000 21 549 1003 1664
2299 2 2 1000 21 550 1004 1665
2300 2 2 1000 21 551 1005 1666
2301 2 2 1000 21 552 1006 1667
2302 2 2 1000 21 571 1195 1191
2303 2 2 1000 21 572 1197 1193
2304 2 2 1000 21 573 1196 1192
2305 2 2 1000 21 574 1198 1194
2306 2 2 1000 21 527 908 1682
2307 2 2 1000 21 528 909 1683
2308 2 2 1000 21 525 1680 910
2309 2 2 1000 21 526 1681 911
2310 2 2 1000 21 144 145 1300
2311 2 2 1000 21 105 106 1299
2312 2 2 1000 21 66 1298 67
2313 2 2 1000 21 27 1297 28
2314 2 2 1000 21 717 1111 1855
2315 2 2 1000 21 718 1112 1856
2316 2 2 1000 21 715 1857 1109
2317 2 2 1000 21 716 1858 1110
2318 2 2 1000 21 319 1720 1011
2319 2 2 1000 21 320 1721 1012
2320 2 2 1000 21 621 1011 1720
2321 2 2 1000 21 622 1012 1721
2322 2 2 1000 21 151 152 1153
2323 2 2 1000 21 112 113 1154
2324 2 2 1000 21 21 1149 22
2325 2 2 1000 21 60 1150 61
2326 2 2 1000 21 34 1151 35
2327 2 2 1000 21 73 1152 74
2328 2 2 1000 21 138 139 1147
2329 2 2 1000 21 99 100 1148
2330 2 2 1000 21 603 1734 1159
2331 2 2 1000 21 604 1735 1160
2332 2 2 1000 21 541 1602 1093
2333 2 2 1000 21 542 1604 1094
2334 2 2 1000 21 543 1603 1095
2335 2 2 1000 21 544 1605 1096
2336 2 2 1000 21 453 1191 1195
2337 2 2 1000 21 455 1193 1197
2338 2 2 1000 21 454 1192 1196
2339 2 2 1000 21 456 1194 1198
2340 2 2 1000 21 161 1286 1073
2341 2 2 1000 21 122 1288 1074
2342 2 2 1000 21 44 1075 1282
2343 2 2 1000 21 83 1076 1284
2344 2 2 1000 21 12 1285 1077
2345 2 2 1000 21 51 1287 1078
2346 2 2 1000 21 129 1079 1281
2347 2 2 1000 21 90 1080 1283
2348 2 2 1000 21 206 207 1294
2349 2 2 1000 21 194 195 1293
2350 2 2 1000 21 170 171 1296
2351 2 2 1000 21 182 183 1295
2352 2 2 1000 21 645 997 1833
2353 2 2 1000 21 646 998 1832
2354 2 2 1000 21 648 1831 996
2355 2 2 1000 21 647 1830 995
2356 2 2 1000 21 367 1975 915
2357 2 2 1000 21 368 1974 916
2358 2 2 1000 21 365 917 1972
2359 2 2 1000 21 366 918 1973
2360 2 2 1000 21 621 1678 1231
2361 2 2 1000 21 622 1679 1232
2362 2 2 1000 21 393 1838 1023
2363 2 2 1000 21 394 1839 1024
2364 2 2 1000 21 395 1840 1025
2365 2 2 1000 21 396 1841 1026
2366 2 2 1000 21 623 1253 1676
2367 2 2 1000 21 624 1254 1677
2368 2 2 1000 21 319 1121 1812
2369 2 2 1000 21 320 1122 1813
2370 2 2 1000 21 285 939 1335
2371 2 2 1000 21 286 940 1336
2372 2 2 1000 21 287 941 1337
2373 2 2 1000 21 288 942 1338
2374 2 2 1000 21 834 1701 1784
2375 2 2 1000 21 832 1700 1783
2376 2 2 1000 21 835 1703 1786
2377 2 2 1000 21 833 1702 1785
2378 2 2 1000 21 31 1476 32
2379 2 2 1000 21 70 1477 71
2380 2 2 1000 21 109 110 1475
2381 2 2 1000 21 148 149 1474
2382 2 2 1000 21 317 1750 1085
2383 2 2 1000 21 318 1751 1086
2384 2 2 1000 21 497 923 1422
2385 2 2 1000 21 498 924 1423
2386 2 2 1000 21 499 925 1424
2387 2 2 1000 21 500 926 1425
2388 2 2 1000 21 943 1964 1743
2389 2 2 1000 21 944 1965 1742
2390 2 2 1000 21 946 1741 1967
2391 2 2 1000 21 945 1740 1966
2392 2 2 1000 21 267 1374 931
2393 2 2 1000 21 268 1375 932
2394 2 2 1000 21 265 933 1372
2395 2 2 1000 21 266 934 1373
2396 2 2 1000 21 271 1378 935
2397 2 2 1000 21 272 1379 936
2398 2 2 1000 21 269 937 1376
2399 2 2 1000 21 270 938 1377
2400 2 2 1000 21 723 1530 1956
2401 2 2 1000 21 724 1531 1957
2402 2 2 1000 21 725 1532 1958
2403 2 2 1000 21 726 1533 1959
2404 2 2 1000 21 629 1544 919
2405 2 2 1000 21 630 1545 920
2406 2 2 1000 21 631 1546 921
2407 2 2 1000 21 632 1547 922
2408 2 2 1000 21 262 1392 1806
2409 2 2 1000 21 263 1393 1807
2410 2 2 1000 21 142 995 1830
2411 2 2 1000 21 103 996 1831
2412 2 2 1000 21 25 1833 997
2413 2 2 1000 21 64 1832 998
2414 2 2 1000 21 593 1402 1251
2415 2 2 1000 21 594 1403 1252
2416 2 2 1000 21 369 1964 943
2417 2 2 1000 21 370 1965 944
2418 2 2 1000 21 371 945 1966
2419 2 2 1000 21 372 946 1967
2420 2 2 1000 21 241 919 1598
2421 2 2 1000 21 242 920 1600
2422 2 2 1000 21 243 921 1599
2423 2 2 1000 21 244 922 1601
2424 2 2 1000 21 525 1474 927
2425 2 2 1000 21 526 1475 928
2426 2 2 1000 21 527 929 1476
2427 2 2 1000 21 528 930 1477
2428 2 2 1000 21 609 1023 1261
2429 2 2 1000 21 610 1024 1262
2430 2 2 1000 21 611 1025 1263
2431 2 2 1000 21 612 1026 1264
2432 2 2 1000 21 249 1261 1023
2433 2 2 1000 21 250 1262 1024
2434 2 2 1000 21 251 1263 1025
2435 2 2 1000 21 252 1264 1026
2436 2 2 1000 21 713 1265 1621
2437 2 2 1000 21 714 1266 1622
2438 2 2 1000 21 457 1227 1902
2439 2 2 1000 21 458 1228 1903
2440 2 2 1000 21 459 1229 1904
2441 2 2 1000 21 460 1230 1905
2442 2 2 1000 21 565 1297 1482
2443 2 2 1000 21 566 1298 1483
2444 2 2 1000 21 563 1484 1300
2445 2 2 1000 21 564 1485 1299
2446 2 2 1000 21 465 967 1573
2447 2 2 1000 21 466 968 1574
2448 2 2 1000 21 467 969 1575
2449 2 2 1000 21 468 970 1576
2450 2 2 1000 21 691 1482 1297
2451 2 2 1000 21 692 1483 1298
2452 2 2 1000 21 689 1300 1484
2453 2 2 1000 21 690 1299 1485
2454 2 2 1000 21 715 981 1647
2455 2 2 1000 21 716 982 1648
2456 2 2 1000 21 717 1649 979
2457 2 2 1000 21 718 1650 980
2458 2 2 1000 21 719 985 1651
2459 2 2 1000 21 720 986 1652
2460 2 2 1000 21 721 1653 983
2461 2 2 1000 21 722 1654 984
2462 2 2 1000 21 397 1239 1446
2463 2 2 1000 21 398 1240 1447
2464 2 2 1000 21 399 1241 1448
2465 2 2 1000 21 400 1242 1449
2466 2 2 1000 21 133 134 1612
2467 2 2 1000 21 94 95 1613
2468 2 2 1000 21 16 1610 17
2469 2 2 1000 21 55 1611 56
2470 2 2 1000 21 39 1608 40
2471 2 2 1000 21 78 1609 79
2472 2 2 1000 21 156 157 1606
2473 2 2 1000 21 117 118 1607
2474 2 2 1000 21 629 1446 1239
2475 2 2 1000 21 630 1447 1240
2476 2 2 1000 21 631 1448 1241
2477 2 2 1000 21 632 1449 1242
2478 2 2 1000 21 323 1621 1265
2479 2 2 1000 21 324 1622 1266
2480 2 2 1000 21 294 1614 1552
2481 2 2 1000 21 677 1933 933
2482 2 2 1000 21 679 1934 934
2483 2 2 1000 21 678 931 1931
2484 2 2 1000 21 680 932 1932
2485 2 2 1000 21 681 1937 937
2486 2 2 1000 21 683 1938 938
2487 2 2 1000 21 682 935 1935
2488 2 2 1000 21 684 936 1936
2489 2 2 1000 21 245 1339 991
2490 2 2 1000 21 246 1340 992
2491 2 2 1000 21 247 1341 993
2492 2 2 1000 21 248 1342 994
2493 2 2 1000 21 429 1498 1161
2494 2 2 1000 21 430 1499 1162
2495 2 2 1000 21 349 1808 1952
2496 2 2 1000 21 350 1809 1953
2497 2 2 1000 21 351 1810 1954
2498 2 2 1000 21 352 1811 1955
2499 2 2 1000 21 245 991 1418
2500 2 2 1000 21 246 992 1419
2501 2 2 1000 21 247 993 1420
2502 2 2 1000 21 248 994 1421
2503 2 2 1000 21 525 927 1680
2504 2 2 1000 21 526 928 1681
2505 2 2 1000 21 527 1682 929
2506 2 2 1000 21 528 1683 930
2507 2 2 1000 21 764 1804 1370
2508 2 2 1000 21 766 1805 1371
2509 2 2 1000 21 375 1680 927
2510 2 2 1000 21 376 1681 928
2511 2 2 1000 21 373 929 1682
2512 2 2 1000 21 374 930 1683
2513 2 2 1000 21 322 1581 1160
2514 2 2 1000 21 321 1580 1159
2515 2 2 1000 21 143 144 1536
2516 2 2 1000 21 104 105 1537
2517 2 2 1000 21 26 1539 27
2518 2 2 1000 21 65 1538 66
2519 2 2 1000 21 128 129 1281
2520 2 2 1000 21 89 90 1283
2521 2 2 1000 21 11 1285 12
2522 2 2 1000 21 50 1287 51
2523 2 2 1000 21 44 1282 45
2524 2 2 1000 21 83 1284 84
2525 2 2 1000 21 161 162 1286
2526 2 2 1000 21 122 123 1288
2527 2 2 1000 21 704 1614 1659
2528 2 2 1000 21 604 1160 1581
2529 2 2 1000 21 603 1159 1580
2530 2 2 1000 21 369 1647 931
2531 2 2 1000 21 370 1648 932
2532 2 2 1000 21 371 933 1649
2533 2 2 1000 21 372 934 1650
2534 2 2 1000 21 373 1651 935
2535 2 2 1000 21 374 1652 936
2536 2 2 1000 21 375 937 1653
2537 2 2 1000 21 376 938 1654
2538 2 2 1000 21 541 1269 1602
2539 2 2 1000 21 542 1270 1604
2540 2 2 1000 21 543 1271 1603
2541 2 2 1000 21 544 1272 1605
2542 2 2 1000 21 469 1167 1135
2543 2 2 1000 21 470 1168 1136
2544 2 2 1000 21 473 1137 1169
2545 2 2 1000 21 474 1139 1170
2546 2 2 1000 21 471 1171 1138
2547 2 2 1000 21 472 1172 1140
2548 2 2 1000 21 475 1141 1173
2549 2 2 1000 21 476 1142 1174
2550 2 2 1000 21 405 979 1362
2551 2 2 1000 21 406 980 1363
2552 2 2 1000 21 409 983 1364
2553 2 2 1000 21 410 984 1365
2554 2 2 1000 21 407 1380 981
2555 2 2 1000 21 408 1381 982
2556 2 2 1000 21 411 1382 985
2557 2 2 1000 21 412 1383 986
2558 2 2 1000 21 196 1007 1623
2559 2 2 1000 21 208 1008 1625
2560 2 2 1000 21 184 1009 1624
2561 2 2 1000 21 172 1010 1626
2562 2 2 1000 21 600 1784 1701
2563 2 2 1000 21 599 1783 1700
2564 2 2 1000 21 602 1786 1703
2565 2 2 1000 21 601 1785 1702
2566 2 2 1000 21 649 1023 1838
2567 2 2 1000 21 650 1024 1839
2568 2 2 1000 21 651 1025 1840
2569 2 2 1000 21 652 1026 1841
2570 2 2 1000 21 704 1615 1022
2571 2 2 1000 21 449 1418 991
2572 2 2 1000 21 450 1419 992
2573 2 2 1000 21 451 1420 993
2574 2 2 1000 21 452 1421 994
2575 2 2 1000 21 519 1073 1286
2576 2 2 1000 21 520 1074 1288
2577 2 2 1000 21 516 1282 1075
2578 2 2 1000 21 518 1284 1076
2579 2 2 1000 21 515 1077 1285
2580 2 2 1000 21 517 1078 1287
2581 2 2 1000 21 513 1281 1079
2582 2 2 1000 21 514 1283 1080
2583 2 2 1000 21 553 1040 1500
2584 2 2 1000 21 554 1041 1501
2585 2 2 1000 21 556 1042 1502
2586 2 2 1000 21 333 1500 1040
2587 2 2 1000 21 334 1501 1041
2588 2 2 1000 21 336 1502 1042
2589 2 2 1000 21 477 1089 1351
2590 2 2 1000 21 479 1091 1352
2591 2 2 1000 21 478 1090 1355
2592 2 2 1000 21 477 1353 1089
2593 2 2 1000 21 480 1092 1356
2594 2 2 1000 21 478 1354 1090
2595 2 2 1000 21 479 1357 1091
2596 2 2 1000 21 480 1358 1092
2597 2 2 1000 21 693 1003 1960
2598 2 2 1000 21 694 1004 1961
2599 2 2 1000 21 695 1005 1962
2600 2 2 1000 21 696 1006 1963
2601 2 2 1000 21 353 1960 1003
2602 2 2 1000 21 354 1961 1004
2603 2 2 1000 21 355 1962 1005
2604 2 2 1000 21 356 1963 1006
2605 2 2 1000 21 285 1548 1643
2606 2 2 1000 21 286 1549 1644
2607 2 2 1000 21 287 1550 1645
2608 2 2 1000 21 288 1551 1646
2609 2 2 1000 21 357 1051 1384
2610 2 2 1000 21 358 1052 1385
2611 2 2 1000 21 359 1053 1386
2612 2 2 1000 21 360 1054 1387
2613 2 2 1000 21 431 1055 1370
2614 2 2 1000 21 432 1056 1371
2615 2 2 1000 21 137 138 1492
2616 2 2 1000 21 98 99 1493
2617 2 2 1000 21 20 1488 21
2618 2 2 1000 21 59 1489 60
2619 2 2 1000 21 35 1490 36
2620 2 2 1000 21 74 1491 75
2621 2 2 1000 21 113 114 1487
2622 2 2 1000 21 152 153 1486
2623 2 2 1000 21 561 1641 1621
2624 2 2 1000 21 562 1642 1622
2625 2 2 1000 21 549 1384 1051
2626 2 2 1000 21 550 1385 1052
2627 2 2 1000 21 551 1386 1053
2628 2 2 1000 21 552 1387 1054
2629 2 2 1000 21 971 1859 1406
2630 2 2 1000 21 973 1860 1407
2631 2 2 1000 21 972 1861 1408
2632 2 2 1000 21 974 1862 1409
2633 2 2 1000 21 513 1040 1799
2634 2 2 1000 21 514 1041 1800
2635 2 2 1000 21 518 1042 1801
2636 2 2 1000 21 538 964 1923
2637 2 2 1000 21 537 963 1924
2638 2 2 1000 21 540 966 1925
2639 2 2 1000 21 539 965 1926
2640 2 2 1000 21 445 1035 1910
2641 2 2 1000 21 446 1036 1911
2642 2 2 1000 21 447 1037 1912
2643 2 2 1000 21 448 1038 1913
2644 2 2 1000 21 417 1061 1315
2645 2 2 1000 21 418 1062 1316
2646 2 2 1000 21 419 1063 1317
2647 2 2 1000 21 420 1064 1318
2648 2 2 1000 21 22 1149 1740
2649 2 2 1000 21 61 1150 1741
2650 2 2 1000 21 100 1742 1148
2651 2 2 1000 21 139 1743 1147
2652 2 2 1000 21 333 1040 1301
2653 2 2 1000 21 334 1041 1302
2654 2 2 1000 21 338 1305 1039
2655 2 2 1000 21 336 1042 1306
2656 2 2 1000 21 389 1586 951
2657 2 2 1000 21 390 1587 952
2658 2 2 1000 21 391 1588 953
2659 2 2 1000 21 392 1589 954
2660 2 2 1000 21 605 1315 1061
2661 2 2 1000 21 606 1316 1062
2662 2 2 1000 21 607 1317 1063
2663 2 2 1000 21 608 1318 1064
2664 2 2 1000 21 513 1301 1040
2665 2 2 1000 21 514 1302 1041
2666 2 2 1000 21 517 1039 1305
2667 2 2 1000 21 518 1306 1042
2668 2 2 1000 21 134 961 1612
2669 2 2 1000 21 95 962 1613
2670 2 2 1000 21 17 1610 959
2671 2 2 1000 21 56 1611 960
2672 2 2 1000 21 39 957 1608
2673 2 2 1000 21 78 958 1609
2674 2 2 1000 21 156 1606 955
2675 2 2 1000 21 117 1607 956
2676 2 2 1000 21 583 1035 1890
2677 2 2 1000 21 585 1037 1892
2678 2 2 1000 21 584 1036 1891
2679 2 2 1000 21 586 1038 1893
2680 2 2 1000 21 401 948 1704
2681 2 2 1000 21 402 950 1705
2682 2 2 1000 21 403 947 1706
2683 2 2 1000 21 404 949 1707
2684 2 2 1000 21 391 955 1882
2685 2 2 1000 21 392 956 1884
2686 2 2 1000 21 389 959 1883
2687 2 2 1000 21 390 960 1885
2688 2 2 1000 21 967 1878 1590
2689 2 2 1000 21 968 1879 1591
2690 2 2 1000 21 969 1880 1592
2691 2 2 1000 21 970 1881 1593
2692 2 2 1000 21 1878 461 1590
2693 2 2 1000 21 1879 462 1591
2694 2 2 1000 21 1880 463 1592
2695 2 2 1000 21 1881 464 1593
2696 2 2 1000 21 731 1692 1019
2697 2 2 1000 21 733 1693 1020
2698 2 2 1000 21 734 1694 1021
2699 2 2 1000 21 677 1740 1149
2700 2 2 1000 21 679 1741 1150
2701 2 2 1000 21 678 1147 1743
2702 2 2 1000 21 680 1148 1742
2703 2 2 1000 21 387 1777 957
2704 2 2 1000 21 388 1778 958
2705 2 2 1000 21 385 1779 961
2706 2 2 1000 21 386 1780 962
2707 2 2 1000 21 289 963 1594
2708 2 2 1000 21 290 964 1595
2709 2 2 1000 21 291 965 1596
2710 2 2 1000 21 292 966 1597
2711 2 2 1000 21 273 1573 967
2712 2 2 1000 21 274 1574 968
2713 2 2 1000 21 275 1575 969
2714 2 2 1000 21 276 1576 970
2715 2 2 1000 21 294 1552 1248
2716 2 2 1000 21 505 1430 1708
2717 2 2 1000 21 506 1431 1709
2718 2 2 1000 21 507 1432 1710
2719 2 2 1000 21 508 1433 1711
2720 2 2 1000 21 665 1331 1426
2721 2 2 1000 21 666 1332 1427
2722 2 2 1000 21 667 1333 1428
2723 2 2 1000 21 668 1334 1429
2724 2 2 1000 21 521 1426 1331
2725 2 2 1000 21 522 1427 1332
2726 2 2 1000 21 523 1428 1333
2727 2 2 1000 21 524 1429 1334
2728 2 2 1000 21 789 1133 1755
2729 2 2 1000 21 790 1134 1756
2730 2 2 1000 21 791 1757 1131
2731 2 2 1000 21 792 1758 1132
2732 2 2 1000 21 425 1755 1133
2733 2 2 1000 21 426 1756 1134
2734 2 2 1000 21 427 1131 1757
2735 2 2 1000 21 428 1132 1758
2736 2 2 1000 21 704 1759 1615
2737 2 2 1000 21 613 1349 1065
2738 2 2 1000 21 614 1350 1066
2739 2 2 1000 21 615 1347 1068
2740 2 2 1000 21 616 1348 1070
2741 2 2 1000 21 6 1047 1816
2742 2 2 1000 21 7 1048 1817
2743 2 2 1000 21 8 1049 1818
2744 2 2 1000 21 5 1050 1819
2745 2 2 1000 21 289 1924 963
2746 2 2 1000 21 290 1923 964
2747 2 2 1000 21 291 1926 965
2748 2 2 1000 21 292 1925 966
2749 2 2 1000 21 654 1816 1047
2750 2 2 1000 21 656 1817 1048
2751 2 2 1000 21 653 1818 1049
2752 2 2 1000 21 655 1819 1050
2753 2 2 1000 21 823 1257 1522
2754 2 2 1000 21 824 1258 1523
2755 2 2 1000 21 825 1259 1524
2756 2 2 1000 21 826 1260 1525
2757 2 2 1000 21 465 991 1339
2758 2 2 1000 21 466 992 1340
2759 2 2 1000 21 467 993 1341
2760 2 2 1000 21 468 994 1342
2761 2 2 1000 21 709 1398 1406
2762 2 2 1000 21 710 1399 1407
2763 2 2 1000 21 711 1400 1408
2764 2 2 1000 21 712 1401 1409
2765 2 2 1000 21 497 1406 1398
2766 2 2 1000 21 498 1408 1400
2767 2 2 1000 21 499 1407 1399
2768 2 2 1000 21 500 1409 1401
2769 2 2 1000 21 915 1127 1542
2770 2 2 1000 21 916 1128 1543
2771 2 2 1000 21 918 1541 1129
2772 2 2 1000 21 917 1540 1130
2773 2 2 1000 21 489 1149 1488
2774 2 2 1000 21 490 1150 1489
2775 2 2 1000 21 493 1153 1486
2776 2 2 1000 21 494 1154 1487
2777 2 2 1000 21 491 1492 1147
2778 2 2 1000 21 492 1493 1148
2779 2 2 1000 21 495 1490 1151
2780 2 2 1000 21 496 1491 1152
2781 2 2 1000 21 236 1655 1179
2782 2 2 1000 21 238 1656 1180
2783 2 2 1000 21 239 1657 1181
2784 2 2 1000 21 240 1658 1182
2785 2 2 1000 21 319 1267 1121
2786 2 2 1000 21 320 1268 1122
2787 2 2 1000 21 797 1712 1462
2788 2 2 1000 21 798 1713 1463
2789 2 2 1000 21 799 1714 1464
2790 2 2 1000 21 800 1715 1465
2791 2 2 1000 21 801 1458 1716
2792 2 2 1000 21 802 1459 1717
2793 2 2 1000 21 803 1460 1718
2794 2 2 1000 21 804 1461 1719
2795 2 2 1000 21 230 1695 1022
2796 2 2 1000 21 343 1462 1712
2797 2 2 1000 21 344 1463 1713
2798 2 2 1000 21 347 1464 1714
2799 2 2 1000 21 348 1465 1715
2800 2 2 1000 21 341 1716 1458
2801 2 2 1000 21 342 1717 1459
2802 2 2 1000 21 345 1718 1460
2803 2 2 1000 21 346 1719 1461
2804 2 2 1000 21 429 1392 1802
2805 2 2 1000 21 430 1393 1803
2806 2 2 1000 21 661 1598 1027
2807 2 2 1000 21 662 1600 1029
2808 2 2 1000 21 663 1599 1028
2809 2 2 1000 21 664 1601 1030
2810 2 2 1000 21 736 1782 1677
2811 2 2 1000 21 735 1781 1676
2812 2 2 1000 21 836 1802 1392
2813 2 2 1000 21 837 1803 1393
2814 2 2 1000 21 1003 1898 1664
2815 2 2 1000 21 1004 1899 1665
2816 2 2 1000 21 1005 1900 1666
2817 2 2 1000 21 1006 1901 1667
2818 2 2 1000 21 737 1720 1812
2819 2 2 1000 21 738 1721 1813
2820 2 2 1000 21 286 1644 1094
2821 2 2 1000 21 285 1643 1093
2822 2 2 1000 21 288 1646 1096
2823 2 2 1000 21 287 1645 1095
2824 2 2 1000 21 461 1097 1569
2825 2 2 1000 21 462 1098 1570
2826 2 2 1000 21 463 1099 1571
2827 2 2 1000 21 464 1100 1572
2828 2 2 1000 21 755 1384 1664
2829 2 2 1000 21 756 1385 1665
2830 2 2 1000 21 757 1386 1666
2831 2 2 1000 21 758 1387 1667
2832 2 2 1000 21 605 1655 1478
2833 2 2 1000 21 606 1656 1479
2834 2 2 1000 21 607 1657 1480
2835 2 2 1000 21 608 1658 1481
2836 2 2 1000 21 516 1304 1759
2837 2 2 1000 21 745 1073 1307
2838 2 2 1000 21 746 1074 1308
2839 2 2 1000 21 741 1304 1075
2840 2 2 1000 21 742 1306 1076
2841 2 2 1000 21 743 1077 1303
2842 2 2 1000 21 744 1078 1305
2843 2 2 1000 21 739 1301 1079
2844 2 2 1000 21 740 1302 1080
2845 2 2 1000 21 627 1255 1748
2846 2 2 1000 21 628 1256 1749
2847 2 2 1000 21 708 1158 1776
2848 2 2 1000 21 707 1157 1775
2849 2 2 1000 21 706 1156 1774
2850 2 2 1000 21 705 1155 1773
2851 2 2 1000 21 737 1678 1720
2852 2 2 1000 21 738 1679 1721
2853 2 2 1000 21 915 1975 1517
2854 2 2 1000 21 916 1974 1516
2855 2 2 1000 21 917 1514 1972
2856 2 2 1000 21 918 1515 1973
2857 2 2 1000 21 713 1641 1225
2858 2 2 1000 21 714 1642 1226
2859 2 2 1000 21 593 1498 1732
2860 2 2 1000 21 594 1499 1733
2861 2 2 1000 21 294 1279 1659
2862 2 2 1000 21 241 1598 1269
2863 2 2 1000 21 242 1600 1270
2864 2 2 1000 21 243 1599 1271
2865 2 2 1000 21 244 1601 1272
2866 2 2 1000 21 567 1235 1243
2867 2 2 1000 21 568 1237 1245
2868 2 2 1000 21 569 1236 1244
2869 2 2 1000 21 570 1238 1246
2870 2 2 1000 21 481 1243 1235
2871 2 2 1000 21 482 1244 1236
2872 2 2 1000 21 483 1245 1237
2873 2 2 1000 21 484 1246 1238
2874 2 2 1000 21 661 1269 1598
2875 2 2 1000 21 662 1270 1600
2876 2 2 1000 21 663 1271 1599
2877 2 2 1000 21 664 1272 1601
2878 2 2 1000 21 678 1743 1964
2879 2 2 1000 21 680 1742 1965
2880 2 2 1000 21 677 1966 1740
2881 2 2 1000 21 679 1967 1741
2882 2 2 1000 21 473 1526 1067
2883 2 2 1000 21 474 1527 1069
2884 2 2 1000 21 475 1528 1071
2885 2 2 1000 21 476 1529 1072
2886 2 2 1000 21 513 1079 1301
2887 2 2 1000 21 514 1080 1302
2888 2 2 1000 21 516 1075 1304
2889 2 2 1000 21 515 1303 1077
2890 2 2 1000 21 518 1076 1306
2891 2 2 1000 21 517 1305 1078
2892 2 2 1000 21 519 1307 1073
2893 2 2 1000 21 520 1308 1074
2894 2 2 1000 21 579 1507 1672
2895 2 2 1000 21 581 1508 1674
2896 2 2 1000 21 580 1509 1673
2897 2 2 1000 21 582 1510 1675
2898 2 2 1000 21 665 1859 971
2899 2 2 1000 21 667 1861 972
2900 2 2 1000 21 666 1860 973
2901 2 2 1000 21 668 1862 974
2902 2 2 1000 21 737 1111 1678
2903 2 2 1000 21 738 1112 1679
2904 2 2 1000 21 735 1676 1109
2905 2 2 1000 21 736 1677 1110
2906 2 2 1000 21 225 1055 1867
2907 2 2 1000 21 227 1056 1868
2908 2 2 1000 21 834 1114 1701
2909 2 2 1000 21 832 1113 1700
2910 2 2 1000 21 835 1116 1703
2911 2 2 1000 21 833 1115 1702
2912 2 2 1000 21 895 1668 1113
2913 2 2 1000 21 897 1669 1114
2914 2 2 1000 21 894 1670 1115
2915 2 2 1000 21 896 1671 1116
2916 2 2 1000 21 267 981 1976
2917 2 2 1000 21 268 982 1977
2918 2 2 1000 21 271 985 1978
2919 2 2 1000 21 272 986 1979
2920 2 2 1000 21 555 1616 1039
2921 2 2 1000 21 827 1616 1695
2922 2 2 1000 21 143 1536 995
2923 2 2 1000 21 104 1537 996
2924 2 2 1000 21 65 998 1538
2925 2 2 1000 21 26 997 1539
2926 2 2 1000 21 338 1039 1616
2927 2 2 1000 21 555 1695 1616
2928 2 2 1000 21 265 1944 979
2929 2 2 1000 21 266 1945 980
2930 2 2 1000 21 269 1946 983
2931 2 2 1000 21 270 1947 984
2932 2 2 1000 21 281 1067 1526
2933 2 2 1000 21 282 1069 1527
2934 2 2 1000 21 283 1071 1528
2935 2 2 1000 21 284 1072 1529
2936 2 2 1000 21 513 1799 1277
2937 2 2 1000 21 514 1800 1278
2938 2 2 1000 21 518 1801 1280
2939 2 2 1000 21 449 1213 1418
2940 2 2 1000 21 450 1214 1419
2941 2 2 1000 21 451 1215 1420
2942 2 2 1000 21 452 1216 1421
2943 2 2 1000 21 516 1759 1659
2944 2 2 1000 21 545 1315 1478
2945 2 2 1000 21 546 1316 1479
2946 2 2 1000 21 547 1317 1480
2947 2 2 1000 21 548 1318 1481
2948 2 2 1000 21 225 1768 1055
2949 2 2 1000 21 227 1769 1056
2950 2 2 1000 21 605 1478 1315
2951 2 2 1000 21 606 1479 1316
2952 2 2 1000 21 607 1480 1317
2953 2 2 1000 21 608 1481 1318
2954 2 2 1000 21 591 1055 1768
2955 2 2 1000 21 592 1056 1769
2956 2 2 1000 21 591 1370 1055
2957 2 2 1000 21 592 1371 1056
2958 2 2 1000 21 477 1351 1846
2959 2 2 1000 21 479 1352 1847
2960 2 2 1000 21 478 1355 1848
2961 2 2 1000 21 480 1356 1849
2962 2 2 1000 21 779 1846 1351
2963 2 2 1000 21 780 1847 1352
2964 2 2 1000 21 781 1848 1355
2965 2 2 1000 21 783 1849 1356
2966 2 2 1000 21 253 1113 1668
2967 2 2 1000 21 254 1114 1669
2968 2 2 1000 21 255 1115 1670
2969 2 2 1000 21 256 1116 1671
2970 2 2 1000 21 811 1773 1155
2971 2 2 1000 21 812 1774 1156
2972 2 2 1000 21 813 1775 1157
2973 2 2 1000 21 814 1776 1158
2974 2 2 1000 21 617 1067 1586
2975 2 2 1000 21 618 1069 1587
2976 2 2 1000 21 619 1071 1588
2977 2 2 1000 21 620 1072 1589
2978 2 2 1000 21 148 1474 1127
2979 2 2 1000 21 109 1475 1128
2980 2 2 1000 21 31 1130 1476
2981 2 2 1000 21 70 1129 1477
2982 2 2 1000 21 685 1362 1952
2983 2 2 1000 21 686 1363 1953
2984 2 2 1000 21 687 1364 1954
2985 2 2 1000 21 688 1365 1955
2986 2 2 1000 21 521 1331 1123
2987 2 2 1000 21 522 1332 1124
2988 2 2 1000 21 523 1333 1125
2989 2 2 1000 21 524 1334 1126
2990 2 2 1000 21 840 1952 1362
2991 2 2 1000 21 841 1953 1363
2992 2 2 1000 21 842 1954 1364
2993 2 2 1000 21 843 1955 1365
2994 2 2 1000 21 301 1123 1331
2995 2 2 1000 21 303 1124 1332
2996 2 2 1000 21 302 1125 1333
2997 2 2 1000 21 304 1126 1334
2998 2 2 1000 21 389 1722 987
2999 2 2 1000 21 390 1723 988
3000 2 2 1000 21 391 1724 989
3001 2 2 1000 21 392 1725 990
3002 2 2 1000 21 437 1085 1750
3003 2 2 1000 21 438 1086 1751
3004 2 2 1000 21 533 1414 1047
3005 2 2 1000 21 534 1416 1048
3006 2 2 1000 21 535 1415 1049
3007 2 2 1000 21 536 1417 1050
3008 2 2 1000 21 151 1153 1909
3009 2 2 1000 21 112 1154 1908
3010 2 2 1000 21 34 1906 1151
3011 2 2 1000 21 73 1907 1152
3012 2 2 1000 21 233 1442 1764
3013 2 2 1000 21 234 1443 1765
3014 2 2 1000 21 235 1444 1766
3015 2 2 1000 21 237 1445 1767
3016 2 2 1000 21 236 1081 1708
3017 2 2 1000 21 238 1082 1709
3018 2 2 1000 21 239 1083 1710
3019 2 2 1000 21 240 1084 1711
3020 2 2 1000 21 445 1890 1035
3021 2 2 1000 21 446 1891 1036
3022 2 2 1000 21 447 1892 1037
3023 2 2 1000 21 448 1893 1038
3024 2 2 1000 21 775 1764 1442
3025 2 2 1000 21 776 1765 1443
3026 2 2 1000 21 777 1766 1444
3027 2 2 1000 21 778 1767 1445
3028 2 2 1000 21 597 1402 1732
3029 2 2 1000 21 598 1403 1733
3030 2 2 1000 21 595 1730 1404
3031 2 2 1000 21 596 1731 1405
3032 2 2 1000 21 401 1704 999
3033 2 2 1000 21 402 1705 1000
3034 2 2 1000 21 403 1706 1001
3035 2 2 1000 21 404 1707 1002
3036 2 2 1000 21 623 1676 1781
3037 2 2 1000 21 624 1677 1782
3038 2 2 1000 21 625 1828 1233
3039 2 2 1000 21 626 1829 1234
3040 2 2 1000 21 693 1960 1380
3041 2 2 1000 21 694 1961 1381
3042 2 2 1000 21 695 1962 1382
3043 2 2 1000 21 696 1963 1383
3044 2 2 1000 21 517 1552 1039
3045 2 2 1000 21 439 1812 1121
3046 2 2 1000 21 440 1813 1122
3047 2 2 1000 21 735 1750 1781
3048 2 2 1000 21 736 1751 1782
3049 2 2 1000 21 852 1380 1960
3050 2 2 1000 21 853 1381 1961
3051 2 2 1000 21 854 1382 1962
3052 2 2 1000 21 855 1383 1963
3053 2 2 1000 21 1007 1869 1623
3054 2 2 1000 21 1008 1870 1625
3055 2 2 1000 21 1009 1871 1624
3056 2 2 1000 21 1010 1872 1626
3057 2 2 1000 21 28 1514 29
3058 2 2 1000 21 67 1515 68
3059 2 2 1000 21 106 107 1516
3060 2 2 1000 21 145 146 1517
3061 2 2 1000 21 682 1151 1906
3062 2 2 1000 21 684 1152 1907
3063 2 2 1000 21 681 1909 1153
3064 2 2 1000 21 683 1908 1154
3065 2 2 1000 21 277 1910 1035
3066 2 2 1000 21 278 1911 1036
3067 2 2 1000 21 279 1912 1037
3068 2 2 1000 21 280 1913 1038
3069 2 2 1000 21 289 999 1924
3070 2 2 1000 21 290 1000 1923
3071 2 2 1000 21 291 1001 1926
3072 2 2 1000 21 292 1002 1925
3073 2 2 1000 21 461 1569 1834
3074 2 2 1000 21 462 1570 1835
3075 2 2 1000 21 463 1571 1836
3076 2 2 1000 21 464 1572 1837
3077 2 2 1000 21 581 1674 1797
3078 2 2 1000 21 582 1675 1798
3079 2 2 1000 21 579 1672 1795
3080 2 2 1000 21 580 1673 1796
3081 2 2 1000 21 759 1631 1105
3082 2 2 1000 21 760 1632 1106
3083 2 2 1000 21 761 1633 1107
3084 2 2 1000 21 762 1634 1108
3085 2 2 1000 21 649 1105 1631
3086 2 2 1000 21 650 1106 1632
3087 2 2 1000 21 651 1107 1633
3088 2 2 1000 21 652 1108 1634
3089 2 2 1000 21 537 999 1704
3090 2 2 1000 21 538 1000 1705
3091 2 2 1000 21 539 1001 1706
3092 2 2 1000 21 540 1002 1707
3093 2 2 1000 21 625 1265 1828
3094 2 2 1000 21 626 1266 1829
3095 2 2 1000 21 191 192 1553
3096 2 2 1000 21 179 180 1554
3097 2 2 1000 21 203 204 1555
3098 2 2 1000 21 167 168 1556
3099 2 2 1000 21 585 1022 1615
3100 2 2 1000 21 906 1828 1265
3101 2 2 1000 21 907 1829 1266
3102 2 2 1000 21 341 1218 1716
3103 2 2 1000 21 342 1220 1717
3104 2 2 1000 21 345 1217 1718
3105 2 2 1000 21 346 1219 1719
3106 2 2 1000 21 643 1716 1218
3107 2 2 1000 21 644 1717 1220
3108 2 2 1000 21 640 1718 1217
3109 2 2 1000 21 641 1719 1219
3110 2 2 1000 21 533 1155 1414
3111 2 2 1000 21 534 1156 1416
3112 2 2 1000 21 535 1157 1415
3113 2 2 1000 21 536 1158 1417
3114 2 2 1000 21 329 1414 1155
3115 2 2 1000 21 331 1416 1156
3116 2 2 1000 21 330 1415 1157
3117 2 2 1000 21 332 1417 1158
3118 2 2 1000 21 253 1668 1191
3119 2 2 1000 21 254 1669 1192
3120 2 2 1000 21 255 1670 1193
3121 2 2 1000 21 256 1671 1194
3122 2 2 1000 21 571 1191 1668
3123 2 2 1000 21 573 1192 1669
3124 2 2 1000 21 572 1193 1670
3125 2 2 1000 21 574 1194 1671
3126 2 2 1000 21 437 1750 1183
3127 2 2 1000 21 438 1751 1184
3128 2 2 1000 21 537 1924 999
3129 2 2 1000 21 538 1923 1000
3130 2 2 1000 21 539 1926 1001
3131 2 2 1000 21 540 1925 1002
3132 2 2 1000 21 697 1019 1692
3133 2 2 1000 21 698 1020 1693
3134 2 2 1000 21 699 1021 1694
3135 2 2 1000 21 195 1623 1293
3136 2 2 1000 21 207 1625 1294
3137 2 2 1000 21 183 1624 1295
3138 2 2 1000 21 171 1626 1296
3139 2 2 1000 21 527 1540 1177
3140 2 2 1000 21 528 1541 1178
3141 2 2 1000 21 525 1175 1542
3142 2 2 1000 21 526 1176 1543
3143 2 2 1000 21 439 1185 1812
3144 2 2 1000 21 440 1186 1813
3145 2 2 1000 21 325 1213 1544
3146 2 2 1000 21 327 1214 1546
3147 2 2 1000 21 326 1215 1545
3148 2 2 1000 21 328 1216 1547
3149 2 2 1000 21 700 1507 1582
3150 2 2 1000 21 702 1509 1583
3151 2 2 1000 21 701 1508 1584
3152 2 2 1000 21 703 1510 1585
3153 2 2 1000 21 633 1293 1623
3154 2 2 1000 21 634 1294 1625
3155 2 2 1000 21 635 1295 1624
3156 2 2 1000 21 636 1296 1626
3157 2 2 1000 21 579 1582 1507
3158 2 2 1000 21 580 1583 1509
3159 2 2 1000 21 581 1584 1508
3160 2 2 1000 21 582 1585 1510
3161 2 2 1000 21 693 1898 1003
3162 2 2 1000 21 694 1899 1004
3163 2 2 1000 21 695 1900 1005
3164 2 2 1000 21 696 1901 1006
3165 2 2 1000 21 525 1127 1474
3166 2 2 1000 21 526 1128 1475
3167 2 2 1000 21 527 1476 1130
3168 2 2 1000 21 528 1477 1129
3169 2 2 1000 21 884 1343 1850
3170 2 2 1000 21 885 1344 1851
3171 2 2 1000 21 230 1022 1918
3172 2 2 1000 21 199 1031 1672
3173 2 2 1000 21 211 1033 1673
3174 2 2 1000 21 187 1032 1674
3175 2 2 1000 21 175 1034 1675
3176 2 2 1000 21 585 1918 1022
3177 2 2 1000 21 413 1869 1007
3178 2 2 1000 21 414 1870 1008
3179 2 2 1000 21 415 1871 1009
3180 2 2 1000 21 416 1872 1010
3181 2 2 1000 21 457 1902 1011
3182 2 2 1000 21 458 1903 1012
3183 2 2 1000 21 459 1904 1013
3184 2 2 1000 21 460 1905 1014
3185 2 2 1000 21 505 1081 1565
3186 2 2 1000 21 506 1082 1566
3187 2 2 1000 21 507 1083 1567
3188 2 2 1000 21 508 1084 1568
3189 2 2 1000 21 840 1944 1450
3190 2 2 1000 21 841 1945 1451
3191 2 2 1000 21 842 1946 1452
3192 2 2 1000 21 843 1947 1453
3193 2 2 1000 21 723 1956 1878
3194 2 2 1000 21 724 1957 1879
3195 2 2 1000 21 725 1958 1880
3196 2 2 1000 21 726 1959 1881
3197 2 2 1000 21 265 1450 1944
3198 2 2 1000 21 266 1451 1945
3199 2 2 1000 21 269 1452 1946
3200 2 2 1000 21 270 1453 1947
3201 2 2 1000 21 473 1273 1526
3202 2 2 1000 21 474 1274 1527
3203 2 2 1000 21 475 1275 1528
3204 2 2 1000 21 476 1276 1529
3205 2 2 1000 21 353 1430 1960
3206 2 2 1000 21 354 1431 1961
3207 2 2 1000 21 355 1432 1962
3208 2 2 1000 21 356 1433 1963
3209 2 2 1000 21 195 196 1623
3210 2 2 1000 21 183 184 1624
3211 2 2 1000 21 207 208 1625
3212 2 2 1000 21 171 172 1626
3213 2 2 1000 21 349 1952 1434
3214 2 2 1000 21 350 1953 1435
3215 2 2 1000 21 351 1954 1436
3216 2 2 1000 21 352 1955 1437
3217 2 2 1000 21 529 1087 1850
3218 2 2 1000 21 530 1088 1851
3219 2 2 1000 21 852 1960 1430
3220 2 2 1000 21 853 1961 1431
3221 2 2 1000 21 854 1962 1432
3222 2 2 1000 21 855 1963 1433
3223 2 2 1000 21 852 1438 1976
3224 2 2 1000 21 853 1439 1977
3225 2 2 1000 21 854 1440 1978
3226 2 2 1000 21 855 1441 1979
3227 2 2 1000 21 541 1643 1051
3228 2 2 1000 21 542 1644 1052
3229 2 2 1000 21 543 1645 1053
3230 2 2 1000 21 544 1646 1054
3231 2 2 1000 21 840 1434 1952
3232 2 2 1000 21 841 1435 1953
3233 2 2 1000 21 842 1436 1954
3234 2 2 1000 21 843 1437 1955
3235 2 2 1000 21 267 1976 1438
3236 2 2 1000 21 268 1977 1439
3237 2 2 1000 21 271 1978 1440
3238 2 2 1000 21 272 1979 1441
3239 2 2 1000 21 541 1093 1643
3240 2 2 1000 21 542 1094 1644
3241 2 2 1000 21 543 1095 1645
3242 2 2 1000 21 544 1096 1646
3243 2 2 1000 21 21 1488 1149
3244 2 2 1000 21 60 1489 1150
3245 2 2 1000 21 152 1486 1153
3246 2 2 1000 21 113 1487 1154
3247 2 2 1000 21 138 1147 1492
3248 2 2 1000 21 99 1148 1493
3249 2 2 1000 21 35 1151 1490
3250 2 2 1000 21 74 1152 1491
3251 2 2 1000 21 533 1047 1929
3252 2 2 1000 21 534 1048 1930
3253 2 2 1000 21 535 1049 1927
3254 2 2 1000 21 536 1050 1928
3255 2 2 1000 21 621 1720 1678
3256 2 2 1000 21 622 1721 1679
3257 2 2 1000 21 357 1760 1051
3258 2 2 1000 21 358 1761 1052
3259 2 2 1000 21 359 1762 1053
3260 2 2 1000 21 360 1763 1054
3261 2 2 1000 21 525 1542 1127
3262 2 2 1000 21 526 1543 1128
3263 2 2 1000 21 527 1130 1540
3264 2 2 1000 21 528 1129 1541
3265 2 2 1000 21 491 1147 1931
3266 2 2 1000 21 492 1148 1932
3267 2 2 1000 21 489 1933 1149
3268 2 2 1000 21 490 1934 1150
3269 2 2 1000 21 495 1151 1935
3270 2 2 1000 21 496 1152 1936
3271 2 2 1000 21 493 1937 1153
3272 2 2 1000 21 494 1938 1154
3273 2 2 1000 21 678 1931 1147
3274 2 2 1000 21 680 1932 1148
3275 2 2 1000 21 677 1149 1933
3276 2 2 1000 21 679 1150 1934
3277 2 2 1000 21 682 1935 1151
3278 2 2 1000 21 684 1936 1152
3279 2 2 1000 21 681 1153 1937
3280 2 2 1000 21 683 1154 1938
3281 2 2 1000 21 593 1161 1498
3282 2 2 1000 21 594 1162 1499
3283 2 2 1000 21 335 1615 1759
3284 2 2 1000 21 433 1093 1602
3285 2 2 1000 21 435 1095 1603
3286 2 2 1000 21 434 1094 1604
3287 2 2 1000 21 436 1096 1605
3288 2 2 1000 21 258 1921 1133
3289 2 2 1000 21 260 1922 1134
3290 2 2 1000 21 257 1131 1919
3291 2 2 1000 21 259 1132 1920
3292 2 2 1000 21 727 1418 1213
3293 2 2 1000 21 728 1419 1214
3294 2 2 1000 21 729 1420 1215
3295 2 2 1000 21 730 1421 1216
3296 2 2 1000 21 225 1867 1309
3297 2 2 1000 21 227 1868 1310
3298 2 2 1000 21 150 151 1909
3299 2 2 1000 21 111 112 1908
3300 2 2 1000 21 72 1907 73
3301 2 2 1000 21 33 1906 34
3302 2 2 1000 21 583 1359 1500
3303 2 2 1000 21 584 1360 1501
3304 2 2 1000 21 586 1361 1502
3305 2 2 1000 21 22 1740 23
3306 2 2 1000 21 61 1741 62
3307 2 2 1000 21 139 140 1743
3308 2 2 1000 21 100 101 1742
3309 2 2 1000 21 541 1051 1760
3310 2 2 1000 21 542 1052 1761
3311 2 2 1000 21 543 1053 1762
3312 2 2 1000 21 544 1054 1763
3313 2 2 1000 21 501 1454 1442
3314 2 2 1000 21 502 1455 1443
3315 2 2 1000 21 503 1456 1444
3316 2 2 1000 21 504 1457 1445
3317 2 2 1000 21 775 1442 1454
3318 2 2 1000 21 776 1443 1455
3319 2 2 1000 21 777 1444 1456
3320 2 2 1000 21 778 1445 1457
3321 2 2 1000 21 603 1580 1806
3322 2 2 1000 21 604 1581 1807
3323 2 2 1000 21 407 1109 1676
3324 2 2 1000 21 408 1110 1677
3325 2 2 1000 21 405 1678 1111
3326 2 2 1000 21 406 1679 1112
3327 2 2 1000 21 787 1806 1580
3328 2 2 1000 21 788 1807 1581
3329 2 2 1000 21 135 136 1787
3330 2 2 1000 21 96 97 1788
3331 2 2 1000 21 18 1789 19
3332 2 2 1000 21 57 1790 58
3333 2 2 1000 21 37 1791 38
3334 2 2 1000 21 76 1792 77
3335 2 2 1000 21 154 155 1793
3336 2 2 1000 21 115 116 1794
3337 2 2 1000 21 599 1700 1227
3338 2 2 1000 21 600 1701 1228
3339 2 2 1000 21 601 1702 1229
3340 2 2 1000 21 602 1703 1230
3341 2 2 1000 21 533 1929 1117
3342 2 2 1000 21 535 1927 1118
3343 2 2 1000 21 534 1930 1119
3344 2 2 1000 21 536 1928 1120
3345 2 2 1000 21 253 1227 1700
3346 2 2 1000 21 254 1228 1701
3347 2 2 1000 21 255 1229 1702
3348 2 2 1000 21 256 1230 1703
3349 2 2 1000 21 213 1406 1859
3350 2 2 1000 21 215 1408 1861
3351 2 2 1000 21 214 1407 1860
3352 2 2 1000 21 216 1409 1862
3353 2 2 1000 21 141 142 1830
3354 2 2 1000 21 102 103 1831
3355 2 2 1000 21 24 1833 25
3356 2 2 1000 21 63 1832 64
3357 2 2 1000 21 8 1818 200
3358 2 2 1000 21 6 1816 188
3359 2 2 1000 21 5 1819 212
3360 2 2 1000 21 7 1817 176
3361 2 2 1000 21 533 1117 1660
3362 2 2 1000 21 535 1118 1662
3363 2 2 1000 21 534 1119 1661
3364 2 2 1000 21 536 1120 1663
3365 2 2 1000 21 613 1779 1349
3366 2 2 1000 21 614 1780 1350
3367 2 2 1000 21 615 1777 1347
3368 2 2 1000 21 616 1778 1348
3369 2 2 1000 21 633 1637 1293
3370 2 2 1000 21 635 1639 1295
3371 2 2 1000 21 634 1638 1294
3372 2 2 1000 21 636 1640 1296
3373 2 2 1000 21 657 1293 1637
3374 2 2 1000 21 658 1295 1639
3375 2 2 1000 21 659 1294 1638
3376 2 2 1000 21 660 1296 1640
3377 2 2 1000 21 767 1736 1617
3378 2 2 1000 21 768 1737 1618
3379 2 2 1000 21 769 1738 1619
3380 2 2 1000 21 770 1739 1620
3381 2 2 1000 21 505 1708 1081
3382 2 2 1000 21 506 1709 1082
3383 2 2 1000 21 507 1710 1083
3384 2 2 1000 21 508 1711 1084
3385 2 2 1000 21 217 1253 1736
3386 2 2 1000 21 219 1254 1737
3387 2 2 1000 21 221 1255 1738
3388 2 2 1000 21 223 1256 1739
3389 2 2 1000 21 623 1736 1253
3390 2 2 1000 21 624 1737 1254
3391 2 2 1000 21 627 1738 1255
3392 2 2 1000 21 628 1739 1256
3393 2 2 1000 21 623 1617 1736
3394 2 2 1000 21 624 1618 1737
3395 2 2 1000 21 627 1619 1738
3396 2 2 1000 21 628 1620 1739
3397 2 2 1000 21 587 1863 1081
3398 2 2 1000 21 588 1864 1082
3399 2 2 1000 21 589 1865 1083
3400 2 2 1000 21 590 1866 1084
3401 2 2 1000 21 323 1211 1621
3402 2 2 1000 21 324 1212 1622
3403 2 2 1000 21 661 1602 1269
3404 2 2 1000 21 662 1604 1270
3405 2 2 1000 21 663 1603 1271
3406 2 2 1000 21 664 1605 1272
3407 2 2 1000 21 561 1621 1211
3408 2 2 1000 21 562 1622 1212
3409 2 2 1000 21 217 1898 1253
3410 2 2 1000 21 219 1899 1254
3411 2 2 1000 21 221 1900 1255
3412 2 2 1000 21 223 1901 1256
3413 2 2 1000 21 693 1253 1898
3414 2 2 1000 21 694 1254 1899
3415 2 2 1000 21 695 1255 1900
3416 2 2 1000 21 696 1256 1901
3417 2 2 1000 21 565 1514 1297
3418 2 2 1000 21 566 1515 1298
3419 2 2 1000 21 564 1299 1516
3420 2 2 1000 21 563 1300 1517
3421 2 2 1000 21 253 1700 1113
3422 2 2 1000 21 254 1701 1114
3423 2 2 1000 21 255 1702 1115
3424 2 2 1000 21 256 1703 1116
3425 2 2 1000 21 28 1297 1514
3426 2 2 1000 21 67 1298 1515
3427 2 2 1000 21 106 1516 1299
3428 2 2 1000 21 145 1517 1300
3429 2 2 1000 21 509 1522 1257
3430 2 2 1000 21 510 1523 1258
3431 2 2 1000 21 511 1524 1259
3432 2 2 1000 21 512 1525 1260
3433 2 2 1000 21 225 1087 1768
3434 2 2 1000 21 227 1088 1769
3435 2 2 1000 21 595 1919 1131
3436 2 2 1000 21 596 1920 1132
3437 2 2 1000 21 597 1133 1921
3438 2 2 1000 21 598 1134 1922
3439 2 2 1000 21 553 1359 1770
3440 2 2 1000 21 554 1360 1771
3441 2 2 1000 21 556 1361 1772
3442 2 2 1000 21 485 1179 1655
3443 2 2 1000 21 486 1180 1656
3444 2 2 1000 21 487 1181 1657
3445 2 2 1000 21 488 1182 1658
3446 2 2 1000 21 225 1850 1087
3447 2 2 1000 21 227 1851 1088
3448 2 2 1000 21 732 1274 1943
3449 2 2 1000 21 338 1943 1274
3450 2 2 1000 21 293 1577 1247
3451 2 2 1000 21 295 1578 1249
3452 2 2 1000 21 296 1579 1250
3453 2 2 1000 21 731 1526 1273
3454 2 2 1000 21 732 1527 1274
3455 2 2 1000 21 733 1528 1275
3456 2 2 1000 21 734 1529 1276
3457 2 2 1000 21 840 1450 1434
3458 2 2 1000 21 841 1451 1435
3459 2 2 1000 21 842 1452 1436
3460 2 2 1000 21 843 1453 1437
3461 2 2 1000 21 603 1806 1392
3462 2 2 1000 21 604 1807 1393
3463 2 2 1000 21 501 1434 1450
3464 2 2 1000 21 502 1435 1451
3465 2 2 1000 21 503 1436 1452
3466 2 2 1000 21 504 1437 1453
3467 2 2 1000 21 249 1631 1744
3468 2 2 1000 21 250 1632 1745
3469 2 2 1000 21 251 1633 1746
3470 2 2 1000 21 252 1634 1747
3471 2 2 1000 21 759 1744 1631
3472 2 2 1000 21 760 1745 1632
3473 2 2 1000 21 761 1746 1633
3474 2 2 1000 21 762 1747 1634
3475 2 2 1000 21 567 1203 1726
3476 2 2 1000 21 569 1205 1727
3477 2 2 1000 21 568 1204 1728
3478 2 2 1000 21 570 1206 1729
3479 2 2 1000 21 852 1430 1438
3480 2 2 1000 21 853 1431 1439
3481 2 2 1000 21 854 1432 1440
3482 2 2 1000 21 855 1433 1441
3483 2 2 1000 21 445 1726 1203
3484 2 2 1000 21 446 1728 1204
3485 2 2 1000 21 447 1727 1205
3486 2 2 1000 21 448 1729 1206
3487 2 2 1000 21 605 1323 1655
3488 2 2 1000 21 606 1324 1656
3489 2 2 1000 21 607 1325 1657
3490 2 2 1000 21 608 1326 1658
3491 2 2 1000 21 505 1438 1430
3492 2 2 1000 21 506 1439 1431
3493 2 2 1000 21 507 1440 1432
3494 2 2 1000 21 508 1441 1433
3495 2 2 1000 21 886 1834 1569
3496 2 2 1000 21 887 1835 1570
3497 2 2 1000 21 888 1836 1571
3498 2 2 1000 21 889 1837 1572
3499 2 2 1000 21 381 1097 1956
3500 2 2 1000 21 382 1098 1957
3501 2 2 1000 21 383 1099 1958
3502 2 2 1000 21 384 1100 1959
3503 2 2 1000 21 485 1655 1323
3504 2 2 1000 21 486 1656 1324
3505 2 2 1000 21 487 1657 1325
3506 2 2 1000 21 488 1658 1326
3507 2 2 1000 21 827 1877 1943
3508 2 2 1000 21 293 1799 1511
3509 2 2 1000 21 295 1800 1512
3510 2 2 1000 21 296 1801 1513
3511 2 2 1000 21 937 1937 1376
3512 2 2 1000 21 938 1938 1377
3513 2 2 1000 21 933 1933 1372
3514 2 2 1000 21 934 1934 1373
3515 2 2 1000 21 935 1378 1935
3516 2 2 1000 21 936 1379 1936
3517 2 2 1000 21 931 1374 1931
3518 2 2 1000 21 932 1375 1932
3519 2 2 1000 21 553 1500 1359
3520 2 2 1000 21 554 1501 1360
3521 2 2 1000 21 556 1502 1361
3522 2 2 1000 21 431 1225 1641
3523 2 2 1000 21 432 1226 1642
3524 2 2 1000 21 441 1221 1896
3525 2 2 1000 21 442 1222 1897
3526 2 2 1000 21 443 1223 1894
3527 2 2 1000 21 444 1224 1895
3528 2 2 1000 21 473 1169 1824
3529 2 2 1000 21 474 1170 1825
3530 2 2 1000 21 475 1173 1826
3531 2 2 1000 21 476 1174 1827
3532 2 2 1000 21 629 1466 1446
3533 2 2 1000 21 630 1467 1447
3534 2 2 1000 21 631 1468 1448
3535 2 2 1000 21 632 1469 1449
3536 2 2 1000 21 743 1824 1169
3537 2 2 1000 21 744 1825 1170
3538 2 2 1000 21 745 1826 1173
3539 2 2 1000 21 746 1827 1174
3540 2 2 1000 21 557 1446 1466
3541 2 2 1000 21 558 1447 1467
3542 2 2 1000 21 559 1448 1468
3543 2 2 1000 21 560 1449 1469
3544 2 2 1000 21 735 1183 1750
3545 2 2 1000 21 736 1184 1751
3546 2 2 1000 21 529 1850 1343
3547 2 2 1000 21 530 1851 1344
3548 2 2 1000 21 289 1914 1494
3549 2 2 1000 21 290 1915 1495
3550 2 2 1000 21 291 1916 1496
3551 2 2 1000 21 292 1917 1497
3552 2 2 1000 21 751 1914 1143
3553 2 2 1000 21 752 1915 1144
3554 2 2 1000 21 753 1916 1145
3555 2 2 1000 21 754 1917 1146
3556 2 2 1000 21 751 1494 1914
3557 2 2 1000 21 752 1495 1915
3558 2 2 1000 21 753 1496 1916
3559 2 2 1000 21 754 1497 1917
3560 2 2 1000 21 587 1218 1863
3561 2 2 1000 21 588 1220 1864
3562 2 2 1000 21 589 1217 1865
3563 2 2 1000 21 590 1219 1866
3564 2 2 1000 21 277 1366 1910
3565 2 2 1000 21 278 1367 1911
3566 2 2 1000 21 279 1368 1912
3567 2 2 1000 21 280 1369 1913
3568 2 2 1000 21 341 1863 1218
3569 2 2 1000 21 342 1864 1220
3570 2 2 1000 21 345 1865 1217
3571 2 2 1000 21 346 1866 1219
3572 2 2 1000 21 441 1896 1163
3573 2 2 1000 21 442 1897 1164
3574 2 2 1000 21 443 1894 1165
3575 2 2 1000 21 444 1895 1166
3576 2 2 1000 21 233 1764 1221
3577 2 2 1000 21 234 1765 1222
3578 2 2 1000 21 235 1766 1223
3579 2 2 1000 21 237 1767 1224
3580 2 2 1000 21 575 1221 1764
3581 2 2 1000 21 576 1222 1765
3582 2 2 1000 21 577 1223 1766
3583 2 2 1000 21 578 1224 1767
3584 2 2 1000 21 906 1814 1828
3585 2 2 1000 21 907 1815 1829
3586 2 2 1000 21 583 1500 1752
3587 2 2 1000 21 584 1501 1753
3588 2 2 1000 21 586 1502 1754
3589 2 2 1000 21 409 1828 1814
3590 2 2 1000 21 410 1829 1815
3591 2 2 1000 21 737 1812 1185
3592 2 2 1000 21 738 1813 1186
3593 2 2 1000 21 365 1972 1520
3594 2 2 1000 21 366 1973 1521
3595 2 2 1000 21 367 1518 1975
3596 2 2 1000 21 368 1519 1974
3597 2 2 1000 21 516 1659 1279
3598 2 2 1000 21 387 1347 1777
3599 2 2 1000 21 388 1348 1778
3600 2 2 1000 21 385 1349 1779
3601 2 2 1000 21 386 1350 1780
3602 2 2 1000 21 230 1918 1205
3603 2 2 1000 21 923 1573 1422
3604 2 2 1000 21 924 1574 1423
3605 2 2 1000 21 925 1575 1424
3606 2 2 1000 21 926 1576 1425
3607 2 2 1000 21 563 1517 1975
3608 2 2 1000 21 564 1516 1974
3609 2 2 1000 21 566 1973 1515
3610 2 2 1000 21 565 1972 1514
3611 2 2 1000 21 771 1726 1696
3612 2 2 1000 21 772 1728 1698
3613 2 2 1000 21 773 1727 1697
3614 2 2 1000 21 774 1729 1699
3615 2 2 1000 21 273 1422 1573
3616 2 2 1000 21 274 1423 1574
3617 2 2 1000 21 275 1424 1575
3618 2 2 1000 21 276 1425 1576
3619 2 2 1000 21 445 1696 1726
3620 2 2 1000 21 446 1698 1728
3621 2 2 1000 21 447 1697 1727
3622 2 2 1000 21 448 1699 1729
3623 2 2 1000 21 571 1939 1195
3624 2 2 1000 21 573 1940 1196
3625 2 2 1000 21 572 1941 1197
3626 2 2 1000 21 574 1942 1198
3627 2 2 1000 21 445 1203 1890
3628 2 2 1000 21 446 1204 1891
3629 2 2 1000 21 447 1205 1892
3630 2 2 1000 21 448 1206 1893
3631 2 2 1000 21 257 1919 1183
3632 2 2 1000 21 259 1920 1184
3633 2 2 1000 21 258 1185 1921
3634 2 2 1000 21 260 1186 1922
3635 2 2 1000 21 886 1808 1834
3636 2 2 1000 21 887 1809 1835
3637 2 2 1000 21 888 1810 1836
3638 2 2 1000 21 889 1811 1837
3639 2 2 1000 21 669 1834 1808
3640 2 2 1000 21 670 1835 1809
3641 2 2 1000 21 671 1836 1810
3642 2 2 1000 21 672 1837 1811
3643 2 2 1000 21 531 1635 1345
3644 2 2 1000 21 532 1636 1346
3645 2 2 1000 21 633 1623 1869
3646 2 2 1000 21 634 1625 1870
3647 2 2 1000 21 635 1624 1871
3648 2 2 1000 21 636 1626 1872
3649 2 2 1000 21 787 1748 1534
3650 2 2 1000 21 788 1749 1535
3651 2 2 1000 21 379 1195 1939
3652 2 2 1000 21 380 1196 1940
3653 2 2 1000 21 377 1197 1941
3654 2 2 1000 21 378 1198 1942
3655 2 2 1000 21 411 1534 1748
3656 2 2 1000 21 412 1535 1749
3657 2 2 1000 21 732 1943 1877
3658 2 2 1000 21 477 1846 1247
3659 2 2 1000 21 479 1847 1249
3660 2 2 1000 21 478 1848 1248
3661 2 2 1000 21 480 1849 1250
3662 2 2 1000 21 561 1867 1641
3663 2 2 1000 21 562 1868 1642
3664 2 2 1000 21 217 1664 1898
3665 2 2 1000 21 219 1665 1899
3666 2 2 1000 21 221 1666 1900
3667 2 2 1000 21 223 1667 1901
3668 2 2 1000 21 150 1909 1311
3669 2 2 1000 21 111 1908 1312
3670 2 2 1000 21 33 1313 1906
3671 2 2 1000 21 72 1314 1907
3672 2 2 1000 21 549 1664 1384
3673 2 2 1000 21 550 1665 1385
3674 2 2 1000 21 551 1666 1386
3675 2 2 1000 21 552 1667 1387
3676 2 2 1000 21 575 1896 1221
3677 2 2 1000 21 576 1897 1222
3678 2 2 1000 21 577 1894 1223
3679 2 2 1000 21 578 1895 1224
3680 2 2 1000 21 985 1382 1978
3681 2 2 1000 21 986 1383 1979
3682 2 2 1000 21 981 1380 1976
3683 2 2 1000 21 982 1381 1977
3684 2 2 1000 21 983 1946 1364
3685 2 2 1000 21 984 1947 1365
3686 2 2 1000 21 979 1944 1362
3687 2 2 1000 21 980 1945 1363
3688 2 2 1000 21 289 1594 1914
3689 2 2 1000 21 290 1595 1915
3690 2 2 1000 21 291 1596 1916
3691 2 2 1000 21 292 1597 1917
3692 2 2 1000 21 335 1759 1304
3693 2 2 1000 21 669 1808 1410
3694 2 2 1000 21 670 1809 1411
3695 2 2 1000 21 671 1810 1412
3696 2 2 1000 21 672 1811 1413
3697 2 2 1000 21 293 1277 1799
3698 2 2 1000 21 295 1278 1800
3699 2 2 1000 21 296 1280 1801
3700 2 2 1000 21 473 1824 1273
3701 2 2 1000 21 474 1825 1274
3702 2 2 1000 21 475 1826 1275
3703 2 2 1000 21 476 1827 1276
3704 2 2 1000 21 349 1410 1808
3705 2 2 1000 21 350 1411 1809
3706 2 2 1000 21 351 1412 1810
3707 2 2 1000 21 352 1413 1811
3708 2 2 1000 21 789 1873 1950
3709 2 2 1000 21 790 1874 1951
3710 2 2 1000 21 791 1948 1875
3711 2 2 1000 21 792 1949 1876
3712 2 2 1000 21 779 1277 1846
3713 2 2 1000 21 780 1278 1847
3714 2 2 1000 21 781 1279 1848
3715 2 2 1000 21 783 1280 1849
3716 2 2 1000 21 603 1392 1734
3717 2 2 1000 21 604 1393 1735
3718 2 2 1000 21 429 1734 1392
3719 2 2 1000 21 430 1735 1393
3720 2 2 1000 21 572 1289 1941
3721 2 2 1000 21 571 1290 1939
3722 2 2 1000 21 574 1291 1942
3723 2 2 1000 21 573 1292 1940
3724 2 2 1000 21 789 1755 1873
3725 2 2 1000 21 790 1756 1874
3726 2 2 1000 21 791 1875 1757
3727 2 2 1000 21 792 1876 1758
3728 2 2 1000 21 645 1873 1755
3729 2 2 1000 21 646 1874 1756
3730 2 2 1000 21 647 1757 1875
3731 2 2 1000 21 648 1758 1876
3732 2 2 1000 21 213 1859 1426
3733 2 2 1000 21 214 1860 1427
3734 2 2 1000 21 215 1861 1428
3735 2 2 1000 21 216 1862 1429
3736 2 2 1000 21 591 1404 1730
3737 2 2 1000 21 592 1405 1731
3738 2 2 1000 21 593 1732 1402
3739 2 2 1000 21 594 1733 1403
3740 2 2 1000 21 561 1309 1867
3741 2 2 1000 21 562 1310 1868
3742 2 2 1000 21 229 1770 1359
3743 2 2 1000 21 231 1771 1360
3744 2 2 1000 21 232 1772 1361
3745 2 2 1000 21 665 1426 1859
3746 2 2 1000 21 666 1427 1860
3747 2 2 1000 21 667 1428 1861
3748 2 2 1000 21 668 1429 1862
3749 2 2 1000 21 333 1752 1500
3750 2 2 1000 21 334 1753 1501
3751 2 2 1000 21 336 1754 1502
3752 2 2 1000 21 827 1943 1616
3753 2 2 1000 21 682 1906 1313
3754 2 2 1000 21 684 1907 1314
3755 2 2 1000 21 681 1311 1909
3756 2 2 1000 21 683 1312 1908
3757 2 2 1000 21 801 1716 1557
3758 2 2 1000 21 802 1717 1558
3759 2 2 1000 21 803 1718 1561
3760 2 2 1000 21 804 1719 1562
3761 2 2 1000 21 797 1559 1712
3762 2 2 1000 21 798 1560 1713
3763 2 2 1000 21 799 1563 1714
3764 2 2 1000 21 800 1564 1715
3765 2 2 1000 21 643 1557 1716
3766 2 2 1000 21 644 1558 1717
3767 2 2 1000 21 639 1712 1559
3768 2 2 1000 21 642 1713 1560
3769 2 2 1000 21 640 1561 1718
3770 2 2 1000 21 641 1562 1719
3771 2 2 1000 21 637 1714 1563
3772 2 2 1000 21 638 1715 1564
3773 2 2 1000 21 1081 1863 1565
3774 2 2 1000 21 1082 1864 1566
3775 2 2 1000 21 1083 1865 1567
3776 2 2 1000 21 1084 1866 1568
3777 2 2 1000 21 623 1781 1617
3778 2 2 1000 21 624 1782 1618
3779 2 2 1000 21 371 1950 1873
3780 2 2 1000 21 372 1951 1874
3781 2 2 1000 21 369 1875 1948
3782 2 2 1000 21 370 1876 1949
3783 2 2 1000 21 858 1910 1366
3784 2 2 1000 21 859 1911 1367
3785 2 2 1000 21 860 1912 1368
3786 2 2 1000 21 861 1913 1369
3787 2 2 1000 21 840 1362 1944
3788 2 2 1000 21 841 1363 1945
3789 2 2 1000 21 842 1364 1946
3790 2 2 1000 21 843 1365 1947
3791 2 2 1000 21 852 1976 1380
3792 2 2 1000 21 853 1977 1381
3793 2 2 1000 21 854 1978 1382
3794 2 2 1000 21 855 1979 1383
3795 2 2 1000 21 633 1869 1470
3796 2 2 1000 21 635 1871 1471
3797 2 2 1000 21 634 1870 1472
3798 2 2 1000 21 636 1872 1473
3799 2 2 1000 21 643 1787 1557
3800 2 2 1000 21 644 1788 1558
3801 2 2 1000 21 639 1559 1789
3802 2 2 1000 21 642 1560 1790
3803 2 2 1000 21 640 1791 1561
3804 2 2 1000 21 641 1792 1562
3805 2 2 1000 21 637 1563 1793
3806 2 2 1000 21 638 1564 1794
3807 2 2 1000 21 413 1470 1869
3808 2 2 1000 21 415 1471 1871
3809 2 2 1000 21 414 1472 1870
3810 2 2 1000 21 416 1473 1872
3811 2 2 1000 21 136 1557 1787
3812 2 2 1000 21 97 1558 1788
3813 2 2 1000 21 19 1789 1559
3814 2 2 1000 21 58 1790 1560
3815 2 2 1000 21 37 1561 1791
3816 2 2 1000 21 76 1562 1792
3817 2 2 1000 21 154 1793 1563
3818 2 2 1000 21 115 1794 1564
3819 2 2 1000 21 491 1931 1374
3820 2 2 1000 21 492 1932 1375
3821 2 2 1000 21 489 1372 1933
3822 2 2 1000 21 490 1373 1934
3823 2 2 1000 21 495 1935 1378
3824 2 2 1000 21 496 1936 1379
3825 2 2 1000 21 493 1376 1937
3826 2 2 1000 21 494 1377 1938
3827 2 2 1000 21 961 1779 1612
3828 2 2 1000 21 962 1780 1613
3829 2 2 1000 21 957 1777 1608
3830 2 2 1000 21 958 1778 1609
3831 2 2 1000 21 767 1688 1736
3832 2 2 1000 21 768 1689 1737
3833 2 2 1000 21 769 1690 1738
3834 2 2 1000 21 770 1691 1739
3835 2 2 1000 21 217 1736 1688
3836 2 2 1000 21 219 1737 1689
3837 2 2 1000 21 221 1738 1690
3838 2 2 1000 21 223 1739 1691
3839 2 2 1000 21 617 1586 1883
3840 2 2 1000 21 618 1587 1885
3841 2 2 1000 21 619 1588 1882
3842 2 2 1000 21 620 1589 1884
3843 2 2 1000 21 704 1659 1759
3844 2 2 1000 21 617 1883 1610
3845 2 2 1000 21 618 1885 1611
3846 2 2 1000 21 619 1882 1606
3847 2 2 1000 21 620 1884 1607
3848 2 2 1000 21 461 1834 1590
3849 2 2 1000 21 462 1835 1591
3850 2 2 1000 21 463 1836 1592
3851 2 2 1000 21 464 1837 1593
3852 2 2 1000 21 669 1590 1834
3853 2 2 1000 21 670 1591 1835
3854 2 2 1000 21 671 1592 1836
3855 2 2 1000 21 672 1593 1837
3856 2 2 1000 21 341 1565 1863
3857 2 2 1000 21 342 1566 1864
3858 2 2 1000 21 345 1567 1865
3859 2 2 1000 21 346 1568 1866
3860 2 2 1000 21 615 1608 1777
3861 2 2 1000 21 616 1609 1778
3862 2 2 1000 21 613 1612 1779
3863 2 2 1000 21 614 1613 1780
3864 2 2 1000 21 391 1882 1588
3865 2 2 1000 21 392 1884 1589
3866 2 2 1000 21 389 1883 1586
3867 2 2 1000 21 390 1885 1587
3868 2 2 1000 21 317 1617 1781
3869 2 2 1000 21 318 1618 1782
3870 2 2 1000 21 955 1606 1882
3871 2 2 1000 21 956 1607 1884
3872 2 2 1000 21 959 1610 1883
3873 2 2 1000 21 960 1611 1885
3874 2 2 1000 21 565 1520 1972
3875 2 2 1000 21 566 1521 1973
3876 2 2 1000 21 563 1975 1518
3877 2 2 1000 21 564 1974 1519
3878 2 2 1000 21 249 1744 1773
3879 2 2 1000 21 250 1745 1774
3880 2 2 1000 21 251 1746 1775
3881 2 2 1000 21 252 1747 1776
3882 2 2 1000 21 715 1647 1948
3883 2 2 1000 21 716 1648 1949
3884 2 2 1000 21 717 1950 1649
3885 2 2 1000 21 718 1951 1650
3886 2 2 1000 21 337 1852 1692
3887 2 2 1000 21 339 1853 1693
3888 2 2 1000 21 340 1854 1694
3889 2 2 1000 21 697 1692 1852
3890 2 2 1000 21 698 1693 1853
3891 2 2 1000 21 699 1694 1854
3892 2 2 1000 21 369 1948 1647
3893 2 2 1000 21 370 1949 1648
3894 2 2 1000 21 371 1649 1950
3895 2 2 1000 21 372 1650 1951
3896 2 2 1000 21 705 1773 1744
3897 2 2 1000 21 706 1774 1745
3898 2 2 1000 21 707 1775 1746
3899 2 2 1000 21 708 1776 1747
3900 2 2 1000 21 789 1950 1855
3901 2 2 1000 21 790 1951 1856
3902 2 2 1000 21 791 1857 1948
3903 2 2 1000 21 792 1858 1949
3904 2 2 1000 21 338 1616 1943
3905 2 2 1000 21 1205 1918 1892
3906 2 2 1000 21 585 1892 1918
3907 2 2 1000 21 715 1948 1857
3908 2 2 1000 21 716 1949 1858
3909 2 2 1000 21 717 1855 1950
3910 2 2 1000 21 718 1856 1951
$EndElements
