$MeshFormat
2.2 0 8
$EndMeshFormat
$Nodes
4274
1 -1 -1 0
2 1 -1 0
3 1 1 0
4 -1 1 0
5 0.4 0 0
6 -0.4 0 0
7 0 0.4 0
8 0 -0.4 0
9 -0.9666666666667592 -1 0
10 -0.9333333333335182 -1 0
11 -0.9000000000002774 -1 0
12 -0.8666666666670365 -1 0
13 -0.8333333333337957 -1 0
14 -0.8000000000005547 -1 0
15 -0.7666666666673139 -1 0
16 -0.733333333334073 -1 0
17 -0.7000000000008322 -1 0
18 -0.6666666666675913 -1 0
19 -0.6333333333343505 -1 0
20 -0.6000000000011095 -1 0
21 -0.5666666666678687 -1 0
22 -0.5333333333346277 -1 0
23 -0.500000000001387 -1 0
24 -0.466666666668146 -1 0
25 -0.4333333333349052 -1 0
26 -0.4000000000016644 -1 0
27 -0.3666666666684234 -1 0
28 -0.3333333333351826 -1 0
29 -0.3000000000019417 -1 0
30 -0.2666666666687009 -1 0
31 -0.2333333333354599 -1 0
32 -0.2000000000022191 -1 0
33 -0.1666666666689782 -1 0
34 -0.1333333333357374 -1 0
35 -0.1000000000024965 -1 0
36 -0.06666666666925558 -1 0
37 -0.03333333333601474 -1 0
38 -2.752242878045763e-12 -1 0
39 0.0333333333306518 -1 0
40 0.06666666666407761 -1 0
41 0.09999999999750364 -1 0
42 0.1333333333309292 -1 0
43 0.1666666666643553 -1 0
44 0.1999999999977811 -1 0
45 0.2333333333312066 -1 0
46 0.2666666666646327 -1 0
47 0.2999999999980583 -1 0
48 0.3333333333314843 -1 0
49 0.3666666666649099 -1 0
50 0.3999999999983357 -1 0
51 0.4333333333317617 -1 0
52 0.4666666666651873 -1 0
53 0.4999999999986133 -1 0
54 0.5333333333320389 -1 0
55 0.5666666666654647 -1 0
56 0.5999999999988905 -1 0
57 0.6333333333323163 -1 0
58 0.6666666666657421 -1 0
59 0.699999999999168 -1 0
60 0.7333333333325938 -1 0
61 0.7666666666660196 -1 0
62 0.7999999999994454 -1 0
63 0.833333333332871 -1 0
64 0.866666666666297 -1 0
65 0.8999999999997226 -1 0
66 0.9333333333331486 -1 0
67 0.9666666666665742 -1 0
68 1 -0.9666666666667592 0
69 1 -0.9333333333335182 0
70 1 -0.9000000000002774 0
71 1 -0.8666666666670365 0
72 1 -0.8333333333337957 0
73 1 -0.8000000000005547 0
74 1 -0.7666666666673139 0
75 1 -0.733333333334073 0
76 1 -0.7000000000008322 0
77 1 -0.6666666666675913 0
78 1 -0.6333333333343505 0
79 1 -0.6000000000011095 0
80 1 -0.5666666666678687 0
81 1 -0.5333333333346277 0
82 1 -0.500000000001387 0
83 1 -0.466666666668146 0
84 1 -0.4333333333349052 0
85 1 -0.4000000000016644 0
86 1 -0.3666666666684234 0
87 1 -0.3333333333351826 0
88 1 -0.3000000000019417 0
89 1 -0.2666666666687009 0
90 1 -0.2333333333354599 0
91 1 -0.2000000000022191 0
92 1 -0.1666666666689782 0
93 1 -0.1333333333357374 0
94 1 -0.1000000000024965 0
95 1 -0.06666666666925558 0
96 1 -0.03333333333601474 0
97 1 -2.752242878045763e-12 0
98 1 0.0333333333306518 0
99 1 0.06666666666407761 0
100 1 0.09999999999750364 0
101 1 0.1333333333309292 0
102 1 0.1666666666643553 0
103 1 0.1999999999977811 0
104 1 0.2333333333312066 0
105 1 0.2666666666646327 0
106 1 0.2999999999980583 0
107 1 0.3333333333314843 0
108 1 0.3666666666649099 0
109 1 0.3999999999983357 0
110 1 0.4333333333317617 0
111 1 0.4666666666651873 0
112 1 0.4999999999986133 0
113 1 0.5333333333320389 0
114 1 0.5666666666654647 0
115 1 0.5999999999988905 0
116 1 0.6333333333323163 0
117 1 0.6666666666657421 0
118 1 0.699999999999168 0
119 1 0.7333333333325938 0
120 1 0.7666666666660196 0
121 1 0.7999999999994454 0
122 1 0.833333333332871 0
123 1 0.866666666666297 0
124 1 0.8999999999997226 0
125 1 0.9333333333331486 0
126 1 0.9666666666665742 0
127 -0.9666666666667592 1 0
128 -0.9333333333335182 1 0
129 -0.9000000000002774 1 0
130 -0.8666666666670365 1 0
131 -0.8333333333337957 1 0
132 -0.8000000000005547 1 0
133 -0.7666666666673139 1 0
134 -0.733333333334073 1 0
135 -0.7000000000008322 1 0
136 -0.6666666666675913 1 0
137 -0.6333333333343505 1 0
138 -0.6000000000011095 1 0
139 -0.5666666666678687 1 0
140 -0.5333333333346277 1 0
141 -0.500000000001387 1 0
142 -0.466666666668146 1 0
143 -0.4333333333349052 1 0
144 -0.4000000000016644 1 0
145 -0.3666666666684234 1 0
146 -0.3333333333351826 1 0
147 -0.3000000000019417 1 0
148 -0.2666666666687009 1 0
149 -0.2333333333354599 1 0
150 -0.2000000000022191 1 0
151 -0.1666666666689782 1 0
152 -0.1333333333357374 1 0
153 -0.1000000000024965 1 0
154 -0.06666666666925558 1 0
155 -0.03333333333601474 1 0
156 -2.752242878045763e-12 1 0
157 0.0333333333306518 1 0
158 0.06666666666407761 1 0
159 0.09999999999750364 1 0
160 0.1333333333309292 1 0
161 0.1666666666643553 1 0
162 0.1999999999977811 1 0
163 0.2333333333312066 1 0
164 0.2666666666646327 1 0
165 0.2999999999980583 1 0
166 0.3333333333314843 1 0
167 0.3666666666649099 1 0
168 0.3999999999983357 1 0
169 0.4333333333317617 1 0
170 0.4666666666651873 1 0
171 0.4999999999986133 1 0
172 0.5333333333320389 1 0
173 0.5666666666654647 1 0
174 0.5999999999988905 1 0
175 0.6333333333323163 1 0
176 0.6666666666657421 1 0
177 0.699999999999168 1 0
178 0.7333333333325938 1 0
179 0.7666666666660196 1 0
180 0.7999999999994454 1 0
181 0.833333333332871 1 0
182 0.866666666666297 1 0
183 0.8999999999997226 1 0
184 0.9333333333331486 1 0
185 0.9666666666665742 1 0
186 -1 -0.9666666666667592 0
187 -1 -0.9333333333335182 0
188 -1 -0.9000000000002774 0
189 -1 -0.8666666666670365 0
190 -1 -0.8333333333337957 0
191 -1 -0.8000000000005547 0
192 -1 -0.7666666666673139 0
193 -1 -0.733333333334073 0
194 -1 -0.7000000000008322 0
195 -1 -0.6666666666675913 0
196 -1 -0.6333333333343505 0
197 -1 -0.6000000000011095 0
198 -1 -0.5666666666678687 0
199 -1 -0.5333333333346277 0
200 -1 -0.500000000001387 0
201 -1 -0.466666666668146 0
202 -1 -0.4333333333349052 0
203 -1 -0.4000000000016644 0
204 -1 -0.3666666666684234 0
205 -1 -0.3333333333351826 0
206 -1 -0.3000000000019417 0
207 -1 -0.2666666666687009 0
208 -1 -0.2333333333354599 0
209 -1 -0.2000000000022191 0
210 -1 -0.1666666666689782 0
211 -1 -0.1333333333357374 0
212 -1 -0.1000000000024965 0
213 -1 -0.06666666666925558 0
214 -1 -0.03333333333601474 0
215 -1 -2.752242878045763e-12 0
216 -1 0.0333333333306518 0
217 -1 0.06666666666407761 0
218 -1 0.09999999999750364 0
219 -1 0.1333333333309292 0
220 -1 0.1666666666643553 0
221 -1 0.1999999999977811 0
222 -1 0.2333333333312066 0
223 -1 0.2666666666646327 0
224 -1 0.2999999999980583 0
225 -1 0.3333333333314843 0
226 -1 0.3666666666649099 0
227 -1 0.3999999999983357 0
228 -1 0.4333333333317617 0
229 -1 0.4666666666651873 0
230 -1 0.4999999999986133 0
231 -1 0.5333333333320389 0
232 -1 0.5666666666654647 0
233 -1 0.5999999999988905 0
234 -1 0.6333333333323163 0
235 -1 0.6666666666657421 0
236 -1 0.699999999999168 0
237 -1 0.7333333333325938 0
238 -1 0.7666666666660196 0
239 -1 0.7999999999994454 0
240 -1 0.833333333332871 0
241 -1 0.866666666666297 0
242 -1 0.8999999999997226 0
243 -1 0.9333333333331486 0
244 -1 0.9666666666665742 0
245 0.3986337972026788 0.03303173818880153 0
246 0.3945445213611194 0.06583783611211111 0
247 0.3877601063757932 0.09819419485607894 0
248 0.3783268966803654 0.1298797876815487 0
249 0.3663093306621836 0.1606781698608217 0
250 0.3517895004828301 0.1903789572143962 0
251 0.3348665913053249 0.218779263248491 0
252 0.315656203758953 0.245685085075359 0
253 0.2942895642697493 0.2709126286497569 0
254 0.2709126286508482 0.2942895642687448 0
255 0.2456850850763691 0.3156562037581667 0
256 0.2187792632494341 0.3348665913047087 0
257 0.1903789572152433 0.3517895004823717 0
258 0.1606781698615264 0.3663093306618745 0
259 0.1298797876821464 0.3783268966801602 0
260 0.09819419485649664 0.3877601063756874 0
261 0.06583783611240511 0.3945445213610703 0
262 0.03303173818893906 0.3986337972026675 0
263 -0.03303173818880153 0.3986337972026788 0
264 -0.06583783611211111 0.3945445213611194 0
265 -0.09819419485607894 0.3877601063757932 0
266 -0.1298797876815487 0.3783268966803654 0
267 -0.1606781698608217 0.3663093306621836 0
268 -0.1903789572143962 0.3517895004828301 0
269 -0.218779263248491 0.3348665913053249 0
270 -0.245685085075359 0.315656203758953 0
271 -0.2709126286497569 0.2942895642697493 0
272 -0.2942895642687448 0.2709126286508482 0
273 -0.3156562037581667 0.2456850850763691 0
274 -0.3348665913047087 0.2187792632494341 0
275 -0.3517895004823717 0.1903789572152433 0
276 -0.3663093306618745 0.1606781698615264 0
277 -0.3783268966801602 0.1298797876821464 0
278 -0.3877601063756874 0.09819419485649664 0
279 -0.3945445213610703 0.06583783611240511 0
280 -0.3986337972026675 0.03303173818893906 0
281 -0.3986337972026788 -0.03303173818880153 0
282 -0.3945445213611194 -0.06583783611211111 0
283 -0.3877601063757932 -0.09819419485607894 0
284 -0.3783268966803654 -0.1298797876815487 0
285 -0.3663093306621836 -0.1606781698608217 0
286 -0.3517895004828301 -0.1903789572143962 0
287 -0.3348665913053249 -0.218779263248491 0
288 -0.315656203758953 -0.245685085075359 0
289 -0.2942895642697493 -0.2709126286497569 0
290 -0.2709126286508482 -0.2942895642687448 0
291 -0.2456850850763691 -0.3156562037581667 0
292 -0.2187792632494341 -0.3348665913047087 0
293 -0.1903789572152433 -0.3517895004823717 0
294 -0.1606781698615264 -0.3663093306618745 0
295 -0.1298797876821464 -0.3783268966801602 0
296 -0.09819419485649664 -0.3877601063756874 0
297 -0.06583783611240511 -0.3945445213610703 0
298 -0.03303173818893906 -0.3986337972026675 0
299 0.03303173818880153 -0.3986337972026788 0
300 0.06583783611211111 -0.3945445213611194 0
301 0.09819419485607894 -0.3877601063757932 0
302 0.1298797876815487 -0.3783268966803654 0
303 0.1606781698608217 -0.3663093306621836 0
304 0.1903789572143962 -0.3517895004828301 0
305 0.218779263248491 -0.3348665913053249 0
306 0.245685085075359 -0.315656203758953 0
307 0.2709126286497569 -0.2942895642697493 0
308 0.2942895642687448 -0.2709126286508482 0
309 0.3156562037581667 -0.2456850850763691 0
310 0.3348665913047087 -0.2187792632494341 0
311 0.3517895004823717 -0.1903789572152433 0
312 0.3663093306618745 -0.1606781698615264 0
313 0.3783268966801602 -0.1298797876821464 0
314 0.3877601063756874 -0.09819419485649664 0
315 0.3945445213610703 -0.06583783611240511 0
316 0.3986337972026675 -0.03303173818893906 0
317 -0.5841983388880705 0.5846697408584404 0
318 -0.5846697408584502 -0.5841983388880743 0
319 0.5841983388881237 -0.584669740858482 0
320 0.5846697408584718 0.5841983388881175 0
321 -0.6742815835591784 -0.2677843197160332 0
322 -0.2589964459269837 -0.67357882180899 0
323 -0.2677843197160344 0.6742815835591782 0
324 0.6735788218089893 -0.2589964459270001 0
325 0.2677843197160394 -0.6742815835591826 0
326 -0.6735788218089944 0.2589964459270088 0
327 0.6742815835591828 0.2677843197160392 0
328 0.2589964459270248 0.6735788218089932 0
329 -1.156265400150846e-12 -0.727037936841738 0
330 -0.7270379368417456 1.159604909627326e-12 0
331 0.7270379368417308 -1.165250270885024e-12 0
332 1.168192219709543e-12 0.7270379368417373 0
333 -0.7578146093697893 -0.7554855428227816 0
334 -0.7554855428227334 0.7578146093698159 0
335 0.7569047511495431 -0.7507572965617397 0
336 0.7578146093698026 0.7554855428227649 0
337 -0.4644674894581411 -0.7678412649595374 0
338 0.7678412649595435 -0.464467489458144 0
339 -0.778078303043619 -0.4710961593881449 0
340 -0.4710961593881448 0.7780783030436184 0
341 -0.7678412649595604 0.4644674894581794 0
342 0.4644674894581827 0.7678412649595662 0
343 0.471096159388124 -0.778078303043632 0
344 0.7780783030436309 0.4710961593881233 0
345 -0.4828232169462237 -0.3776357937967863 0
346 -0.377635793796789 0.4828232169462231 0
347 0.3776357937968091 -0.4828232169462174 0
348 0.4828232169462173 0.3776357937968101 0
349 -0.3297531275359189 -0.4919950722231425 0
350 0.4919950722231398 -0.329753127535905 0
351 -0.4919950722231477 0.3297531275359167 0
352 0.3297531275359041 0.4919950722231447 0
353 -0.5755166512310348 -0.1079769868223401 0
354 -0.1079769868223418 0.5755166512310347 0
355 0.1079769868223557 -0.5755166512310331 0
356 0.575516651231033 0.1079769868223562 0
357 -0.1069620834120295 -0.5755507116138754 0
358 0.5755507116138727 -0.1069620834120427 0
359 -0.5755507116138754 0.106962083412027 0
360 0.1069620834120407 0.5755507116138727 0
361 -0.8185304205726711 -0.1586971654818673 0
362 -0.1586971654818592 0.8185304205726674 0
363 -0.1588876597018863 -0.8186812925314029 0
364 0.8186812925314018 -0.158887659701898 0
365 0.1625963434544729 -0.8176411122910969 0
366 0.8176411122910943 0.1625963434544649 0
367 -0.8137607049601696 0.1556821540011272 0
368 0.1556821540011376 0.8137607049601665 0
369 -0.320695153620927 -0.8323072069981536 0
370 0.8323072069981556 -0.3206951536209335 0
371 -0.8322351924225214 -0.3206292380989111 0
372 -0.3206292380989073 0.8322351924225205 0
373 -0.8323072069979398 0.3206951536208904 0
374 0.3206951536208967 0.8323072069979411 0
375 0.3206292380988685 -0.8322351924222997 0
376 0.832235192422298 0.3206292380988645 0
377 -0.8415356707554613 -0.6160839840572275 0
378 -0.6160839840572012 0.8415356707554784 0
379 0.6160839840572556 -0.8415356707553199 0
380 0.8415356707553368 0.6160839840572285 0
381 -0.6168412357429163 -0.8393298311580905 0
382 0.8393298311581114 -0.6168412357428953 0
383 -0.8393298311579342 0.6168412357429353 0
384 0.6168412357429143 0.8393298311579553 0
385 -0.424086375461769 -0.6226553457762426 0
386 0.6226553457762382 -0.4240863754617761 0
387 -0.6226553457762503 0.4240863754617713 0
388 0.4240863754617789 0.6226553457762458 0
389 -0.6338184622377465 -0.4093479657701879 0
390 -0.4093479657701901 0.633818462237746 0
391 0.4093479657702143 -0.6338184622377505 0
392 0.6338184622377502 0.4093479657702143 0
393 -0.495296462321509 -0.2335401477334401 0
394 -0.2335401477334418 0.4952964623215083 0
395 0.2335401477334625 -0.4952964623215051 0
396 0.4952964623215048 0.2335401477334626 0
397 -0.8569297390704096 -0.8535034086182404 0
398 -0.850379715576255 0.8564424722884152 0
399 0.8555209198042579 -0.8492421911962539 0
400 0.8569297390704067 0.8535034086182103 0
401 -0.8542056679068746 -0.01725573229966943 0
402 -0.01725573229965933 0.8542056679068702 0
403 -0.02650909547485616 -0.8623170396384294 0
404 0.8623170396384257 -0.02650909547486367 0
405 -0.6309147988722507 -0.7083741990327708 0
406 0.7083741990328102 -0.6309147988722338 0
407 -0.7083741990326706 0.6309147988723336 0
408 0.6309147988723159 0.7083741990327093 0
409 -0.7115377807791804 -0.5841542872155741 0
410 -0.5841542872155846 0.7115377807791859 0
411 0.5841542872154601 -0.7115377807791392 0
412 0.7115377807791449 0.5841542872154699 0
413 -0.2017357405854353 -0.486019526937441 0
414 0.4860195269374363 -0.2017357405854334 0
415 -0.4860195269374372 0.2017357405854315 0
416 0.2017357405854307 0.4860195269374327 0
417 -0.4781638071294078 -0.5077163630712671 0
418 0.5077163630712902 -0.4781638071294553 0
419 -0.5077163630712727 0.4781638071294012 0
420 0.4781638071294472 0.5077163630712944 0
421 -0.6933347967804897 -0.1429287189870826 0
422 -0.1429287189870851 0.6933347967804859 0
423 -0.1472387599659292 -0.7009250302867576 0
424 0.7009250302867535 -0.1472387599659445 0
425 0.1472175852396914 -0.6938069131019267 0
426 0.6938069131019244 0.1472175852396923 0
427 -0.6999073137153605 0.1501021717071333 0
428 0.1501021717071521 0.6999073137153589 0
429 -0.3578909064136596 -0.3690078069982124 0
430 0.3690078069982145 -0.3578909064136567 0
431 -0.3690078069982166 0.3578909064136585 0
432 0.3578909064136562 0.3690078069982183 0
433 -0.8767835156541439 -0.7319032591754833 0
434 -0.7295320243778325 0.8773078129605884 0
435 0.7307544717436145 -0.869090599524415 0
436 0.8767835156541151 0.7319032591754384 0
437 -0.733281265157595 -0.8761259040678443 0
438 0.8731461710221565 -0.727368963640185 0
439 -0.8761259040678226 0.7332812651575867 0
440 0.7332812651575598 0.8761259040678349 0
441 -9.379027437246266e-13 -0.5218768322221576 0
442 -0.5218768322221528 9.446729752722716e-13 0
443 0.5218768322221624 -9.453048635499154e-13 0
444 9.516237463277152e-13 0.5218768322221579 0
445 -0.4284478968838779 -0.8831009830310337 0
446 0.8831009830310359 -0.428447896883876 0
447 -0.8792110669149338 -0.4253067840812573 0
448 -0.4253067840812536 0.8792110669149329 0
449 -0.8831009830309186 0.4284478968837466 0
450 0.4284478968837456 0.8831009830309205 0
451 0.4253067840810812 -0.8792110669148147 0
452 0.8792110669148132 0.425306784081077 0
453 -0.359319018386691 -0.7307281248060359 0
454 0.7307281248060408 -0.3593190183866993 0
455 -0.7307281248058582 0.3593190183867916 0
456 0.3593190183868002 0.7307281248058635 0
457 -0.7346297805766596 -0.3623336187314959 0
458 -0.3623336187314972 0.7346297805766591 0
459 0.3623336187314716 -0.7346297805765177 0
460 0.7346297805765172 0.3623336187314715 0
461 -0.5230955653470675 -0.6757517111284688 0
462 0.6757517111284864 -0.5230955653470739 0
463 -0.6757517111284527 0.5230955653471128 0
464 0.5230955653471181 0.675751711128469 0
465 -0.572562439129725 -0.3084775991312836 0
466 -0.3084775991312856 0.5725624391297246 0
467 0.3084775991313074 -0.5725624391297262 0
468 0.572562439129726 0.3084775991313071 0
469 -0.892155629974546 0.07771215733703921 0
470 0.07771215733705195 0.8921556299745459 0
471 0.07771215733441254 -0.8921556299743844 0
472 0.8921556299743829 0.07771215733440458 0
473 -0.2298301671094602 -0.8947149968733917 0
474 0.8947149968733922 -0.2298301671094657 0
475 -0.8947149968736764 -0.229830167106603 0
476 -0.2298301671065971 0.8947149968736746 0
477 -0.8935670839589009 0.2263619980329956 0
478 0.2263619980329997 0.8935670839589016 0
479 0.2263619980302849 -0.8935670839590185 0
480 0.8935670839590169 0.2263619980302786 0
481 -0.6231591142391526 -0.01975297454113319 0
482 -0.01975297454113581 0.6231591142391537 0
483 0.01975297454115135 -0.6231591142391547 0
484 0.623159114239156 0.01975297454115256 0
485 -0.895901184775412 -0.5293655919741629 0
486 -0.5293655919741451 0.8959011847754251 0
487 0.5293655919740649 -0.8959011847752281 0
488 0.8959011847752407 0.5293655919740459 0
489 -0.5317886635239818 -0.8950485177398899 0
490 0.895048517739902 -0.5317886635239697 0
491 -0.895048517739699 0.5317886635238431 0
492 0.5317886635238315 0.8950485177397114 0
493 -0.2665894993382235 -0.569194116637215 0
494 0.569194116637213 -0.2665894993382137 0
495 -0.5691941166372161 0.2665894993382226 0
496 0.2665894993382145 0.5691941166372139 0
497 -0.5937871147292297 -0.2122029203846497 0
498 -0.2122029203846515 0.5937871147292288 0
499 0.2122029203846677 -0.5937871147292171 0
500 0.5937871147292166 0.2122029203846681 0
501 -0.4096698468173923 -0.2849769887390228 0
502 -0.2849769887390257 0.4096698468173911 0
503 0.2849769887390257 -0.4096698468173826 0
504 0.4096698468173822 0.2849769887390282 0
505 -0.4770414413690348 -0.1303779991239048 0
506 -0.1303779991239055 0.4770414413690343 0
507 0.1303779991239215 -0.4770414413690363 0
508 0.4770414413690357 0.1303779991239209 0
509 -0.7710689432593913 -0.2448518727650081 0
510 -0.2448518727650019 0.7710689432593899 0
511 -0.2448518727674935 -0.7710689432591095 0
512 0.7710689432591061 -0.244851872767505 0
513 0.2397886822114522 -0.7701585893782712 0
514 0.7701585893782706 0.2397886822114463 0
515 -0.7709494655248689 0.2448488439370189 0
516 0.2448488439370312 0.7709494655248641 0
517 -0.6460033855004338 -0.5106309972129208 0
518 -0.5106309972129233 0.6460033855004182 0
519 0.5106309972129529 -0.6460033855004397 0
520 0.6460033855004249 0.5106309972129535 0
521 -0.2690249515604599 -0.4168520003547563 0
522 0.4168520003547531 -0.2690249515604554 0
523 -0.4168520003547579 0.2690249515604599 0
524 0.2690249515604568 0.4168520003547542 0
525 -0.112782050336616 -0.9013477959484711 0
526 0.9013477959484715 -0.1127820503366234 0
527 -0.9013477959480842 -0.1127820503344134 0
528 -0.1127820503344052 0.9013477959480803 0
529 -0.7994548062451912 0.06263865910461057 0
530 0.06263865910461774 0.7994548062451889 0
531 0.05565287396062712 -0.7980294243485613 0
532 0.7980294243485571 0.05565287396061665 0
533 -0.1010624193668911 -0.4819887792280085 0
534 0.4819887792280078 -0.101062419366891 0
535 -0.4819887792280095 0.1010624193668914 0
536 0.1010624193668912 0.4819887792280086 0
537 -0.5619708634359389 -0.4701258664394565 0
538 -0.4701258664394627 0.5619708634359359 0
539 0.4701258664394349 -0.5619708634359571 0
540 0.5619708634359531 0.4701258664394402 0
541 -0.5602062406699828 -0.7668693616431296 0
542 0.7668693616431552 -0.5602062406699763 0
543 -0.7668693616429595 0.5602062406699885 0
544 0.5602062406699823 0.7668693616429858 0
545 -0.7594745547596904 -0.6614975833693353 0
546 -0.6614975833693049 0.7594745547597247 0
547 0.6614975833693353 -0.7594745547595265 0
548 0.7594745547595608 0.6614975833693041 0
549 -0.7842912934325745 -0.0763873575539834 0
550 -0.07638735755397269 0.7842912934325709 0
551 -0.08611375815393991 -0.7843152482257807 0
552 0.7843152482257765 -0.08611375815395247 0
553 -0.0714314252373805 -0.6570513687145805 0
554 0.6570513687145767 -0.07143142523738699 0
555 -0.6563726755676678 0.06727767677714647 0
556 0.06727767677715187 0.6563726755676692 0
557 -0.4092034764408655 -0.4515623399469337 0
558 0.4515623399469655 -0.4092034764408826 0
559 -0.4515623399469365 0.4092034764408619 0
560 0.4092034764408794 0.4515623399469669 0
561 -0.1861499887399199 -0.6123171562206714 0
562 0.6123171562206704 -0.1861499887399205 0
563 -0.612317156220635 0.1861499887399017 0
564 0.1861499887399036 0.6123171562206338 0
565 -0.338787529955044 -0.6239221982342401 0
566 0.6239221982342236 -0.3387875299550483 0
567 -0.6239221982342203 0.3387875299550964 0
568 0.3387875299551016 0.6239221982342038 0
569 -0.9144347316131622 -0.6570483595382193 0
570 -0.6570483595381926 0.9144347316131731 0
571 0.6570483595381974 -0.9144347316130214 0
572 0.9144347316130317 0.6570483595381691 0
573 -0.6576061035523101 -0.9147490041346947 0
574 0.9147490041347051 -0.6576061035522909 0
575 -0.9147490041345353 0.6576061035522675 0
576 0.6576061035522479 0.9147490041345462 0
577 -0.9188793559846316 -0.9129416661387424 0
578 -0.9188793559846893 0.9129416661388482 0
579 0.9129416661387253 -0.918879355984647 0
580 0.9188793559846592 0.9129416661387466 0
581 -0.3997081754786249 -0.5402981827344481 0
582 0.5402981827344328 -0.3997081754786425 0
583 -0.5402981827344592 0.3997081754786191 0
584 0.3997081754786366 0.5402981827344443 0
585 -0.3491757245491703 -0.9141487088439213 0
586 0.9141487088439241 -0.3491757245491744 0
587 -0.9141487088440581 0.3491757245488252 0
588 0.3491757245488293 0.9141487088440603 0
589 -0.9141487088440297 -0.3491757245463606 0
590 -0.349175724546356 0.9141487088440284 0
591 0.3491757245460139 -0.9141487088441671 0
592 0.9141487088441651 0.3491757245460084 0
593 -0.6719640497907863 -0.7802495417351816 0
594 0.7795214846277159 -0.6720974763763331 0
595 -0.7802495417350904 0.6719640497908255 0
596 0.6719640497907924 0.7802495417351256 0
597 -0.7927330854168042 -0.554724579577391 0
598 -0.5547245795773876 0.7927330854168009 0
599 0.5547245795773917 -0.7927330854167712 0
600 0.792733085416768 0.5547245795773873 0
601 -0.4983436633537704 -0.5855972085137777 0
602 0.5855972085138083 -0.4983436633538 0
603 -0.5855972085137845 0.4983436633537687 0
604 0.4983436633537977 0.5855972085138135 0
605 -0.9187072028410479 -0.8041002326542155 0
606 -0.8041002326541732 0.9187072028410534 0
607 -0.8059407811936274 -0.9151998992164567 0
608 0.8035780294938751 -0.921703339604375 0
609 0.9187072028413595 -0.8041002326549583 0
610 0.9187072028410728 0.8041002326542036 0
611 -0.9187072028413689 0.8041002326550237 0
612 0.8059407811936141 0.9151998992164209 0
613 -0.8008380820758983 -0.3978274993012114 0
614 -0.3978274993012128 0.8008380820758971 0
615 0.3978274993012133 -0.8008380820758321 0
616 0.800838082075832 0.3978274993012124 0
617 -0.3977332120396365 -0.8102654210528017 0
618 0.8102654210528017 -0.3977332120396393 0
619 -0.8102654210527978 0.3977332120395803 0
620 0.397733212039584 0.8102654210527978 0
621 -0.4330183935590649 -0.695670923975822 0
622 0.6956709239758224 -0.4330183935590706 0
623 -0.6956709239757833 0.4330183935591808 0
624 0.4330183935591869 0.6956709239757835 0
625 0.1533174490168163 -0.9204021189946026 0
626 0.9204021189946026 0.15331744901681 0
627 -0.9204021189941536 0.1533174490196454 0
628 0.1533174490196537 0.9204021189941552 0
629 -0.6422560463761253 -0.6246393009448395 0
630 0.6246393009448721 -0.6422560463761607 0
631 -0.6246393009447739 0.6422560463761253 0
632 0.6422560463761604 0.6246393009448056 0
633 -0.681349992017527 -0.07058739626500887 0
634 -0.07058739626501005 0.6813499920175302 0
635 0.07020968534743897 -0.6811301120307108 0
636 0.6811301120307141 0.07020968534743917 0
637 -0.4749895477031281 -0.06483612870693743 0
638 -0.06483612870693604 0.4749895477031318 0
639 0.06483612870694908 -0.4749895477031292 0
640 0.4749895477031329 0.06483612870694677 0
641 -0.6988842143345417 -0.4526563410841282 0
642 -0.4526563410841272 0.6988842143345426 0
643 0.4526563410841822 -0.6988842143345457 0
644 0.6988842143345469 0.4526563410841792 0
645 -0.5625233342000063 -0.3869642110361946 0
646 -0.3869642110361969 0.5625233342000054 0
647 0.3869642110362227 -0.5625233342000087 0
648 0.5625233342000081 0.386964211036223 0
649 -0.644540580813505 -0.3379577686230369 0
650 -0.3379577686230384 0.6445405808135046 0
651 0.3379577686230566 -0.6445405808135142 0
652 0.6445405808135143 0.3379577686230567 0
653 -0.8238980006862997 -0.7890920528088878 0
654 -0.790829401985734 0.8252745381837843 0
655 0.8170095153410323 -0.7909330287023442 0
656 0.8238980006862952 0.7890920528088494 0
657 -0.4224170646542516 -0.2062198423291624 0
658 -0.2062198423291625 0.4224170646542514 0
659 0.2062198423291635 -0.4224170646542531 0
660 0.4224170646542529 0.2062198423291635 0
661 -0.4729841896748919 -0.3129809907699628 0
662 -0.3129809907699657 0.4729841896748909 0
663 0.3129809907699765 -0.4729841896748892 0
664 0.4729841896748881 0.3129809907699779 0
665 -0.9262328057093432 0.01235991914318188 0
666 0.01235991914319261 0.9262328057093426 0
667 0.01235991914064258 -0.9262328057091838 0
668 0.9262328057091818 0.01235991914063243 0
669 -0.7266064552782969 0.07973070554742057 0
670 0.07973070554743851 0.7266064552782961 0
671 -0.7004339343658432 -0.705703728349519 0
672 -0.7057037283494486 0.700433934365888 0
673 0.7057037283496383 -0.7004339343657946 0
674 0.7004339343658397 0.7057037283495667 0
675 -0.5193329691378636 -0.8253016158349862 0
676 0.8253016158350031 -0.5193329691378522 0
677 -0.8253016158348258 0.5193329691379701 0
678 0.5193329691379588 0.8253016158348435 0
679 -0.03396133492093574 -0.578278503282327 0
680 0.5782785032823367 -0.03396133492094522 0
681 -0.5782785032823158 0.03396133492094067 0
682 0.03396133492094977 0.5782785032823267 0
683 -0.8087816719827703 -0.7068142118837361 0
684 -0.7068142118836993 0.8087816719827965 0
685 0.7101979092712336 -0.8127332348883776 0
686 0.8087816719827576 0.7068142118836612 0
687 -0.8439885188620909 -0.4846907716093432 0
688 -0.4846907716093394 0.8439885188620939 0
689 0.4846907716091622 -0.8439885188620737 0
690 0.8439885188620762 0.484690771609157 0
691 -0.9358492247401499 -0.5925460605923925 0
692 -0.5925460605923691 0.9358492247401575 0
693 0.5925460605923344 -0.9358492247399004 0
694 0.9358492247399077 0.5925460605923107 0
695 -0.5897176934815566 -0.9309636059313798 0
696 0.9309636059313875 -0.5897176934815421 0
697 -0.9309636059310787 0.5897176934815014 0
698 0.5897176934814873 0.9309636059310871 0
699 -0.004670463848627172 -0.7985466795826739 0
700 0.798546679582668 -0.004670463848636784 0
701 -0.7963059421336786 -0.001580891725952635 0
702 -0.001580891725943521 0.7963059421336747 0
703 0.1178839949106192 -0.758382797729666 0
704 0.7583827977296622 0.1178839949106129 0
705 -0.1735947980424618 -0.5499771377638705 0
706 0.5499771377638681 -0.1735947980424759 0
707 -0.5499771377638315 0.1735947980424236 0
708 0.1735947980424385 0.5499771377638291 0
709 -0.7269024749049545 -0.5101964540773358 0
710 -0.5101964540773374 0.7269024749049542 0
711 0.5101964540773158 -0.7269024749049948 0
712 0.7269024749049942 0.5101964540773156 0
713 -0.7101561359007855 -0.2140418023454434 0
714 -0.2140418023454437 0.7101561359007823 0
715 -0.215235755876718 -0.714097211993847 0
716 0.714097211993842 -0.2152357558767343 0
717 0.215416308204985 -0.7088843024116348 0
718 0.7088843024116321 0.2154163082049834 0
719 -0.7141308295886056 0.2152335166168192 0
720 0.2152335166168355 0.7141308295886 0
721 -0.291655772726986 -0.3617427942609761 0
722 0.3617427942609754 -0.2916557727269834 0
723 -0.3617427942609775 0.2916557727269856 0
724 0.2916557727269841 0.3617427942609764 0
725 -0.528836541468412 -0.1816346316931459 0
726 -0.1816346316931477 0.5288365414684117 0
727 0.1816346316931635 -0.5288365414684085 0
728 0.5288365414684084 0.1816346316931638 0
729 -0.423325313614813 -0.3479512084552812 0
730 -0.3479512084552845 0.4233253136148114 0
731 0.3479512084552853 -0.4233253136148128 0
732 0.4233253136148116 0.3479512084552881 0
733 -0.198213314280656 -0.4220044333674495 0
734 0.4220044333674458 -0.1982133142806555 0
735 -0.4220044333674502 0.1982133142806558 0
736 0.1982133142806561 0.4220044333674463 0
737 -0.9308360315863334 -0.4684307078566253 0
738 -0.4684307078566122 0.9308360315863369 0
739 -0.4712131952257076 -0.9344092326235143 0
740 0.9344092326235185 -0.4712131952256987 0
741 0.4684307078565592 -0.9308360315862271 0
742 0.9308360315862307 0.4684307078565442 0
743 -0.9344092326234383 0.4712131952255868 0
744 0.4712131952255783 0.9344092326234428 0
745 -0.1725044570213935 -0.9409633417373809 0
746 0.9409633417373804 -0.1725044570213981 0
747 -0.9409633417377409 -0.1725044570193977 0
748 -0.1725044570193915 0.9409633417377399 0
749 -0.04047181221467862 -0.4638027034782709 0
750 0.4638027034782713 -0.04047181221467832 0
751 -0.4638027034782669 0.04047181221468134 0
752 0.04047181221468083 0.4638027034782675 0
753 -0.6280136918494967 -0.1514349864517333 0
754 -0.1514349864517352 0.6280136918494954 0
755 0.1514349864517589 -0.6280136918494417 0
756 0.6280136918494407 0.1514349864517598 0
757 -0.9396903982539282 -0.2792499273410948 0
758 -0.2792499273410884 0.9396903982539279 0
759 -0.2792499273438591 -0.9396903982534373 0
760 0.9396903982534369 -0.2792499273438647 0
761 0.2772656104681291 -0.9378281196672715 0
762 0.9378281196672708 0.2772656104681239 0
763 -0.9378281196670504 0.2772656104704889 0
764 0.2772656104704927 0.9378281196670514 0
765 -0.577834646945349 -0.6479194661127217 0
766 0.647919466112759 -0.5778346469453753 0
767 -0.6479194661126921 0.5778346469453697 0
768 0.5778346469453945 0.6479194661127281 0
769 -0.3454754299801651 -0.3139739063064276 0
770 -0.3139739063064304 0.3454754299801641 0
771 0.3139739063064315 -0.3454754299801627 0
772 0.3454754299801622 0.3139739063064334 0
773 -0.5002243995140668 -0.4425241308971057 0
774 -0.4425241308971104 0.5002243995140656 0
775 0.4425241308971206 -0.5002243995140475 0
776 0.5002243995140457 0.4425241308971236 0
777 -0.9439118693973123 -0.05026643112120025 0
778 -0.05026643112119153 0.9439118693973105 0
779 -0.05026643112332696 -0.9439118693975452 0
780 0.9439118693975455 -0.05026643112333501 0
781 -0.09183506310409408 -0.7145072264113499 0
782 0.7145072264113456 -0.09183506310411074 0
783 -0.26822432798544 -0.5083917259246359 0
784 0.5083917259246338 -0.2682243279854321 0
785 -0.5083917259246409 0.2682243279854367 0
786 0.2682243279854301 0.5083917259246388 0
787 -0.3812067467756196 -0.6644653492645178 0
788 0.6644653492645134 -0.3812067467756216 0
789 -0.6644653492644657 0.381206746775736 0
790 0.3812067467757388 0.6644653492644608 0
791 -0.2923207119087367 -0.7253798542378375 0
792 0.7253798542378362 -0.2923207119087465 0
793 -0.7253798542378357 0.2923207119088005 0
794 0.2923207119088109 0.725379854237834 0
795 -0.7644769902412345 -0.8185250988432344 0
796 -0.8185250988432077 0.7644769902412352 0
797 0.7644769902412408 0.818525098843239 0
798 -0.730238749738287 -0.2998275352867914 0
799 -0.2998275352867911 0.730238749738289 0
800 0.2998275352867726 -0.7302387497382818 0
801 0.7302387497382841 0.2998275352867699 0
802 0.7963426581352528 -0.8490787919634994 0
803 -0.7567626622495951 -0.1349646207741501 0
804 -0.1349646207741447 0.7567626622495914 0
805 -0.1318944755448736 -0.7541867616955289 0
806 0.754186761695526 -0.1318944755448913 0
807 -0.5370262450714345 -0.5210624980162804 0
808 -0.5210624980162868 0.5370262450714285 0
809 0.5210624980162741 -0.5370262450714914 0
810 0.5370262450714842 0.5210624980162789 0
811 -0.8308485340059705 -0.2205211720139149 0
812 -0.2205211720139073 0.8308485340059688 0
813 -0.220521172016418 -0.8308485340057175 0
814 0.8308485340057155 -0.2205211720164296 0
815 0.222866973796352 -0.8352195732867292 0
816 0.8352195732867278 0.2228669737963446 0
817 -0.8308485340056019 0.220521172016357 0
818 0.220521172016368 0.8308485340055993 0
819 -0.5686890221676365 -0.04258486283224699 0
820 -0.04258486283224645 0.5686890221676398 0
821 0.04258486283226087 -0.5686890221676394 0
822 0.5686890221676427 0.04258486283225933 0
823 -0.7581982017408563 0.1346378524817674 0
824 0.1346378524817881 0.7581982017408506 0
825 -0.3235691316987883 -0.556510579388616 0
826 0.5565105793886062 -0.3235691316987721 0
827 -0.5565105793886216 0.3235691316987844 0
828 0.3235691316987702 0.5565105793886118 0
829 -0.6830694871061758 -0.8327282394995861 0
830 0.8345301499462978 -0.6836115935320906 0
831 -0.8327282394994971 0.6830694871061966 0
832 0.6830694871061792 0.8327282394995287 0
833 -0.09755357002040364 -0.8421945953388864 0
834 0.8421945953388835 -0.09755357002041352 0
835 -0.8421945953388328 -0.09755357001802438 0
836 -0.09755357001801518 0.8421945953388289 0
837 -0.3276350263606732 -0.4255838555003191 0
838 0.4255838555003162 -0.3276350263606681 0
839 -0.4255838555003236 0.327635026360673 0
840 0.3276350263606693 0.4255838555003207 0
841 -0.9375784719840313 -0.7137185657678413 0
842 -0.7137185657678122 0.9375784719840384 0
843 0.714414058928732 -0.9340864072826136 0
844 -0.7110770669535725 -0.9413374607963283 0
845 0.9375784719839719 0.7137185657676903 0
846 0.9414262892868989 -0.7110550416804051 0
847 -0.9413374607963285 0.7110770669534616 0
848 0.7110770669534383 0.9413374607963352 0
849 -0.1269412415305164 -0.6373195186935817 0
850 0.6373195186935782 -0.1269412415305219 0
851 -0.6357242060591201 0.1260084894413301 0
852 0.1260084894413337 0.6357242060591207 0
853 -0.5530434826846 -0.254380388445409 0
854 -0.2543803884454109 0.5530434826845997 0
855 0.2543803884454331 -0.5530434826845986 0
856 0.5530434826845984 0.2543803884454327 0
857 -0.612190898463981 -0.2641695161376933 0
858 -0.2641695161376948 0.6121908984639806 0
859 0.2641695161377123 -0.6121908984639829 0
860 0.612190898463983 0.2641695161377122 0
861 -0.1425526543144214 -0.4353825020198981 0
862 0.435382502019898 -0.1425526543144219 0
863 -0.4353825020198959 0.1425526543144196 0
864 0.1425526543144205 0.4353825020198957 0
865 0.03334172242199386 -0.8494988801433818 0
866 0.8494988801433788 0.03334172242198478 0
867 -0.849498880143528 0.03334172242445466 0
868 0.03334172242446526 0.8494988801435259 0
869 -0.7021038582454892 -0.6438298231022653 0
870 -0.6438298231022974 0.702103858245485 0
871 0.643829823102043 -0.7021038582454872 0
872 0.7021038582454833 0.6438298231020744 0
873 -0.9394127712693934 -0.8585905238059821 0
874 -0.857887562098516 0.9438095943339369 0
875 0.8585905238059816 -0.9394127712693739 0
876 -0.8616066966170866 -0.9444203851792621 0
877 0.9394127712693572 0.8585905238059942 0
878 0.9438095943340752 -0.8578875620990167 0
879 -0.9394127712695484 0.8585905238064532 0
880 0.8616066966170935 0.9444203851792211 0
881 -0.4022564187593571 -0.940376196942004 0
882 0.9403761969420055 -0.4022564187593571 0
883 -0.9403761969419082 0.4022564187591152 0
884 0.402256418759116 0.9403761969419091 0
885 -0.9403761969422411 -0.4022564187566168 0
886 -0.4022564187566091 0.9403761969422405 0
887 0.4022564187563745 -0.940376196942146 0
888 0.9403761969421448 0.4022564187563653 0
889 -0.6265043742391225 -0.07714205079358727 0
890 -0.07714205079359418 0.6265043742391272 0
891 0.07714205079360942 -0.626504374239128 0
892 0.6265043742391323 0.07714205079361448 0
893 -0.05963824221703715 -0.5292072016144661 0
894 0.5292072016144691 -0.0596382422170403 0
895 -0.5292072016144607 0.05963824221704478 0
896 0.05963824221704792 0.5292072016144641 0
897 -0.8561309649246811 -0.6745843235581158 0
898 -0.6745843235580845 0.8561309649246968 0
899 0.674148244099038 -0.8570812911231532 0
900 0.856130964924579 0.6745843235580417 0
901 -0.4550192657742813 -0.8289739753043808 0
902 0.8289739753043873 -0.4550192657742778 0
903 -0.8289739753042925 0.455019265774294 0
904 0.4550192657742916 0.8289739753042991 0
905 0.1769106208280907 -0.7632179057207749 0
906 0.7632179057207716 0.1769106208280836 0
907 -0.6499739350301759 -0.2096209126501081 0
908 -0.2096209126501088 0.6499739350301738 0
909 0.2096209126501063 -0.6499739350301252 0
910 0.6499739350301238 0.2096209126501067 0
911 -0.6376265386500322 -0.5682188147301058 0
912 0.5682188147301285 -0.6376265386500741 0
913 -0.5682188147300701 0.6376265386499932 0
914 0.6376265386500353 0.5682188147300913 0
915 -0.5197355113972135 -0.09209296759481819 0
916 -0.09209296759482091 0.5197355113972135 0
917 0.09209296759483758 -0.5197355113972109 0
918 0.519735511397211 0.09209296759483884 0
919 0.8043019552163267 -0.7298436191773328 0
920 -0.5748265045677583 -0.7123398763345348 0
921 0.7123398763345588 -0.5748265045677492 0
922 -0.7123398763344222 0.5748265045678282 0
923 0.5748265045678181 0.7123398763344461 0
924 -0.1738307172693762 -0.8732213244338105 0
925 0.8732213244338098 -0.1738307172693819 0
926 -0.8732213244338569 -0.1738307172667837 0
927 -0.1738307172667777 0.8732213244338539 0
928 -0.5111283043298456 -0.7348328018225837 0
929 0.7348328018225929 -0.5111283043298505 0
930 -0.7348328018225501 0.5111283043297803 0
931 0.5111283043297863 0.7348328018225588 0
932 -0.371233803579718 -0.8632850783575702 0
933 0.8632850783575744 -0.3712338035797219 0
934 -0.8632850783577191 -0.3712338035768982 0
935 -0.3712338035768947 0.8632850783577176 0
936 -0.8632850783578483 0.3712338035793801 0
937 0.3712338035793848 0.8632850783578517 0
938 0.3712338035765604 -0.8632850783579993 0
939 0.8632850783579972 0.3712338035765556 0
940 -0.8430884411162414 -0.5576398613507028 0
941 -0.5576398613506884 0.8430884411162447 0
942 0.5576398613507325 -0.843088441116164 0
943 0.8430884411161672 0.557639861350717 0
944 -0.7658445855478611 -0.6046283812739665 0
945 -0.6046283812739484 0.7658445855478603 0
946 0.6046283812739645 -0.7658445855478018 0
947 0.7658445855478007 0.6046283812739458 0
948 -0.839409850631033 0.1000016950478622 0
949 0.1000016950478718 0.8394098506310291 0
950 0.1013829320592301 -0.8348126208052126 0
951 0.8348126208052086 0.1013829320592215 0
952 -0.3232223709820797 -0.7766546822030659 0
953 0.7766546822030669 -0.3232223709820862 0
954 -0.7766546822029775 0.3232223709821562 0
955 0.3232223709821629 0.7766546822029784 0
956 -0.776584436190199 -0.3225401890264437 0
957 -0.3225401890264434 0.7765844361902003 0
958 0.3225401890264344 -0.7765844361901028 0
959 0.7765844361901036 0.3225401890264321 0
960 -0.7448252174098478 -0.4164328446403548 0
961 -0.4164328446403542 0.7448252174098484 0
962 0.4164328446403656 -0.7448252174098275 0
963 0.7448252174098288 0.4164328446403639 0
964 -0.6119536235827008 -0.7574310409599581 0
965 0.7574310409599811 -0.6119536235826806 0
966 -0.7574310409598507 0.6119536235827507 0
967 0.6119536235827296 0.7574310409598741 0
968 -0.6953648104229115 -0.4011143898405597 0
969 -0.4011143898405599 0.6953648104229125 0
970 0.4011143898405898 -0.6953648104228749 0
971 0.6953648104228756 0.4011143898405877 0
972 0.05521414123646141 -0.7413796713154961 0
973 0.7413796713154952 0.05521414123644751 0
974 -0.48290891511993 -0.6384706618652372 0
975 0.6384706618652563 -0.4829089151199462 0
976 -0.6384706618652216 0.4829089151199473 0
977 0.4829089151199628 0.6384706618652392 0
978 -0.7606599354481012 -0.1854154914568439 0
979 -0.1854154914568384 0.7606599354480966 0
980 -0.5932427121423929 -0.5246449917666441 0
981 -0.5246449917666387 0.5932427121423909 0
982 0.5246449917667433 -0.5932427121424102 0
983 0.5932427121424076 0.524644991766735 0
984 -0.01312403620772823 -0.672089742577002 0
985 0.6720897425769953 -0.01312403620773158 0
986 -0.6711708438421826 0.01244490003619942 0
987 0.01244490003620252 0.6711708438421766 0
988 -0.4175435086598843 -0.7543340359229807 0
989 0.75433403592298 -0.4175435086598928 0
990 -0.7543340359229077 0.4175435086599484 0
991 0.417543508659957 0.7543340359229068 0
992 -0.9414823679712294 0.09984458973839183 0
993 0.09984458973839955 0.9414823679712303 0
994 0.09984458973575722 -0.9414823679714052 0
995 0.9414823679714051 0.09984458973575087 0
996 -0.185662992763168 -0.7609897706709595 0
997 0.7609897706709574 -0.1856629927631832 0
998 -0.3235138809652519 -0.6822802747844022 0
999 0.6822802747844087 -0.323513880965262 0
1000 -0.6822802747843411 0.3235138809653763 0
1001 0.3235138809653867 0.6822802747843465 0
1002 -0.7974573191407248 -0.8627107672627303 0
1003 -0.8648357148538364 0.7969685422727576 0
1004 0.7974573191407102 0.8627107672627423 0
1005 -0.2419413878370104 -0.623006224785685 0
1006 0.623006224785689 -0.2419413878370116 0
1007 -0.623006224785689 0.2419413878370009 0
1008 0.2419413878370038 0.6230062247856927 0
1009 0.1798812066539739 -0.8655689804746185 0
1010 0.8655689804746175 0.1798812066539671 0
1011 -0.8655689804743427 0.1798812066566994 0
1012 0.1798812066567068 0.8655689804743411 0
1013 -0.7613360547028007 0.1858998874343973 0
1014 0.1858998874344121 0.761336054702798 0
1015 -0.5241096633520692 -0.3409225659233692 0
1016 -0.3409225659233718 0.5241096633520688 0
1017 0.3409225659233907 -0.5241096633520654 0
1018 0.524109663352065 0.3409225659233913 0
1019 -0.9453276527378367 0.2057013148375739 0
1020 0.2057013148375783 0.945327652737837 0
1021 0.2057013148355406 -0.9453276527379739 0
1022 0.945327652737973 0.2057013148355364 0
1023 -0.4376891907067537 -0.4010743006816956 0
1024 -0.4010743006816993 0.4376891907067523 0
1025 0.4010743006817023 -0.4376891907067489 0
1026 0.4376891907067484 0.4010743006817052 0
1027 -0.429673220108904 -0.1555844182723421 0
1028 -0.1555844182723419 0.4296732201089042 0
1029 0.1555844182723494 -0.4296732201089078 0
1030 0.429673220108908 0.1555844182723486 0
1031 -0.4506612012038917 -0.554757470721343 0
1032 0.5547574707213667 -0.4506612012039102 0
1033 -0.5547574707213511 0.4506612012038881 0
1034 0.4506612012039063 0.5547574707213735 0
1035 -0.2817668930010402 -0.8769084719081757 0
1036 0.876908471908177 -0.2817668930010458 0
1037 -0.8769084719086637 -0.2817668929981651 0
1038 -0.2817668929981596 0.8769084719086623 0
1039 -0.8768873881415928 0.2817609697916216 0
1040 0.2817609697916259 0.8768873881415944 0
1041 0.2817609697887146 -0.8768873881419721 0
1042 0.8768873881419699 0.2817609697887097 0
1043 -0.6210100652657775 -0.4594459270875426 0
1044 -0.4594459270875451 0.6210100652657782 0
1045 0.4594459270875618 -0.6210100652657593 0
1046 0.62101006526576 0.4594459270875624 0
1047 -0.5648456510453749 -0.8548466227971686 0
1048 0.8548466227971844 -0.5648456510453587 0
1049 -0.8548466227971095 0.5648456510454196 0
1050 0.5648456510454027 0.8548466227971244 0
1051 -0.1524270803995038 -0.4957835306739105 0
1052 0.4957835306739103 -0.152427080399506 0
1053 -0.4957835306738888 0.1524270803994934 0
1054 0.1524270803994962 0.4957835306738885 0
1055 -0.3803968613085202 -0.5911207362074684 0
1056 0.5911207362074504 -0.3803968613085341 0
1057 -0.5911207362074729 0.3803968613085225 0
1058 0.3803968613085367 0.5911207362074555 0
1059 -0.9475635371493876 -0.2253894130386903 0
1060 -0.2253894130386812 0.9475635371493867 0
1061 -0.2253894130416345 -0.9475635371490259 0
1062 0.947563537149026 -0.2253894130416413 0
1063 -0.4376976031800665 -0.1049576183603395 0
1064 -0.1049576183603384 0.4376976031800675 0
1065 0.1049576183603469 -0.4376976031800643 0
1066 0.4376976031800656 0.1049576183603453 0
1067 -0.3811091153932434 -0.2403668972838902 0
1068 -0.2403668972838917 0.381109115393243 0
1069 0.24036689728389 -0.3811091153932421 0
1070 0.3811091153932419 0.2403668972838911 0
1071 -0.9512658558510592 -0.5263605925412791 0
1072 -0.5263605925412639 0.9512658558510659 0
1073 0.5263605925406323 -0.9512658558506378 0
1074 0.9512658558506453 0.5263605925406152 0
1075 -0.5235636893218704 -0.9478900494264404 0
1076 0.9478900494264469 -0.5235636893218596 0
1077 -0.9478900494260616 0.5235636893212198 0
1078 0.5235636893212089 0.9478900494260685 0
1079 -0.5361273523280579 -0.622205188085203 0
1080 0.6222051880852347 -0.5361273523280895 0
1081 -0.6222051880852025 0.5361273523280702 0
1082 0.5361273523281005 0.6222051880852322 0
1083 -0.2234697176709086 -0.5365520166428618 0
1084 0.5365520166428592 -0.2234697176709116 0
1085 -0.5365520166428649 0.2234697176708901 0
1086 0.2234697176708942 0.5365520166428627 0
1087 -0.2708888524163237 -0.8165073472496354 0
1088 0.8165073472496323 -0.2708888524163336 0
1089 -0.8165073472498765 -0.2708888524137201 0
1090 -0.270888852413713 0.8165073472498767 0
1091 -0.8165073472494946 0.2708888524162271 0
1092 0.2708888524162376 0.81650734724949 0
1093 0.2708888524136262 -0.8165073472497326 0
1094 0.8165073472497323 0.2708888524136197 0
1095 -0.4730714598277348 -0.1873425169577365 0
1096 -0.187342516957738 0.473071459827735 0
1097 0.1873425169577536 -0.4730714598277419 0
1098 0.4730714598277417 0.1873425169577537 0
1099 -0.734936009778638 -0.05109209890037058 0
1100 -0.05109209890035923 0.7349360097786378 0
1101 0.01180015528428771 -0.4505917792893036 0
1102 -0.4505917792893009 -0.01180015528428029 0
1103 0.4505917792893034 0.01180015528428706 0
1104 -0.01180015528428013 0.4505917792893009 0
1105 -0.4799936554558965 -0.8818230515800475 0
1106 0.8818230515800503 -0.4799936554558859 0
1107 -0.8818230515801633 0.4799936554557565 0
1108 0.4799936554557464 0.8818230515801662 0
1109 -0.4483860163423112 -0.2524380856252482 0
1110 -0.2524380856252497 0.4483860163423097 0
1111 0.2524380856252534 -0.4483860163423018 0
1112 0.448386016342301 0.2524380856252545 0
1113 -0.3803789204488718 -0.4932556354270942 0
1114 0.4932556354270844 -0.3803789204488579 0
1115 -0.4932556354271024 0.3803789204488711 0
1116 0.3803789204488585 0.4932556354270924 0
1117 0.7619238964071317 -0.8041352680804668 0
1118 -0.7179835048376313 -0.7973370104790187 0
1119 -0.7973370104789493 0.7179835048376528 0
1120 0.7179835048376455 0.7973370104789969 0
1121 -0.6953286421719516 -0.3331373063437819 0
1122 -0.3331373063437812 0.6953286421719522 0
1123 0.3331373063437182 -0.6953286421718974 0
1124 0.6953286421718976 0.3331373063437155 0
1125 -0.1883328788305361 -0.6674508529547893 0
1126 0.6674508529547883 -0.1883328788305472 0
1127 -0.6674252498270062 0.187576889852742 0
1128 0.1875768898527588 0.667425249827004 0
1129 -0.8089359087433634 -0.6568530852762827 0
1130 -0.6568530852762555 0.8089359087433818 0
1131 0.6568530852762834 -0.808935908743258 0
1132 0.8089359087432755 0.6568530852762545 0
1133 -0.9518945530677601 -0.9518945530677601 0
1134 -0.9518945530677148 0.9518945530677966 0
1135 0.9518945530678005 -0.9518945530677183 0
1136 0.9518945530677557 0.9518945530677557 0
1137 0.8724013806301231 -0.7845084060880899 0
1138 -0.8724013806299774 -0.7845084060872221 0
1139 -0.784508406087181 0.8724013806299874 0
1140 0.8724013806299926 0.7845084060872022 0
1141 -0.2359713065578716 -0.3776521284096046 0
1142 0.3776521284096029 -0.2359713065578711 0
1143 -0.377652128409605 0.2359713065578717 0
1144 0.235971306557872 0.377652128409603 0
1145 -0.578895957181892 -0.1588278434804305 0
1146 -0.1588278434804316 0.5788959571818912 0
1147 0.1588278434804257 -0.5788959571818542 0
1148 0.5788959571818535 0.1588278434804258 0
1149 -0.2417568082644706 -0.4558085715728815 0
1150 0.4558085715728784 -0.241756808264469 0
1151 -0.455808571572884 0.2417568082644703 0
1152 0.2417568082644702 0.455808571572881 0
1153 -0.9489277830549023 -0.764095787282007 0
1154 -0.764095787281979 0.9489277830549023 0
1155 -0.7643277594606285 -0.9484768111983024 0
1156 0.9486223045519978 -0.7641715315336015 0
1157 0.7659845955488918 -0.951435968906714 0
1158 0.9489277830547678 0.7640957872818293 0
1159 -0.9484768111981294 0.7643277594604966 0
1160 0.7643277594604707 0.9484768111981317 0
1161 -0.4564087479853527 -0.4621422580395321 0
1162 -0.4621422580395341 0.4564087479853499 0
1163 0.4621422580395946 -0.4564087479853517 0
1164 0.4564087479853483 0.4621422580395954 0
1165 -0.8887701124304069 -0.615520685026501 0
1166 -0.6155206850264777 0.8887701124304218 0
1167 0.6155206850265394 -0.8887701124302083 0
1168 0.888770112430223 0.6155206850265161 0
1169 -0.6165383090390807 -0.8894296828332628 0
1170 0.8894296828332776 -0.6165383090390639 0
1171 -0.8894296828330636 0.6165383090390728 0
1172 0.6165383090390553 0.8894296828330787 0
1173 -0.7234302110936175 -0.1018756663569582 0
1174 -0.1018756663569577 0.7234302110936135 0
1175 -0.6843763823525643 -0.542003602330448 0
1176 -0.542003602330455 0.6843763823525375 0
1177 0.5420036023304104 -0.684376382352625 0
1178 0.6843763823525985 0.5420036023304157 0
1179 -0.1165651129636603 0.9518645898699958 0
1180 -0.9518645898699982 -0.1165651129636613 0
1181 -0.1165651129639781 -0.9518645898701565 0
1182 0.9518645898701561 -0.1165651129639794 0
1183 -0.2924326858512221 -0.4602684650027647 0
1184 0.4602684650027565 -0.2924326858512177 0
1185 -0.4602684650027668 0.2924326858512218 0
1186 0.2924326858512196 0.4602684650027583 0
1187 0.9526066525566049 0.05323249353483259 0
1188 0.05323249353484191 -0.9526066525566045 0
1189 -0.9526066525558898 0.05323249353782482 0
1190 0.05323249353783385 0.9526066525558894 0
1191 -0.5983264396244395 -0.3536871124214027 0
1192 -0.3536871124214052 0.5983264396244392 0
1193 0.3536871124214327 -0.5983264396244468 0
1194 0.598326439624447 0.3536871124214327 0
1195 -0.7576632528735292 0.03726769531080239 0
1196 0.03726769531081302 0.7576632528735237 0
1197 -0.8148324495764439 -0.441234118657206 0
1198 -0.4412341186572048 0.8148324495764425 0
1199 0.4412341186571177 -0.8148324495763712 0
1200 0.8148324495763692 0.4412341186571165 0
1201 -0.06919427142479875 -0.8855251860099937 0
1202 0.8855251860099916 -0.06919427142480743 0
1203 -0.8855251860099819 -0.06919427142214371 0
1204 -0.0691942714221319 0.8855251860099786 0
1205 -0.6580848026190812 -0.1087241258652682 0
1206 -0.1087241258652719 0.6580848026190808 0
1207 0.1136598506428501 -0.6582038715971521 0
1208 0.6582038715971514 0.1136598506428551 0
1209 -0.4292256593339969 -0.5020990866089408 0
1210 -0.5020990866089428 0.4292256593339859 0
1211 0.5020990866090157 -0.429225659334078 0
1212 0.429225659334065 0.5020990866090158 0
1213 -0.08950572685365045 -0.4369618565844586 0
1214 0.4369618565844592 -0.08950572685365063 0
1215 -0.4369618565844545 0.08950572685365046 0
1216 0.08950572685365074 0.436961856584455 0
1217 -0.6647440926962435 -0.6723049956651187 0
1218 0.6723049956652136 -0.6647440926962613 0
1219 -0.6723049956650226 0.6647440926962522 0
1220 0.6647440926962702 0.672304995665117 0
1221 -0.2895326420012591 -0.6107363364564357 0
1222 0.6107363364564277 -0.2895326420012593 0
1223 -0.610736336456447 0.2895326420012507 0
1224 0.2895326420012524 0.6107363364564387 0
1225 -0.5865580395569461 -0.4297539209281591 0
1226 -0.4297539209281642 0.586558039556944 0
1227 0.4297539209281496 -0.5865580395569524 0
1228 0.5865580395569499 0.4297539209281536 0
1229 -0.1148525396371839 -0.530807813450843 0
1230 0.53080781345084 -0.1148525396371883 0
1231 -0.5308078134508395 0.114852539637181 0
1232 0.1148525396371861 0.5308078134508363 0
1233 -0.04413621535479476 -0.7448838972222369 0
1234 0.7448838972222275 -0.04413621535480628 0
1235 0.1260809585241573 -0.8813986348918079 0
1236 0.8813986348918053 0.1260809585241517 0
1237 -0.8813986348916829 0.1260809585267864 0
1238 0.1260809585267966 0.8813986348916802 0
1239 -0.5264173764877778 -0.2936769478786359 0
1240 -0.2936769478786379 0.5264173764877778 0
1241 0.2936769478786564 -0.5264173764877678 0
1242 0.5264173764877679 0.2936769478786568 0
1243 -0.5797602098457829 -0.8099491571176484 0
1244 0.8099491571176706 -0.5797602098457695 0
1245 -0.8099491571175308 0.5797602098457372 0
1246 0.5797602098457233 0.8099491571175539 0
1247 0.1045965111433486 -0.712681285274126 0
1248 0.7126812852741242 0.104596511143351 0
1249 -0.8028542178260057 -0.5064930268624988 0
1250 -0.5064930268624986 0.8028542178260077 0
1251 0.5064930268624955 -0.8028542178260847 0
1252 0.8028542178260865 0.5064930268624939 0
1253 -0.7485194654338496 -0.7083831786719023 0
1254 -0.7083831786718602 0.7485194654339022 0
1255 0.7075618112493621 -0.7475731638234682 0
1256 0.7485194654338435 0.7083831786718842 0
1257 -0.952878078918115 -0.6283139720728053 0
1258 -0.6283139720727793 0.9528780789181224 0
1259 0.6283139720727031 -0.952878078917918 0
1260 0.9528780789179245 0.6283139720726776 0
1261 -0.6270323999879984 -0.9523214948736707 0
1262 0.952321494873677 -0.6270323999879805 0
1263 -0.9523214948734485 0.6270323999878864 0
1264 0.6270323999878685 0.9523214948734554 0
1265 -0.5170237180246062 -0.04681565938060174 0
1266 -0.04681565938060049 0.5170237180246131 0
1267 0.04681565938061564 -0.517023718024612 0
1268 0.5170237180246187 0.04681565938061333 0
1269 -0.07650408380168236 -0.6087699533462871 0
1270 0.6087699533462896 -0.07650408380169771 0
1271 -0.6083974406819759 0.07617483391745937 0
1272 0.07617483391747888 0.6083974406819789 0
1273 -0.02963501173517575 -0.6262705716783525 0
1274 0.6262705716783594 -0.0296350117351768 0
1275 -0.626478212853475 0.02906683570081433 0
1276 0.02906683570081032 0.6264782128534845 0
1277 -0.2121912385837642 -0.5843337051445446 0
1278 0.5843337051445443 -0.2121912385837615 0
1279 -0.584333705144514 0.2121912385837528 0
1280 0.2121912385837519 0.5843337051445135 0
1281 -0.5197084445154589 -0.4886587624991925 0
1282 0.4886587624991833 -0.519708444515501 0
1283 -0.4886587624991998 0.5197084445154534 0
1284 0.5197084445154933 0.4886587624991892 0
1285 -0.823153211134559 -0.05522186284386601 0
1286 -0.05522186284385559 0.823153211134555 0
1287 -0.05446415914696592 -0.8255390894286198 0
1288 0.8255390894286169 -0.05446415914697466 0
1289 -0.681896480702742 0.09828692059481348 0
1290 0.09828692059482765 0.6818964807027377 0
1291 -0.3753808722836526 -0.4179121164567592 0
1292 0.4179121164567703 -0.3753808722836594 0
1293 -0.4179121164567627 0.3753808722836508 0
1294 0.3753808722836584 0.417912116456773 0
1295 -0.1114596845305837 -0.8041909305684212 0
1296 0.8041909305684171 -0.1114596845305965 0
1297 -0.5133648708492065 -0.7779627681249528 0
1298 0.7779627681249641 -0.5133648708492102 0
1299 -0.7779627681248719 0.5133648708491833 0
1300 0.5133648708491887 0.7779627681248843 0
1301 -0.8043247912086393 -0.1105060653018161 0
1302 -0.1105060653018061 0.8043247912086352 0
1303 -0.9589787993880708 -0.3222473531140515 0
1304 -0.3222473531140477 0.9589787993880707 0
1305 -0.3222473531162792 -0.9589787993877875 0
1306 0.9589787993877881 -0.3222473531162826 0
1307 0.3225161240566808 -0.9574293537467866 0
1308 0.9574293537467858 0.3225161240566765 0
1309 -0.9574293537464864 0.322516124058872 0
1310 0.3225161240588743 0.9574293537464867 0
1311 -0.8872811734202221 -0.4711328952733327 0
1312 -0.4711328952733285 0.8872811734202246 0
1313 0.4711328952731588 -0.8872811734202591 0
1314 0.8872811734202614 0.4711328952731533 0
1315 -0.660618753700469 -0.7317099976906247 0
1316 0.7317099976906838 -0.6606187537004127 0
1317 -0.7317099976905412 0.6606187537005249 0
1318 0.6606187537004685 0.7317099976905994 0
1319 -0.7053941548587633 -0.7492784393687002 0
1320 0.7495559330370156 -0.7149045383204062 0
1321 -0.749278439368636 0.7053941548588071 0
1322 0.7053941548587538 0.7492784393687202 0
1323 -0.4810494103993931 -0.6976671242579375 0
1324 0.6976671242579431 -0.4810494103993975 0
1325 -0.6976671242579197 0.4810494103994438 0
1326 0.4810494103994485 0.6976671242579248 0
1327 -0.8785770367511552 -0.8939907203561503 0
1328 0.8946649533763662 -0.8781413206672442 0
1329 -0.8781413206670653 0.8946649533763387 0
1330 0.8785770367511851 0.8939907203561156 0
1331 -0.7892463378096507 0.105592384629373 0
1332 0.1055923846293832 0.7892463378096473 0
1333 -0.1604881399143855 -0.5940821592098653 0
1334 0.5940821592098602 -0.1604881399143925 0
1335 -0.5940821592098353 0.1604881399143714 0
1336 0.160488139914379 0.5940821592098303 0
1337 -0.3901288107372438 -0.325306794625251 0
1338 -0.325306794625254 0.3901288107372423 0
1339 0.3253067946252612 -0.3901288107372398 0
1340 0.3901288107372387 0.3253067946252632 0
1341 -0.5389154870988666 -0.1341678561367331 0
1342 -0.1341678561367351 0.5389154870988667 0
1343 0.1341678561367526 -0.5389154870988615 0
1344 0.5389154870988615 0.1341678561367535 0
1345 -0.9555472522725276 -0.6780486919376668 0
1346 -0.6780486919376381 0.955547252272527 0
1347 0.6780909352054034 -0.9553351492175148 0
1348 0.9555472522727475 0.6780486919375763 0
1349 -0.6803583048903757 -0.9549596576390376 0
1350 0.9549702324593452 -0.6803556828340276 0
1351 -0.9549596576391495 0.6803583048902712 0
1352 0.6803583048902496 0.9549596576391521 0
1353 -0.2549366359374368 -0.7180792359399093 0
1354 0.7180792359399039 -0.2549366359374509 0
1355 -0.7180829777794658 0.2549321581242089 0
1356 0.2549321581242228 0.7180829777794597 0
1357 -0.7304093798350474 0.1693438340459623 0
1358 0.1693438340459804 0.7304093798350439 0
1359 -0.1008717102176618 -0.6790219849188809 0
1360 0.6790219849188763 -0.1008717102176714 0
1361 -0.6958585731227414 -0.885558606223894 0
1362 0.8855387605996099 -0.6908421008395503 0
1363 -0.8855586062237825 0.6958585731227236 0
1364 0.6958585731227024 0.8855586062237966 0
1365 -0.7179408726131322 -0.2542341764697652 0
1366 -0.254234176469766 0.7179408726131318 0
1367 0.2542613312792872 -0.7178915129545766 0
1368 0.7178915129545768 0.2542613312792861 0
1369 -0.9010728281034699 -0.8419614475985758 0
1370 0.8484515466881979 -0.9034010994635772 0
1371 -0.9023678371397204 0.8465909269284254 0
1372 0.9010728281034501 0.8419614475985436 0
1373 -0.1702900427468584 -0.7306944270858322 0
1374 0.7306944270858302 -0.1702900427468754 0
1375 -0.5306418275129759 -0.4056277174725721 0
1376 -0.4056277174725758 0.5306418275129745 0
1377 0.405627717472591 -0.5306418275129838 0
1378 0.5306418275129819 0.4056277174725936 0
1379 -0.9504227234776333 0.2436775177848968 0
1380 0.2436775177848987 0.9504227234776345 0
1381 0.2436775177835973 -0.9504227234775648 0
1382 0.9504227234775634 0.243677517783594 0
1383 -0.7089095608752654 0.03315403015923111 0
1384 0.03315403015924563 0.7089095608752579 0
1385 -0.73169846898131 -0.1707070417404052 0
1386 -0.1707070417404064 0.7316984689813049 0
1387 0.5632255189003694 0.002417254164506063 0
1388 0.002417254164511736 -0.5632255189003631 0
1389 -0.002417254164497744 0.5632255189003634 0
1390 -0.5632255189003562 -0.002417254164502822 0
1391 -0.02244588709451177 0.9589750340138693 0
1392 -0.9589750340138711 -0.02244588709451803 0
1393 -0.022445887096238 -0.9589750340142112 0
1394 0.9589750340142115 -0.02244588709624485 0
1395 -0.888264880006828 -0.5695503216241136 0
1396 -0.5695503216240906 0.8882648800068287 0
1397 0.5695503216241082 -0.8882648800067854 0
1398 0.8882648800067861 0.5695503216240848 0
1399 -0.6397849979531954 -0.8035142681539381 0
1400 0.7963239414205009 -0.643027879866315 0
1401 -0.8035142681538228 0.6397849979532285 0
1402 0.6397849979532056 0.8035142681538452 0
1403 -0.7449694630006204 -0.556396742466858 0
1404 -0.556396742466861 0.7449694630006182 0
1405 0.5563967424668261 -0.7449694630006088 0
1406 0.7449694630006057 0.5563967424668276 0
1407 -0.6888611036962859 -0.4955588472804383 0
1408 -0.4955588472804368 0.6888611036962896 0
1409 0.4955588472805078 -0.6888611036962582 0
1410 0.6888611036962626 0.4955588472805049 0
1411 -0.958768796713636 -0.901358876948293 0
1412 -0.900610830037713 0.9566851029167807 0
1413 -0.9006108300381274 -0.956685102916889 0
1414 0.9566851029168701 -0.9006108300381593 0
1415 0.9013588769482193 -0.9587687967136633 0
1416 0.9587687967136542 0.9013588769482437 0
1417 -0.9587687967137545 0.9013588769486286 0
1418 0.9006108300381049 0.956685102916898 0
1419 -0.952385532096043 -0.8210982282332131 0
1420 -0.8215204354061081 0.9583454007422545 0
1421 -0.8217797681564207 -0.9520417056706972 0
1422 0.9583454007423358 -0.8215204354067647 0
1423 0.821209582075902 -0.9505195469295473 0
1424 0.9523855320958942 0.8210982282331049 0
1425 -0.9523855320959753 0.8210982282336683 0
1426 0.8217797681563099 0.9520417056705464 0
1427 -0.6192901980324275 -0.6652072115206231 0
1428 0.6652072115206535 -0.6192901980324625 0
1429 -0.6652072115205435 0.6192901980324597 0
1430 0.6192901980324933 0.6652072115205735 0
1431 -0.7970932455685118 -0.7526183179933007 0
1432 -0.752618317993263 0.7970932455685281 0
1433 0.7970932455685217 0.7526183179932326 0
1434 -0.9009871902340908 -0.7028170845464972 0
1435 -0.702534794689607 0.9010496065801058 0
1436 0.6978220977124553 -0.9022631499543027 0
1437 0.9009871902340025 0.7028170845464189 0
1438 0.7856661717073627 -0.8876638645084005 0
1439 -0.3270787211915906 -0.8822871308238864 0
1440 0.8822871308238892 -0.3270787211915951 0
1441 -0.8822871308237505 0.3270787211915088 0
1442 0.3270787211915122 0.8822871308237531 0
1443 -0.8822649679115204 -0.3270893575351748 0
1444 -0.3270893575351695 0.8822649679115191 0
1445 0.3270893575350929 -0.8822649679113823 0
1446 0.8822649679113794 0.3270893575350886 0
1447 -0.6655700594830439 -0.02431298917406387 0
1448 0.02146880391518169 -0.6601590209184244 0
1449 -0.02431298917406428 0.665570059483044 0
1450 0.6601590209184239 0.02146880391518222 0
1451 -0.6613391400738142 -0.4547272768630515 0
1452 -0.4547272768630523 0.6613391400738151 0
1453 0.4547272768630919 -0.6613391400738072 0
1454 0.6613391400738086 0.4547272768630908 0
1455 -0.8007835358985642 -0.589136519385719 0
1456 -0.5891365193857118 0.8007835358985644 0
1457 0.5891365193857161 -0.8007835358984992 0
1458 0.8007835358984996 0.5891365193857081 0
1459 -0.04431982024261588 -0.6996265722659101 0
1460 0.6996265722659027 -0.04431982024262644 0
1461 -0.1328188080267963 -0.866353796281001 0
1462 0.8663537962810004 -0.1328188080268025 0
1463 -0.8663537962810023 -0.1328188080242894 0
1464 -0.1328188080242817 0.8663537962809998 0
1465 -0.7735998725934146 0.2872973699913957 0
1466 -0.2872973699913699 -0.7735998725932338 0
1467 0.2872973699914039 0.7735998725934095 0
1468 0.7735998725932284 -0.2872973699913782 0
1469 -0.3573783961361761 -0.5302664711442399 0
1470 0.5302664711442455 -0.3573783961361826 0
1471 -0.5302664711442463 0.357378396136171 0
1472 0.3573783961361778 0.5302664711442511 0
1473 -0.3516269638649958 -0.2677115527070011 0
1474 -0.2677115527070038 0.3516269638649955 0
1475 0.2677115527070041 -0.3516269638649971 0
1476 0.3516269638649968 0.2677115527070061 0
1477 -0.7708837139746368 -0.9155925719751266 0
1478 -0.9160936153500256 0.7706207784690594 0
1479 0.7708837139745416 0.9155925719750405 0
1480 -0.9024161805852279 -0.02144782998613786 0
1481 -0.02144782998612639 0.9024161805852267 0
1482 -0.02144782998873395 -0.9024161805849567 0
1483 0.9024161805849543 -0.02144782998874399 0
1484 -0.6257803115161764 -0.3105467266523064 0
1485 -0.3105467266523084 0.6257803115161763 0
1486 0.3105467266523264 -0.6257803115161837 0
1487 0.625780311516184 0.3105467266523267 0
1488 -0.3088596210263755 -0.3140350429028823 0
1489 -0.3140350429028839 0.3088596210263745 0
1490 0.3140350429028833 -0.3088596210263728 0
1491 0.3088596210263722 0.3140350429028841 0
1492 -0.6706825305570919 -0.5942736478654979 0
1493 -0.5942736478654201 0.67068253055708 0
1494 0.5942736478655314 -0.6706825305571043 0
1495 0.6706825305570926 0.5942736478654523 0
1496 -0.9067321819646478 -0.7664735159038798 0
1497 -0.7623158951059851 0.9081853680992789 0
1498 0.9081853680994636 -0.7623158951072312 0
1499 0.906732181964605 0.766473515903807 0
1500 -0.7729584184969585 -0.2868168751037704 0
1501 -0.286816875103768 0.7729584184969652 0
1502 0.2868168751037369 -0.7729584184970499 0
1503 0.7729584184970558 0.2868168751037331 0
1504 -0.4369347482768467 -0.6584424162944701 0
1505 0.658442416294471 -0.4369347482768491 0
1506 -0.6584424162944617 0.4369347482768914 0
1507 0.4369347482768944 0.6584424162944621 0
1508 -0.3661818074718052 -0.9579411590432424 0
1509 0.9579411590432433 -0.3661818074718078 0
1510 -0.9579411590430261 0.3661818074713015 0
1511 0.3661818074713041 0.957941159043026 0
1512 -0.9579411590435217 -0.3661818074690362 0
1513 -0.3661818074690321 0.9579411590435217 0
1514 0.3661818074685299 -0.9579411590433057 0
1515 0.9579411590433046 0.3661818074685249 0
1516 -0.4951788555897451 -0.5434083630490903 0
1517 0.5434083630491076 -0.4951788555898121 0
1518 -0.5434083630490971 0.4951788555897386 0
1519 0.4951788555898037 0.5434083630491127 0
1520 -0.8177172792158753 -0.3496944726347248 0
1521 -0.3496944726347251 0.8177172792158754 0
1522 0.3496944726347283 -0.8177172792157591 0
1523 0.8177172792157583 0.3496944726347258 0
1524 -0.5383442207385356 -0.5732470256584703 0
1525 0.5732470256584657 -0.5383442207385637 0
1526 -0.5732470256584776 0.5383442207385346 0
1527 0.5383442207385623 0.5732470256584717 0
1528 0.1059483362388418 -0.798406373911554 0
1529 0.7984063739115501 0.1059483362388323 0
1530 -0.8924259499569983 0.03191577535039555 0
1531 0.03191577535040765 0.8924259499569969 0
1532 0.03191577534783756 -0.8924259499569488 0
1533 0.8924259499569474 0.03191577534782806 0
1534 -0.3524167752462492 -0.8178586626789108 0
1535 0.8178586626789116 -0.3524167752462536 0
1536 -0.8178586626788553 0.3524167752462373 0
1537 0.3524167752462424 0.8178586626788549 0
1538 -0.3935850372103717 -0.7066232054423052 0
1539 0.7066232054423065 -0.3935850372103776 0
1540 -0.7066232054421915 0.3935850372104979 0
1541 0.3935850372105041 0.7066232054421927 0
1542 -0.772788877544489 -0.3711122755642328 0
1543 -0.3711122755642349 0.7727888775444884 0
1544 0.3711122755642625 -0.7727888775443631 0
1545 0.7727888775443641 0.3711122755642613 0
1546 -0.6064839448158897 -0.6075343176780087 0
1547 0.6075343176780486 -0.606483944815926 0
1548 -0.6075343176779833 0.6064839448158801 0
1549 0.6064839448159157 0.6075343176780214 0
1550 -0.3845989366521732 -0.9013042376343827 0
1551 0.9013042376343856 -0.3845989366521765 0
1552 -0.9015293750262561 -0.3855452039621966 0
1553 -0.3855452039621924 0.9015293750262545 0
1554 -0.9013042376344208 0.3845989366520476 0
1555 0.3845989366520514 0.9013042376344231 0
1556 0.3855452039620975 -0.9015293750263097 0
1557 0.901529375026308 0.3855452039620926 0
1558 0.01879981672724544 -0.7608183378734262 0
1559 0.7608183378734203 0.01879981672723197 0
1560 -0.3703482014837765 -0.775320570064672 0
1561 0.7753205700646796 -0.3703482014837792 0
1562 -0.7753205700644167 0.3703482014839508 0
1563 0.3703482014839534 0.775320570064425 0
1564 -0.4370603180369158 -0.8003841541846836 0
1565 0.8003841541846857 -0.4370603180369179 0
1566 -0.8003841541846436 0.4370603180369225 0
1567 0.4370603180369249 0.8003841541846461 0
1568 -0.4240203962269468 -0.8501325784299203 0
1569 0.8501325784299241 -0.4240203962269462 0
1570 -0.8501325784298311 0.424020396226822 0
1571 0.4240203962268224 0.8501325784298351 0
1572 -0.9618768095697834 0.1499999999976423 0
1573 0.1499999999976423 0.9618768095697845 0
1574 0.1499999999976423 -0.9618768095701355 0
1575 0.9618768095701357 0.1499999999976423 0
1576 -0.4643774728157105 -0.5945682067922392 0
1577 0.5945682067922531 -0.4643774728157289 0
1578 -0.5945682067922502 0.4643774728157102 0
1579 0.4643774728157289 0.5945682067922635 0
1580 -0.3608593846926743 -0.4569046229759962 0
1581 0.4569046229759922 -0.360859384692662 0
1582 -0.4569046229760019 0.3608593846926751 0
1583 0.3608593846926645 0.4569046229759976 0
1584 -0.7343417543660204 -0.476093938800821 0
1585 -0.4760939388008237 0.7343417543660199 0
1586 0.4760939388008075 -0.7343417543660509 0
1587 0.7343417543660502 0.4760939388008098 0
1588 -0.9567852391861802 -0.4374133216637884 0
1589 -0.4374133216637777 0.9567852391861813 0
1590 0.4374133216632827 -0.9567852391862937 0
1591 0.9567852391862945 0.4374133216632703 0
1592 -0.4377445701620575 -0.9572106202621842 0
1593 0.9572106202621871 -0.4377445701620536 0
1594 -0.9572106202623014 0.4377445701615449 0
1595 0.4377445701615414 0.9572106202623041 0
1596 -0.8223642678937961 -0.8287054706916572 0
1597 -0.8336404654348477 0.8205844716027535 0
1598 0.8223642678937557 0.8287054706916417 0
1599 -0.2259437906591393 -0.6574443791769881 0
1600 0.6574443791769883 -0.2259437906591489 0
1601 -0.6574411787859902 0.2258492920369263 0
1602 0.2258492920369369 0.6574411787859902 0
1603 -0.8212519292879166 0.8839736330556539 0
1604 0.8845593868586321 -0.8197785884284027 0
1605 -0.8351422894417502 -0.7527164955717965 0
1606 -0.7526831053834467 0.8357224028509329 0
1607 0.8351422894417529 0.7527164955717488 0
1608 -0.4599819415993677 -0.73493769676855 0
1609 0.7349376967685589 -0.4599819415993645 0
1610 -0.7349376967685304 0.4599819415995163 0
1611 0.4599819415995127 0.734937696768539 0
1612 -0.6517427664358199 -0.8698639324448229 0
1613 0.8658550283351421 -0.6648677419097765 0
1614 -0.8698639324446891 0.6517427664358418 0
1615 0.6517427664358206 0.8698639324447065 0
1616 -0.532509463859536 -0.220035606229219 0
1617 -0.220035606229221 0.5325094638595358 0
1618 0.2200356062292407 -0.5325094638595345 0
1619 0.5325094638595341 0.2200356062292406 0
1620 -0.832827079053772 -0.8966515780073343 0
1621 0.832827079053768 0.8966515780073167 0
1622 -0.3030707607298223 -0.3976923641918715 0
1623 0.3976923641918694 -0.3030707607298185 0
1624 -0.3976923641918744 0.303070760729822 0
1625 0.3030707607298197 0.3976923641918721 0
1626 -0.3023470573211139 -0.5224298706176262 0
1627 0.5224298706176224 -0.3023470573211041 0
1628 -0.5224298706176316 0.3023470573211113 0
1629 0.3023470573211031 0.5224298706176275 0
1630 -0.4390292510079512 -0.3004172474316708 0
1631 -0.3004172474316734 0.4390292510079497 0
1632 0.3004172474316772 -0.4390292510079493 0
1633 0.439029251007948 0.3004172474316792 0
1634 -0.4734250293927057 -0.3478581350561608 0
1635 -0.3478581350561635 0.4734250293927047 0
1636 0.3478581350561797 -0.4734250293927049 0
1637 0.473425029392704 0.3478581350561809 0
1638 -0.6531074144520197 -0.3776072314274111 0
1639 -0.3776072314274129 0.6531074144520194 0
1640 0.3776072314274413 -0.6531074144520362 0
1641 0.6531074144520361 0.3776072314274408 0
1642 -0.5692486443696171 -0.8944148738493621 0
1643 0.8944148738493753 -0.5692486443696024 0
1644 -0.8944148738492161 0.5692486443694555 0
1645 0.5692486443694418 0.8944148738492278 0
1646 -0.8444515225369134 -0.4176513620327358 0
1647 -0.4176513620327348 0.8444515225369128 0
1648 0.4176513620326112 -0.844451522536807 0
1649 0.8444515225368058 0.4176513620326111 0
1650 0.2086061611084661 -0.7827351705798511 0
1651 0.7827351705798489 0.2086061611084591 0
1652 0.1531291473545588 -0.7344204693363242 0
1653 0.7344204693363229 0.1531291473545512 0
1654 -0.3896383173010451 -0.6252353842751082 0
1655 0.6252353842750983 -0.3896383173010503 0
1656 -0.6252353842751091 0.3896383173010806 0
1657 0.3896383173010863 0.6252353842750993 0
1658 -0.420659935231653 -0.5808601171520091 0
1659 0.5808601171520104 -0.4206599352316636 0
1660 -0.5808601171520203 0.4206599352316518 0
1661 0.4206599352316627 0.580860117152022 0
1662 -0.1821504786099918 -0.4547105312112374 0
1663 0.4547105312112312 -0.1821504786099914 0
1664 -0.4547105312112371 0.1821504786099919 0
1665 0.1821504786099922 0.4547105312112306 0
1666 -0.2977441118488352 -0.6442693846504024 0
1667 0.6442693846503971 -0.2977441118488484 0
1668 -0.6442693846503931 0.297744111848848 0
1669 0.2977441118488614 0.6442693846503874 0
1670 -0.9550799702497491 -0.5649832974842939 0
1671 -0.5649832974842753 0.9550799702497541 0
1672 -0.5636168079656186 -0.9539894995552602 0
1673 0.5649832974838047 -0.9550799702495159 0
1674 0.9539894995552649 -0.5636168079656051 0
1675 0.9550799702495207 0.5649832974837858 0
1676 -0.9539894995550415 0.5636168079650971 0
1677 0.5636168079650838 0.9539894995550462 0
1678 -0.4036643220455762 -0.3821876514412476 0
1679 -0.3821876514412515 0.4036643220455751 0
1680 0.3821876514412422 -0.4036643220455733 0
1681 0.4036643220455726 0.3821876514412461 0
1682 0.8255719831365935 -0.8275282742632866 0
1683 -0.2482333290046671 -0.8612300334985563 0
1684 0.8612300334985565 -0.2482333290046741 0
1685 -0.8612300334989345 -0.2482333290019431 0
1686 -0.2482333290019371 0.8612300334989322 0
1687 -0.861113806394305 0.2481271090759091 0
1688 0.2481271090759153 0.8611138063943061 0
1689 0.2482221740203965 -0.8622518151075151 0
1690 0.8622518151075135 0.2482221740203904 0
1691 -0.8564543521415932 -0.5213995425668403 0
1692 -0.5213995425668243 0.856454352141611 0
1693 0.521399542566781 -0.8564543521413907 0
1694 0.8564543521414067 0.5213995425667641 0
1695 -0.259799530136148 -0.3525476537723439 0
1696 0.3525476537723432 -0.2597995301361463 0
1697 -0.3525476537723443 0.2597995301361477 0
1698 0.2597995301361469 0.3525476537723433 0
1699 0.8390986242331683 -0.7397717973093033 0
1700 -0.05282334054357396 0.4222379825396694 0
1701 0.4222379825396703 0.05282334054357649 0
1702 -0.4222379825396682 -0.05282334054357431 0
1703 0.05282334054357708 -0.4222379825396692 0
1704 -0.4703877671081719 -0.4203235521247288 0
1705 -0.420323552124732 0.4703877671081707 0
1706 0.4203235521247454 -0.47038776710816 0
1707 0.4703877671081593 0.4203235521247467 0
1708 0.7463425491031859 -0.9154563885129652 0
1709 0.7364795262115567 -0.8391440752154967 0
1710 -0.7605800745257881 -0.02099641162844573 0
1711 -0.0209964116284303 0.7605800745257818 0
1712 0.03314260796026472 -0.7109992907617959 0
1713 0.7109992907617961 0.03314260796026021 0
1714 -0.1670399903593534 -0.4065002575718906 0
1715 0.4065002575718893 -0.1670399903593526 0
1716 -0.4065002575718907 0.1670399903593531 0
1717 0.1670399903593527 0.4065002575718892 0
1718 -0.6829470020779852 -0.1838425459463477 0
1719 -0.1838425459463486 0.682947002077982 0
1720 0.1831580217940269 -0.6844148586272086 0
1721 0.6844148586272065 0.1831580217940275 0
1722 -0.6159928209051428 -0.1145647540792882 0
1723 -0.1145647540792915 0.6159928209051416 0
1724 0.114564754079304 -0.6159928209051331 0
1725 0.6159928209051322 0.114564754079306 0
1726 -0.0771685194579428 -0.5610654360959499 0
1727 0.5610654360959538 -0.07716851945795167 0
1728 -0.5610654360959446 0.07716851945794885 0
1729 0.07716851945795794 0.5610654360959489 0
1730 -0.7613628764348667 -0.516160250047438 0
1731 -0.5161602500474385 0.7613628764348661 0
1732 0.5161602500474297 -0.7613628764348961 0
1733 0.7613628764348951 0.5161602500474283 0
1734 -0.7227931317392853 0.1179781016199518 0
1735 0.1179781016199706 0.7227931317392813 0
1736 -0.7627221575584152 0.08389479059520555 0
1737 0.08389479059521343 0.7627221575584149 0
1738 -0.341012379068424 -0.3465119317698634 0
1739 -0.3465119317698667 0.341012379068423 0
1740 0.3465119317698653 -0.3410123790684215 0
1741 0.341012379068421 0.3465119317698682 0
1742 -0.4843958713923145 -0.09498758679864669 0
1743 -0.09498758679864661 0.4843958713923164 0
1744 0.09498758679866129 -0.4843958713923137 0
1745 0.4843958713923156 0.09498758679866001 0
1746 -0.01720435360498232 0.4796985192867947 0
1747 -0.4796985192867918 -0.01720435360498275 0
1748 0.4796985192867998 0.01720435360498992 0
1749 0.01720435360499079 -0.4796985192867975 0
1750 -0.5954057710513503 -0.403105115822382 0
1751 -0.4031051158223851 0.5954057710513486 0
1752 0.4031051158223957 -0.5954057710513594 0
1753 0.5954057710513576 0.4031051158223969 0
1754 -0.9137679142190375 0.190728487735729 0
1755 0.1907284877357354 0.9137679142190375 0
1756 0.1907284877330724 -0.9137679142194395 0
1757 0.913767914219439 0.1907284877330664 0
1758 -0.5461429620737894 -0.4380004476789559 0
1759 -0.4380004476789626 0.5461429620737863 0
1760 0.4380004476789362 -0.5461429620738134 0
1761 0.5461429620738094 0.4380004476789421 0
1762 -0.6527817875833914 -0.3001135712667434 0
1763 -0.3001135712667446 0.652781787583391 0
1764 0.3001135712667594 -0.6527817875833961 0
1765 0.6527817875833972 0.3001135712667601 0
1766 -0.3902625400276045 -0.1907877302748335 0
1767 -0.1907877302748336 0.3902625400276046 0
1768 0.1907877302748341 -0.3902625400276056 0
1769 0.3902625400276056 0.190787730274834 0
1770 0.790247774172668 -0.7633608802582059 0
1771 -0.6417917531545491 -0.243667881130274 0
1772 -0.2436678811302752 0.6417917531545477 0
1773 0.2436678811302862 -0.6417917531545277 0
1774 0.641791753154527 0.2436678811302865 0
1775 -0.05745538554044141 -0.4275196304983773 0
1776 0.4275196304983777 -0.05745538554044147 0
1777 -0.427519630498375 0.0574553855404422 0
1778 0.05745538554044217 0.4275196304983757 0
1779 -0.08266115586280172 0.9668454688863762 0
1780 -0.9668454688863788 -0.08266115586280501 0
1781 -0.08266115586365735 -0.9668454688868457 0
1782 0.9668454688868469 -0.08266115586366055 0
1783 -0.735733745769475 -0.8418095039776496 0
1784 -0.8418095039776052 0.7357337457694713 0
1785 0.735733745769462 0.8418095039776278 0
1786 -0.4989534654020408 -0.2763361901667051 0
1787 -0.2763361901667073 0.4989534654020402 0
1788 0.276336190166724 -0.498953465402036 0
1789 0.4989534654020354 0.2763361901667246 0
1790 -0.7084138415050788 -0.03124110209654007 0
1791 -0.03124110209653492 0.7084138415050775 0
1792 -0.7299245724760915 -0.6176444566406841 0
1793 -0.6176444566407081 0.7299245724760945 0
1794 0.617644456640502 -0.7299245724760373 0
1795 0.7299245724760399 0.6176444566405254 0
1796 -0.7836956538931809 -0.423434667938398 0
1797 -0.4234346679383966 0.78369565389318 0
1798 0.4234346679383642 -0.7836956538931211 0
1799 0.7836956538931213 0.4234346679383632 0
1800 -0.9264220089621426 -0.4339103401952013 0
1801 -0.4339103401951926 0.9264220089621426 0
1802 0.4339103401949828 -0.9264220089620825 0
1803 0.9264220089620813 0.433910340194973 0
1804 -0.4366580567982005 -0.9201273029719996 0
1805 0.9201273029719997 -0.4366580567981976 0
1806 -0.9201273029719335 0.4366580567980315 0
1807 0.4366580567980289 0.9201273029719327 0
1808 -0.1458780776064937 -0.9691644477551902 0
1809 0.9691644477551896 -0.145878077606495 0
1810 -0.9691644477553627 -0.1458780776059473 0
1811 -0.1458780776059455 0.9691644477553623 0
1812 -0.09604980058543211 -0.753366509109018 0
1813 0.7533665091090178 -0.0960498005854494 0
1814 -0.8164557376864262 0.03290892642428602 0
1815 0.0329089264242941 0.8164557376864227 0
1816 0.02891296724640725 -0.8144281570070904 0
1817 0.814428157007087 0.02891296724639738 0
1818 0.08523099381007261 -0.7755332226263115 0
1819 0.7755332226263083 0.08523099381006488 0
1820 0.8140680653916319 -0.8741622483848451 0
1821 -0.7216476644104208 -0.6720793231822684 0
1822 0.6720793231822644 -0.7216476644102652 0
1823 -0.672079323182235 0.7216476644104612 0
1824 0.721647664410306 0.6720793231822295 0
1825 -0.5089525505130806 -0.8670787192119846 0
1826 0.8670787192119979 -0.5089525505130703 0
1827 -0.8670787192117934 0.5089525505129971 0
1828 0.5089525505129867 0.8670787192118066 0
1829 -0.1204930476800686 -0.7230417011073161 0
1830 0.7230417011073121 -0.1204930476800874 0
1831 -0.149635030254825 -0.9069863750733337 0
1832 0.9069863750733334 -0.1496350302548293 0
1833 -0.9069863750733609 -0.1496350302531854 0
1834 -0.1496350302531809 0.9069863750733586 0
1835 -0.003033340883835422 -0.8342452541245867 0
1836 0.8342452541245833 -0.003033340883844745 0
1837 -0.8322699705895735 0.004976586764697734 0
1838 0.004976586764707058 0.8322699705895691 0
1839 -0.841753078104869 -0.7119827808263449 0
1840 -0.7116392629711785 0.8419108510642566 0
1841 0.8417530781048255 0.7119827808262671 0
1842 -0.6743142209343391 -0.2322674829195265 0
1843 -0.2322674829195271 0.674314220934337 0
1844 0.2324965672294505 -0.6741022486861219 0
1845 0.6741022486861208 0.2324965672294502 0
1846 -0.9646919501996585 -0.2524548178183088 0
1847 -0.2524548178183036 0.9646919501996587 0
1848 -0.2524548178202987 -0.9646919501992748 0
1849 0.9646919501992745 -0.2524548178203028 0
1850 -0.5623389652828428 -0.3494458360808789 0
1851 -0.349445836080881 0.5623389652828421 0
1852 0.3494458360809036 -0.5623389652828444 0
1853 0.5623389652828445 0.3494458360809033 0
1854 -0.4815922832002316 -0.8112703021744277 0
1855 0.8112703021744374 -0.4815922832002281 0
1856 -0.8112703021743202 0.4815922832002575 0
1857 0.4815922832002559 0.8112703021743303 0
1858 0.2111498115718972 -0.7493836222424212 0
1859 0.7493836222424185 0.2111498115718924 0
1860 -0.5871290571525782 -0.07458243003094539 0
1861 -0.07458243003094757 0.5871290571525789 0
1862 0.07458243003096192 -0.5871290571525778 0
1863 0.5871290571525787 0.07458243003096293 0
1864 -0.7764326849976174 -0.783417756106121 0
1865 -0.7834177561060893 0.776432684997631 0
1866 0.7764326849976609 0.7834177561061086 0
1867 0.06684731679521544 -0.8346813165859638 0
1868 0.8346813165859592 0.0668473167952069 0
1869 -0.8358799036420421 0.06753409322591257 0
1870 0.06753409322592302 0.835879903642039 0
1871 -0.0285684652442208 -0.544041127514622 0
1872 0.5440411275146289 -0.02856846524422707 0
1873 -0.5440411275146126 0.02856846524422545 0
1874 0.02856846524423139 0.5440411275146207 0
1875 -0.06880763595667753 -0.4862706978843235 0
1876 0.4862706978843236 -0.06880763595667772 0
1877 -0.486270697884321 0.06880763595668117 0
1878 0.06880763595668134 0.4862706978843214 0
1879 0.963659578729394 0.0156293466143502 0
1880 0.01562934661435688 -0.9636595787293938 0
1881 -0.9636595787289832 0.01562934661615216 0
1882 0.01562934661615857 0.9636595787289819 0
1883 -0.9076772196900693 -0.8811290035304878 0
1884 0.8826226359690903 -0.9071995180122668 0
1885 -0.9071242073472925 0.8824870222840642 0
1886 0.9076772196901206 0.8811290035305457 0
1887 -0.8714099721068556 -0.826838195786053 0
1888 0.8714099721068604 0.8268381957860148 0
1889 -0.9217127664897107 -0.5567803649570132 0
1890 -0.5567803649569929 0.9217127664897179 0
1891 0.5567803649568367 -0.9217127664894803 0
1892 0.9217127664894876 0.5567803649568147 0
1893 -0.7953466130912872 -0.2215527346220014 0
1894 -0.2215527346219933 0.7953466130912848 0
1895 -0.03060037851313386 -0.5017320174819415 0
1896 0.5017320174819386 -0.03060037851313265 0
1897 -0.5017320174819362 0.03060037851313701 0
1898 0.03060037851313581 0.5017320174819335 0
1899 -0.8528305204974054 0.1482941489801367 0
1900 0.1482941489801454 0.8528305204974012 0
1901 0.1488041611024981 -0.8531282803326564 0
1902 0.8531282803326541 0.1488041611024917 0
1903 -0.6036370427718705 -0.7286447813743391 0
1904 0.7286447813743682 -0.6036370427718512 0
1905 -0.7286447813742211 0.6036370427719453 0
1906 0.603637042771925 0.7286447813742499 0
1907 0.152751186524863 -0.7897499254388244 0
1908 0.7897499254388214 0.1527511865248548 0
1909 -0.7481215711136752 0.2163654842629195 0
1910 0.2163654842629296 0.7481215711136712 0
1911 -0.2218196177775877 -0.7955060458850429 0
1912 0.7955060458850411 -0.2218196177776015 0
1913 -0.2164876456637676 -0.7480520247978396 0
1914 0.7480520247978362 -0.2164876456637788 0
1915 -0.9629557944085256 -0.4930740761201151 0
1916 -0.4930740761200986 0.962955794408531 0
1917 -0.4914932676745812 -0.9640423156785748 0
1918 0.9640423156785805 -0.4914932676745691 0
1919 0.4930740761196676 -0.962955794408157 0
1920 0.9629557944081633 0.4930740761196497 0
1921 -0.9640423156781655 0.4914932676744151 0
1922 0.4914932676744035 0.9640423156781712 0
1923 -0.7552645238867968 -0.09624524819786384 0
1924 -0.09624524819785292 0.7552645238867884 0
1925 -0.747996672516461 -0.2165848745679743 0
1926 -0.216584874567968 0.7479966725164593 0
1927 -0.5566231740254073 -0.673953145858689 0
1928 0.6739531458587128 -0.5566231740254158 0
1929 -0.6739531458586436 0.5566231740254372 0
1930 0.5566231740254445 0.6739531458586664 0
1931 -0.7630002508844103 -0.8529329291385568 0
1932 -0.8532870870703804 0.7629187880730774 0
1933 0.7630002508843911 0.8529329291385506 0
1934 0.8053619225985307 -0.6939532988178621 0
1935 -0.3546902115715961 -0.6920907254630877 0
1936 0.6920907254630875 -0.3546902115716018 0
1937 -0.6920907254629991 0.3546902115716877 0
1938 0.3546902115716942 0.6920907254629989 0
1939 -0.8615353790802738 -0.4487521678635889 0
1940 -0.4487521678635852 0.8615353790802754 0
1941 0.4487521678634107 -0.8615353790802152 0
1942 0.8615353790802175 0.448752167863407 0
1943 -0.5523750129049593 -0.07860351645241123 0
1944 -0.07860351645241516 0.552375012904961 0
1945 0.07860351645243008 -0.5523750129049598 0
1946 0.5523750129049615 0.07860351645243263 0
1947 -0.1957584804270539 0.9637983527920426 0
1948 -0.9637983527920431 -0.195758480427063 0
1949 -0.1957584804297147 -0.9637983527916392 0
1950 0.9637983527916387 -0.195758480429721 0
1951 -0.795630505031671 0.2220652618922367 0
1952 0.2220652618922494 0.7956305050316679 0
1953 -0.1620967599202308 -0.6433363225838959 0
1954 0.6433363225838987 -0.1620967599202361 0
1955 -0.6422691171353987 0.1615840692107322 0
1956 0.1615840692107374 0.642269117135405 0
1957 -0.5724348718845567 -0.6168824161194129 0
1958 0.6168824161194503 -0.5724348718845903 0
1959 -0.6168824161194071 0.5724348718845677 0
1960 0.5724348718846 0.6168824161194426 0
1961 -0.3461319576605282 -0.6540618613192926 0
1962 0.6540618613192787 -0.3461319576605247 0
1963 -0.6540618613192561 0.3461319576606832 0
1964 0.3461319576606813 0.6540618613192427 0
1965 -0.5440079645572391 -0.7984915672968148 0
1966 0.7984915672968348 -0.5440079645572291 0
1967 -0.79849156729663 0.5440079645572633 0
1968 0.5440079645572523 0.7984915672966512 0
1969 -0.6217403347002158 -0.1869627544489198 0
1970 -0.1869627544489207 0.6217403347002142 0
1971 0.1869627544489222 -0.6217403347001725 0
1972 0.6217403347001715 0.1869627544489229 0
1973 -0.1273153505511051 -0.5578674008735069 0
1974 0.5578674008735034 -0.1273153505511151 0
1975 -0.5578674008734977 0.1273153505510956 0
1976 0.1273153505511066 0.5578674008734941 0
1977 -0.03573071150076115 -0.7802272733167318 0
1978 0.7802272733167237 -0.03573071150076937 0
1979 0.8454277815897464 -0.7150311161739917 0
1980 -0.1848811546479537 -0.8400055772732387 0
1981 0.8400055772732377 -0.1848811546479645 0
1982 -0.8397800564038743 -0.1843858373683944 0
1983 -0.1843858373683867 0.8397800564038713 0
1984 -0.5509080100283619 -0.9251123196792495 0
1985 0.9251123196792569 -0.550908010028346 0
1986 -0.9251123196790257 0.550908010028145 0
1987 0.5509080100281296 0.9251123196790334 0
1988 -0.775098233954932 -0.6879382549304529 0
1989 -0.6879382549304173 0.7750982339549719 0
1990 0.688580499103055 -0.7758043396095921 0
1991 0.77509823395487 0.6879382549304162 0
1992 -0.7952936690330251 -0.6270648253018289 0
1993 -0.6270648253018122 0.7952936690330393 0
1994 0.6270648253018196 -0.7952936690329068 0
1995 0.7952936690329206 0.627064825301802 0
1996 -0.9124702521157451 -0.3200105953596169 0
1997 -0.3200105953596116 0.9124702521157438 0
1998 -0.3200088226380025 -0.9124739459341593 0
1999 0.9124739459341611 -0.3200088226380073 0
2000 0.320010595359332 -0.9124702521155328 0
2001 0.9124702521155308 0.3200105953593267 0
2002 -0.9124739459339466 0.3200088226377205 0
2003 0.320008822637724 0.912473945933948 0
2004 -0.193529916964699 -0.9057286556220848 0
2005 0.9057286556220843 -0.1935299169647054 0
2006 -0.9057286556223104 -0.1935299169621909 0
2007 -0.1935299169621848 0.9057286556223085 0
2008 -0.6945393302030805 -0.3013118136974364 0
2009 -0.301311813697436 0.6945393302030817 0
2010 0.3013118136973967 -0.6945393302030853 0
2011 0.6945393302030873 0.3013118136973948 0
2012 0.730190208608902 -0.7782419467297422 0
2013 -0.3497313426351735 -0.5843760127469655 0
2014 0.5843760127469537 -0.3497313426351801 0
2015 -0.5843760127469677 0.3497313426351776 0
2016 0.349731342635185 0.5843760127469558 0
2017 -0.01551716571120286 -0.4336004777030281 0
2018 0.4336004777030281 -0.01551716571120292 0
2019 -0.4336004777030259 0.0155171657112054 0
2020 0.0155171657112053 0.4336004777030261 0
2021 -0.4967114255975767 -0.1617606107499114 0
2022 -0.161760610749913 0.4967114255975768 0
2023 0.1617606107499296 -0.4967114255975815 0
2024 0.4967114255975813 0.1617606107499298 0
2025 -0.5851723789144631 -0.2460114172379474 0
2026 -0.2460114172379493 0.5851723789144623 0
2027 0.2460114172379695 -0.5851723789144602 0
2028 0.5851723789144602 0.2460114172379695 0
2029 -0.2084710761687623 -0.8676248536177998 0
2030 0.8676248536177993 -0.2084710761687702 0
2031 -0.8675872668064371 -0.2083885232866383 0
2032 -0.2083885232866318 0.8675872668064348 0
2033 -0.4573046081741672 -0.2201033685120874 0
2034 -0.2201033685120886 0.4573046081741668 0
2035 0.2201033685120968 -0.4573046081741653 0
2036 0.4573046081741651 0.2201033685120971 0
2037 -0.3264498239048854 -0.7434966590954832 0
2038 0.7434966590954849 -0.3264498239048934 0
2039 -0.7434966590954124 0.3264498239049547 0
2040 0.3264498239049631 0.7434966590954144 0
2041 -0.5790128454324419 -0.2774789818541089 0
2042 -0.2774789818541104 0.5790128454324414 0
2043 0.2774789818541325 -0.5790128454324444 0
2044 0.5790128454324442 0.2774789818541321 0
2045 -0.08915852681207047 -0.9299347077214107 0
2046 0.9299347077214132 -0.08915852681208178 0
2047 -0.9299347077204252 -0.08915852680905985 0
2048 -0.08915852680904872 0.9299347077204202 0
2049 -0.2981719449804817 -0.8061749588984105 0
2050 0.8061749588984094 -0.29817194498049 0
2051 -0.80619574364789 0.2982262960887823 0
2052 0.2982262960887909 0.8061957436478884 0
2053 -0.6028245289551477 0.009804745394641937 0
2054 -0.00986272254099434 -0.602803341080142 0
2055 0.009804745394643854 0.6028245289551555 0
2056 0.6028033410801488 -0.009862722540997543 0
2057 -0.5652610288634418 -0.5072923234798155 0
2058 0.5072923234798241 -0.5652610288634753 0
2059 -0.5072923234798192 0.5652610288634377 0
2060 0.5652610288634702 0.507292323479826 0
2061 -0.9239099843456249 -0.2501045082112245 0
2062 -0.250104508211218 0.923909984345624 0
2063 -0.2501045082139854 -0.9239099843452401 0
2064 0.9239099843452401 -0.2501045082139912 0
2065 -0.534927045029147 -0.7091293608818801 0
2066 0.7091293608818846 -0.5349270450291377 0
2067 -0.7091293608819141 0.5349270450292174 0
2068 0.5349270450292073 0.7091293608819171 0
2069 -0.9229403352180594 0.2506694961455481 0
2070 0.2506694961455501 0.9229403352180621 0
2071 0.2506694961432104 -0.9229403352177626 0
2072 0.9229403352177611 0.250669496143204 0
2073 -0.1805192231379535 -0.5166813209793806 0
2074 0.5166813209793792 -0.1805192231379592 0
2075 -0.5166813209793562 0.1805192231379285 0
2076 0.1805192231379351 0.5166813209793548 0
2077 -0.7416427598266752 -0.3299792316272985 0
2078 -0.3299792316272985 0.7416427598266762 0
2079 0.3299792316272719 -0.741642759826597 0
2080 0.7416427598265978 0.3299792316272697 0
2081 -0.9650251214610891 -0.5979250502463959 0
2082 -0.5979250502463723 0.9650251214610943 0
2083 0.5979250502462101 -0.9650251214608941 0
2084 0.9650251214608992 0.5979250502461876 0
2085 -0.5979250502480976 -0.9650251214611993 0
2086 0.9650251214612032 -0.5979250502480801 0
2087 -0.9650251214610058 0.5979250502479063 0
2088 0.5979250502478909 0.9650251214610104 0
2089 -0.882448813950319 -0.001020327054248411 0
2090 -0.001020327054236437 0.8824488139503174 0
2091 -0.0004870603068322251 -0.8827464155385715 0
2092 0.8827464155385701 -0.0004870603068425031 0
2093 -0.2951462333094009 -0.5785745190916591 0
2094 0.5785745190916505 -0.2951462333093906 0
2095 -0.5785745190916673 0.2951462333093972 0
2096 0.2951462333093887 0.5785745190916585 0
2097 -0.1985103313670436 -0.3844612475652909 0
2098 0.3844612475652896 -0.1985103313670434 0
2099 -0.3844612475652912 0.1985103313670436 0
2100 0.1985103313670439 0.3844612475652898 0
2101 0.7049565644111961 -0.8464757269286842 0
2102 0.7928685433901448 -0.8151746734204357 0
2103 -0.8060172561813155 -0.2979114650705724 0
2104 -0.2979114650705683 0.8060172561813173 0
2105 0.2993036633367716 -0.8059792625577038 0
2106 0.8059792625577031 0.2993036633367668 0
2107 -0.792725421623163 -0.03900541508130589 0
2108 -0.03900541508129622 0.7927254216231585 0
2109 -0.2368171116293602 -0.4286579494222336 0
2110 0.4286579494222297 -0.236817111629359 0
2111 -0.428657949422235 0.2368171116293602 0
2112 0.2368171116293601 0.4286579494222308 0
2113 -0.1316052395522307 -0.4704263888421758 0
2114 0.4704263888421758 -0.1316052395522314 0
2115 -0.4704263888421683 0.1316052395522292 0
2116 0.1316052395522301 0.4704263888421679 0
2117 -0.4132445990437794 -0.1228581480486891 0
2118 -0.1228581480486881 0.4132445990437805 0
2119 0.1228581480486934 -0.4132445990437771 0
2120 0.4132445990437783 0.1228581480486921 0
2121 -0.5049001026651354 -0.1986896342360006 0
2122 -0.1986896342360019 0.5049001026651361 0
2123 0.1986896342360113 -0.5049001026651443 0
2124 0.5049001026651438 0.198689634236011 0
2125 -0.597532812908086 -0.4876586723842941 0
2126 0.4876586723843133 -0.597532812908077 0
2127 -0.4876586723842962 0.597532812908086 0
2128 0.5975328129080766 0.4876586723843137 0
2129 -0.3003648576570648 -0.6986279659018747 0
2130 0.6986279659018755 -0.3003648576570777 0
2131 -0.6986279659018503 0.3003648576570954 0
2132 0.3003648576571085 0.6986279659018502 0
2133 -0.9681754041484472 0.2855728200273875 0
2134 0.285572820027389 0.9681754041484478 0
2135 0.2855728200263085 -0.9681754041485745 0
2136 0.9681754041485736 0.2855728200263062 0
2137 -0.6621639440277516 -0.1567184412722872 0
2138 -0.1567184412722878 0.6621639440277498 0
2139 0.1465346478372383 -0.6615063279483906 0
2140 0.6615063279483896 0.1465346478372395 0
2141 -0.5901251270217264 -0.6761173310378733 0
2142 0.6761173310379028 -0.5901251270217389 0
2143 -0.6761173310377658 0.5901251270217522 0
2144 0.5901251270217639 0.6761173310377948 0
2145 -0.7816053876476567 -0.1538604080003086 0
2146 -0.1538604080003007 0.7816053876476521 0
2147 -0.8646965019965231 -0.6403864942658187 0
2148 -0.6403864942657923 0.8646965019965387 0
2149 0.6403864942658022 -0.8646965019963397 0
2150 0.8646965019963533 0.6403864942657737 0
2151 -0.562798924695082 -0.5512552169369538 0
2152 -0.5512552169369559 0.5627989246950743 0
2153 0.5512552169369817 -0.5627989246951201 0
2154 0.5627989246951117 0.5512552169369817 0
2155 0.1868760986127903 -0.8379958062313619 0
2156 0.8379958062313599 0.1868760986127818 0
2157 -0.8366224819817261 0.1865029311362214 0
2158 0.1865029311362303 0.8366224819817247 0
2159 -0.4113930866921566 -0.6750805546395563 0
2160 0.6750805546395592 -0.4113930866921589 0
2161 -0.6750805546395537 0.4113930866922508 0
2162 0.4113930866922538 0.6750805546395562 0
2163 0.2130893104338119 -0.864543438980777 0
2164 0.8645434389807767 0.2130893104338053 0
2165 -0.8645434389805493 0.2130893104366989 0
2166 0.2130893104367045 0.8645434389805475 0
2167 -0.6052707773875439 -0.0465055926313844 0
2168 -0.04650559263138638 0.6052707773875473 0
2169 0.04650559263140121 -0.6052707773875472 0
2170 0.6052707773875505 0.04650559263140192 0
2171 -0.8190741540260225 -0.5343208893319328 0
2172 -0.5343208893319282 0.8190741540260272 0
2173 0.5343208893318828 -0.819074154025986 0
2174 0.8190741540259905 0.5343208893318766 0
2175 -0.1536282394628961 -0.7813777756321559 0
2176 0.7813777756321542 -0.1536282394629119 0
2177 -0.6027209152454992 -0.5583528219808671 0
2178 -0.558352821980852 0.6027209152454732 0
2179 0.5583528219809157 -0.6027209152455287 0
2180 0.6027209152455028 0.5583528219808986 0
2181 -0.9084670533881856 -0.4982670968261326 0
2182 -0.4982670968261199 0.9084670533881944 0
2183 0.4982670968260413 -0.9084670533880159 0
2184 0.9084670533880255 0.4982670968260263 0
2185 -0.5042944156718497 -0.91940905938407 0
2186 0.9194090593840785 -0.5042944156718389 0
2187 -0.9194090593837571 0.5042944156715793 0
2188 0.5042944156715687 0.919409059383766 0
2189 -0.7026029235017802 -0.3663009151324598 0
2190 -0.3663009151324604 0.7026029235017811 0
2191 0.3663009151324496 -0.7026029235017274 0
2192 0.7026029235017277 0.3663009151324482 0
2193 -0.5631868758318783 -0.1910788145484163 0
2194 -0.1910788145484182 0.5631868758318777 0
2195 0.191078814548431 -0.5631868758318592 0
2196 0.5631868758318589 0.1910788145484311 0
2197 -0.7810086712933202 0.1586129306591718 0
2198 0.1586129306591863 0.7810086712933175 0
2199 -0.8380335111027246 0.914218503583244 0
2200 0.9142185035835299 -0.8380335111033724 0
2201 -0.2677630091444487 -0.3850371153041319 0
2202 0.3850371153041297 -0.2677630091444464 0
2203 -0.3850371153041331 0.2677630091444487 0
2204 0.2677630091444475 0.3850371153041307 0
2205 -0.3462077732680596 -0.4011071322995642 0
2206 0.4011071322995652 -0.3462077732680577 0
2207 -0.4011071322995685 0.3462077732680587 0
2208 0.3462077732680577 0.4011071322995692 0
2209 -0.3798593740452377 -0.2930366362319281 0
2210 -0.2930366362319315 0.3798593740452364 0
2211 0.2930366362319344 -0.3798593740452312 0
2212 0.3798593740452305 0.2930366362319368 0
2213 -0.2723915887263774 -0.5382652033008931 0
2214 0.538265203300893 -0.272391588726371 0
2215 -0.5382652033008986 0.272391588726375 0
2216 0.2723915887263696 0.5382652033008984 0
2217 -0.7785267105128085 -0.7255448291241825 0
2218 -0.7255448291241425 0.7785267105128405 0
2219 0.7785267105128078 0.7255448291241378 0
2220 -0.2348252438539267 -0.5039278917328609 0
2221 0.5039278917328596 -0.2348252438539252 0
2222 -0.503927891732863 0.2348252438539196 0
2223 0.2348252438539193 0.5039278917328618 0
2224 -0.5325870043736963 -0.3714559576009517 0
2225 -0.3714559576009543 0.5325870043736958 0
2226 0.3714559576009758 -0.5325870043736962 0
2227 0.5325870043736958 0.3714559576009769 0
2228 -0.4175624411718955 -0.2452226977615577 0
2229 -0.2452226977615592 0.4175624411718946 0
2230 0.245222697761562 -0.4175624411718913 0
2231 0.4175624411718908 0.2452226977615631 0
2232 0.05946752363704473 -0.920688210170276 0
2233 0.9206882101702761 0.05946752363703604 0
2234 -0.9206882101699705 0.05946752363986655 0
2235 0.05946752363987729 0.9206882101699707 0
2236 -0.1120627137839099 -0.4201002660704994 0
2237 0.4201002660704996 -0.1120627137839099 0
2238 -0.4201002660704949 0.1120627137839097 0
2239 0.11206271378391 0.4201002660704949 0
2240 -0.6993550281437467 0.06700104351534207 0
2241 0.06700104351535771 0.6993550281437432 0
2242 -0.7124005014097835 -0.4223132692628104 0
2243 -0.4223132692628084 0.7124005014097849 0
2244 0.4223132692628725 -0.7124005014097942 0
2245 0.7124005014097955 0.4223132692628685 0
2246 -0.1825894215370391 -0.578542945925691 0
2247 0.5785429459256867 -0.182589421537044 0
2248 -0.5785429459256513 0.1825894215370231 0
2249 0.182589421537029 0.5785429459256468 0
2250 -0.9663105557676899 -0.7357766688591693 0
2251 -0.7357766688591427 0.9663105557676933 0
2252 0.7357766688589439 -0.9663105557676663 0
2253 -0.7357766688600188 -0.9663105557678235 0
2254 0.9663105557676691 0.7357766688589102 0
2255 0.9663105557678271 -0.7357766688599934 0
2256 -0.9663105557677993 0.7357766688597844 0
2257 0.7357766688597601 0.9663105557678031 0
2258 -0.32114922511919 -0.2855343494428343 0
2259 -0.2855343494428362 0.3211492251191894 0
2260 0.2855343494428348 -0.3211492251191895 0
2261 0.3211492251191891 0.2855343494428361 0
2262 0.1855339816069383 0.9703450358821044 0
2263 -0.970345035882104 0.1855339816069357 0
2264 0.1855339816060774 -0.9703450358822376 0
2265 0.9703450358822373 0.1855339816060756 0
2266 -0.8424972390709711 -0.2832661386071757 0
2267 -0.2832661386071703 0.8424972390709704 0
2268 -0.2832994442657428 -0.8425206796107011 0
2269 0.8425206796107013 -0.2832994442657497 0
2270 0.2834064569821835 -0.84259547419512 0
2271 0.8425954741951185 0.2834064569821787 0
2272 -0.8425087891899909 0.2832935471198244 0
2273 0.2832935471198309 0.8425087891899911 0
2274 -0.9672071517178739 -0.292721320392775 0
2275 -0.2927213203927702 0.9672071517178744 0
2276 -0.2927213203953102 -0.9672071517173738 0
2277 0.9672071517173731 -0.2927213203953144 0
2278 -0.7956609228418281 -0.8056021569940233 0
2279 -0.806714214314011 0.7955937130429059 0
2280 0.7956609228418327 0.8056021569940027 0
2281 -0.8629511634491414 -0.5885947793427988 0
2282 -0.588594779342769 0.8629511634491442 0
2283 0.5885947793428599 -0.8629511634490776 0
2284 0.862951163449081 0.5885947793428301 0
2285 -0.4507763869865641 -0.3683334422153753 0
2286 -0.3683334422153785 0.4507763869865631 0
2287 0.3683334422153846 -0.4507763869865609 0
2288 0.4507763869865603 0.3683334422153867 0
2289 -0.4878417990282079 -0.4753811549826645 0
2290 -0.4753811549826699 0.487841799028205 0
2291 0.4753811549826846 -0.4878417990282169 0
2292 0.4878417990282129 0.4753811549826886 0
2293 0.08058544592612508 0.9688678213483809 0
2294 -0.9688678213483803 0.0805854459261212 0
2295 0.08058544592473184 -0.9688678213486348 0
2296 0.968867821348635 0.08058544592472808 0
2297 -0.7183439076459537 -0.9079441117499334 0
2298 0.9076367824742484 -0.7169862124947068 0
2299 -0.9079441117498303 0.7183439076458962 0
2300 0.718343907645872 0.9079441117498412 0
2301 -0.6682719193594571 -0.8098186761286346 0
2302 -0.8098186761285422 0.6682719193594959 0
2303 0.6682719193594708 0.8098186761285702 0
2304 0.831270220477762 -0.6455083062592585 0
2305 0.1055330694830766 -0.9103983177161578 0
2306 0.9103983177161556 0.1055330694830716 0
2307 -0.9103983177161887 0.1055330694857591 0
2308 0.1055330694857727 0.9103983177161878 0
2309 -0.8098475788278231 0.8513240452668994 0
2310 -0.9184056859643559 -0.6262130257268542 0
2311 -0.6262130257268279 0.9184056859643659 0
2312 -0.6249399215786282 -0.920589411355345 0
2313 0.6262130257268623 -0.9184056859641775 0
2314 0.9205894113553542 -0.6249399215786142 0
2315 0.9184056859641864 0.6262130257268357 0
2316 -0.9205894113551828 0.6249399215785751 0
2317 0.6249399215785594 0.9205894113551925 0
2318 -0.6998638653877337 0.1839570666396609 0
2319 0.1839570666396791 0.6998638653877303 0
2320 -0.01046247131684261 -0.7606281077022741 0
2321 0.760628107702266 -0.01046247131685287 0
2322 -0.8758507142906164 -0.09461131583831314 0
2323 -0.09461131583830376 0.8758507142906131 0
2324 -0.09461131584072148 -0.8758507142907686 0
2325 0.8758507142907673 -0.09461131584072979 0
2326 -0.7476994288988138 -0.7886937925940181 0
2327 -0.7886937925939763 0.7476994288988291 0
2328 0.7476994288988303 0.7886937925940148 0
2329 -0.2144114348285678 -0.4543498076605353 0
2330 0.4543498076605308 -0.2144114348285664 0
2331 -0.454349807660536 0.2144114348285671 0
2332 0.2144114348285668 0.4543498076605316 0
2333 -0.4604724579311138 -0.2797468049937979 0
2334 -0.2797468049938001 0.4604724579311124 0
2335 0.2797468049938084 -0.4604724579311111 0
2336 0.4604724579311099 0.2797468049938096 0
2337 -0.06842357102803531 -0.6905755678588519 0
2338 0.6905755678588458 -0.06842357102804476 0
2339 0.2377126583489887 -0.8052643062007767 0
2340 0.8052643062007756 0.2377126583489812 0
2341 0.7752400718792727 -0.7289372526023867 0
2342 -0.1842611628425232 -0.7007588716108049 0
2343 0.7007588716107993 -0.1842611628425382 0
2344 -0.7257587951485401 -0.1348016992604508 0
2345 -0.1348016992604548 0.7257587951485376 0
2346 -0.3731885379504105 -0.5557878161947825 0
2347 0.5557878161947755 -0.3731885379504286 0
2348 -0.5557878161947907 0.3731885379504057 0
2349 0.3731885379504236 0.5557878161947837 0
2350 -0.2713412614146073 -0.7474728858347893 0
2351 0.7474728858347843 -0.2713412614146173 0
2352 -0.7474582611942502 0.2713280963977782 0
2353 0.2713280963977882 0.747458261194245 0
2354 -0.8554209548312558 -0.06767747550035043 0
2355 -0.06767747550034058 0.855420954831253 0
2356 -0.06287055144315482 -0.853553442900948 0
2357 0.8535534429009454 -0.06287055144316345 0
2358 -0.6366472737100128 -0.04451967306729582 0
2359 -0.0445196730672984 0.6366472737100157 0
2360 0.04395083601553697 -0.6355650659970924 0
2361 0.6355650659970951 0.04395083601553826 0
2362 -0.8085925591921488 -0.4754249109894141 0
2363 -0.475424910989414 0.8085925591921495 0
2364 0.4754249109893485 -0.8085925591921697 0
2365 0.8085925591921697 0.4754249109893474 0
2366 -0.1086156717139086 -0.6083398827820053 0
2367 0.6083398827820001 -0.1086156717139258 0
2368 -0.6125586922875366 0.1063025849037486 0
2369 0.1063025849037589 0.6125586922875361 0
2370 -0.9748272889330917 -0.8459423092121512 0
2371 -0.8458955167897291 0.9765534042182168 0
2372 -0.846558594667946 -0.9756045868472032 0
2373 0.9765534042182784 -0.845895516789999 0
2374 0.8459608681854834 -0.9745162914053506 0
2375 0.9748272889330721 0.8459423092116928 0
2376 -0.974827288933142 0.8459423092119327 0
2377 0.8465585946674868 0.9756045868471831 0
2378 -0.743293168718144 -0.2732943384563891 0
2379 -0.273294338456388 0.7432931687181463 0
2380 0.2715262931336805 -0.7490120794816454 0
2381 0.7490120794816474 0.2715262931336768 0
2382 -0.5373849983708787 -0.02817779749466576 0
2383 -0.02817779749466418 0.5373849983708838 0
2384 0.02817779749467851 -0.5373849983708836 0
2385 0.5373849983708885 0.02817779749467597 0
2386 -0.3262023389821229 -0.458397730383077 0
2387 0.4583977303830723 -0.3262023389821147 0
2388 -0.458397730383081 0.326202338982122 0
2389 0.3262023389821151 0.4583977303830762 0
2390 -0.6516343645228914 -0.8405654168365574 0
2391 -0.8405654168364339 0.6516343645229229 0
2392 0.6516343645229022 0.8405654168364567 0
2393 -0.5896494417094709 -0.7819332282453964 0
2394 0.7819332282454218 -0.5896494417094574 0
2395 -0.7819332282452517 0.5896494417094936 0
2396 0.5896494417094793 0.7819332282452778 0
2397 -0.4042526483075927 -0.4176697703721466 0
2398 -0.4176697703721499 0.4042526483075902 0
2399 0.4176697703721612 -0.4042526483075995 0
2400 0.4042526483075977 0.4176697703721637 0
2401 0.1852098666235136 -0.7329129013266205 0
2402 0.7329129013266172 0.1852098666235093 0
2403 -0.0453400234588598 0.9754344826304113 0
2404 -0.9754344826304122 -0.04534002345886284 0
2405 -0.04534002345964602 -0.9754344826305068 0
2406 0.9754344826305067 -0.04534002345964903 0
2407 0.9692859565759653 0.1166450815584392 0
2408 0.1166450815584415 -0.9692859565759651 0
2409 -0.9692859565757672 0.1166450815594862 0
2410 0.1166450815594889 0.9692859565757679 0
2411 -0.6870218642051908 -0.09872774126928419 0
2412 -0.09872774126928635 0.6870218642051911 0
2413 -0.1328432407028259 -0.830250058044842 0
2414 0.8302500580448396 -0.1328432407028358 0
2415 -0.8302635143286945 -0.1326173025556269 0
2416 -0.1326173025556183 0.8302635143286912 0
2417 -0.4406516932442281 -0.4377550466749765 0
2418 0.4377550466749998 -0.440651693244225 0
2419 -0.4377550466749798 0.4406516932442258 0
2420 0.4406516932442228 0.4377550466750016 0
2421 -0.7622547000562406 0.01227996414711996 0
2422 0.01227996414713117 0.7622547000562355 0
2423 -0.6479719379178124 0.1012565105885802 0
2424 0.1012565105885885 0.6479719379178122 0
2425 -0.6680809961715017 0.1311044028861094 0
2426 0.1311044028861222 0.6680809961715016 0
2427 -0.6834022190228561 -0.9195410071172436 0
2428 0.9195084683188061 -0.6824881026279969 0
2429 -0.9195410071171808 0.6834022190228185 0
2430 0.6834022190227963 0.9195410071171896 0
2431 -0.1910702306650082 -0.7998157555466562 0
2432 0.7998157555466547 -0.1910702306650217 0
2433 -0.6236659122255576 -0.218713357308831 0
2434 -0.2187133573088322 0.6236659122255562 0
2435 0.2187133573088421 -0.623665912225531 0
2436 0.6236659122255303 0.2187133573088426 0
2437 -0.7986731997234976 0.1916893083855661 0
2438 0.1916893083855785 0.798673199723495 0
2439 -0.9092227625196805 -0.7305079071647929 0
2440 -0.7301957312154856 0.9096084633180145 0
2441 0.9092227625196377 0.7305079071647708 0
2442 -0.09294491695980774 -0.6337711391398672 0
2443 0.6337711391398619 -0.09294491695981634 0
2444 -0.7996983036316557 -0.1908731794930583 0
2445 -0.1908731794930505 0.7996983036316525 0
2446 -0.3261097507323709 -0.7121006007147868 0
2447 0.7121006007147888 -0.32610975073238 0
2448 -0.7121006007147161 0.326109750732451 0
2449 0.3261097507324606 0.7121006007147179 0
2450 -0.7230607488248669 -0.3918554514620967 0
2451 -0.3918554514620961 0.7230607488248678 0
2452 0.3918554514621009 -0.7230607488248199 0
2453 0.7230607488248209 0.3918554514620991 0
2454 -0.4901713224702611 -0.6716402011707596 0
2455 0.6716402011707707 -0.4901713224702717 0
2456 -0.6716402011707273 0.490171322470304 0
2457 0.490171322470314 0.6716402011707366 0
2458 -0.08170352718714717 -0.8149563671665795 0
2459 0.8149563671665762 -0.08170352718715633 0
2460 -0.8130522623044725 -0.08405439953982891 0
2461 -0.08405439953981891 0.8130522623044684 0
2462 -0.6259329511430122 -0.5341693058350991 0
2463 -0.5341693058350965 0.6259329511429949 0
2464 0.5341693058351303 -0.6259329511430173 0
2465 0.6259329511430002 0.5341693058351258 0
2466 -0.5967137642901231 -0.8690969861804555 0
2467 0.8690969861804715 -0.5967137642901064 0
2468 -0.8690969861802814 0.5967137642901076 0
2469 0.5967137642900907 0.8690969861802973 0
2470 -0.4523720106318942 -0.8655738197529168 0
2471 0.8655738197529151 -0.4523720106318895 0
2472 -0.8655738197529305 0.4523720106318052 0
2473 0.4523720106318009 0.8655738197529288 0
2474 -0.2837103705760984 -0.3245917803668514 0
2475 0.3245917803668514 -0.2837103705760974 0
2476 -0.3245917803668521 0.2837103705760982 0
2477 0.2837103705760975 0.3245917803668517 0
2478 -0.7893504850711179 0.9714845638480649 0
2479 -0.9715754320313488 -0.788502546437842 0
2480 0.9714533925722396 -0.7893582140767983 0
2481 -0.7886330481668689 -0.9714618894196366 0
2482 0.9715754320312198 0.7885025464372277 0
2483 0.7891431210450064 -0.9717571177408233 0
2484 0.7886330481662567 0.9714618894195026 0
2485 -0.9715110074802792 0.7885356853201789 0
2486 -0.1422689000914828 -0.9343567318630438 0
2487 0.9343567318630436 -0.1422689000914827 0
2488 -0.9343567318635869 -0.1422689000918276 0
2489 -0.1422689000918292 0.934356731863587 0
2490 -0.552481389639544 -0.7358476320627987 0
2491 0.7358476320628229 -0.5524813896395165 0
2492 -0.7358476320626472 0.5524813896397672 0
2493 0.5524813896397366 0.7358476320626722 0
2494 -0.6640398838327362 -0.4123463206164624 0
2495 -0.4123463206164636 0.6640398838327363 0
2496 0.4123463206164966 -0.6640398838327385 0
2497 0.6640398838327386 0.4123463206164955 0
2498 -0.5208500204003156 -0.2525344398884179 0
2499 -0.2525344398884193 0.5208500204003157 0
2500 0.2525344398884479 -0.5208500204003111 0
2501 0.5208500204003106 0.2525344398884478 0
2502 -0.2987514196995611 -0.4310363115497488 0
2503 0.4310363115497447 -0.2987514196995578 0
2504 -0.4310363115497509 0.2987514196995604 0
2505 0.2987514196995585 0.4310363115497463 0
2506 -0.8264171871931102 -0.6825543334709714 0
2507 -0.6825334686838204 0.826426770098824 0
2508 0.6828771287427615 -0.8269572718792721 0
2509 0.8264171871930501 0.6825543334709055 0
2510 -0.6759291306492027 -0.6256865246809038 0
2511 -0.6256865246808448 0.6759291306492307 0
2512 0.6256865246808684 -0.6759291306491638 0
2513 0.6759291306491929 0.6256865246808083 0
2514 -0.2679044563678636 -0.6413601143190604 0
2515 0.6413601143190557 -0.2679044563678755 0
2516 -0.641359881054411 0.2678975687131845 0
2517 0.2678975687131967 0.6413598810544066 0
2518 -0.5125583584345299 -0.1248496133912549 0
2519 -0.1248496133912566 0.5125583584345302 0
2520 0.124849613391273 -0.5125583584345297 0
2521 0.51255835843453 0.1248496133912735 0
2522 -0.2939182356293484 -0.4918193025593219 0
2523 0.4918193025593133 -0.2939182356293325 0
2524 -0.4918193025593253 0.2939182356293462 0
2525 0.2939182356293319 0.4918193025593167 0
2526 -0.6586497578743549 -0.08513406628010624 0
2527 -0.08513406628010989 0.658649757874357 0
2528 0.08579967423522551 -0.6583324733670741 0
2529 0.6583324733670756 0.0857996742352278 0
2530 -0.5046602956973998 -0.6174334282216616 0
2531 0.6174334282216869 -0.5046602956974342 0
2532 -0.6174334282216589 0.5046602956974129 0
2533 0.5046602956974462 0.6174334282216821 0
2534 0.8523001228693878 -0.8094392169272429 0
2535 -0.6647233432204228 -0.4891803925371111 0
2536 -0.4891803925371124 0.6647233432204167 0
2537 0.4891803925371674 -0.6647233432204351 0
2538 0.6647233432204299 0.4891803925371672 0
2539 0.1802490528806614 -0.793726439034517 0
2540 0.7937264390345141 0.1802490528806537 0
2541 -0.2371070680965712 -0.6919165078181835 0
2542 0.6919165078181838 -0.237107068096587 0
2543 -0.6919185825899983 0.2371009203988997 0
2544 0.2371009203989148 0.6919185825899977 0
2545 0.9746719323940092 0.2197076912586855 0
2546 0.2197076912586871 -0.9746719323940096 0
2547 -0.9746719323940779 0.2197076912593856 0
2548 0.2197076912593871 0.9746719323940785 0
2549 -0.4431656038065105 -0.1848033067474819 0
2550 -0.1848033067474826 0.4431656038065107 0
2551 0.1848033067474919 -0.4431656038065162 0
2552 0.4431656038065162 0.1848033067474918 0
2553 -0.3984603800368616 -0.1577698138217611 0
2554 -0.157769813821761 0.3984603800368617 0
2555 0.1577698138217633 -0.3984603800368616 0
2556 0.3984603800368617 0.1577698138217629 0
2557 -0.970577436756178 0.4113678526751308 0
2558 0.4113678526751294 0.9705774367561795 0
2559 -0.4113678526756567 -0.9705774367555774 0
2560 0.9705774367555787 -0.4113678526756541 0
2561 0.4113678526729467 -0.9705774367557082 0
2562 0.9705774367557051 0.4113678526729327 0
2563 -0.9705774367551073 -0.4113678526734712 0
2564 -0.4113678526734602 0.9705774367551054 0
2565 -0.8655787197917336 0.06085217082334078 0
2566 0.06085217082335683 0.8655787197917322 0
2567 0.06085217082071215 -0.865578719791589 0
2568 0.8655787197915853 0.0608521708207057 0
2569 -0.4292124510009202 -0.5331065249687311 0
2570 -0.5331065249687368 0.4292124510009158 0
2571 0.5331065249687774 -0.4292124510009375 0
2572 0.4292124510009322 0.5331065249687814 0
2573 -0.2135528662926214 -0.6321835331412214 0
2574 0.6321835331412295 -0.2135528662926207 0
2575 -0.6321832998765657 0.2135459786379139 0
2576 0.2135459786379151 0.6321832998765731 0
2577 0.4577688550583022 -0.06966175370452578 0
2578 -0.06966175370452558 -0.4577688550582998 0
2579 0.06966175370452432 0.4577688550583001 0
2580 -0.4577688550582972 0.06966175370452432 0
2581 -0.9688847961629428 -0.7044503981031681 0
2582 -0.7044503981031399 0.9688847961629381 0
2583 -0.7044503981042426 -0.968884796163304 0
2584 0.968884796163303 -0.7044503981042175 0
2585 0.7058969804676403 -0.9708120926920019 0
2586 0.9688847961632377 0.704450398103013 0
2587 -0.9688847961636022 0.7044503981041124 0
2588 0.704450398104089 0.9688847961636012 0
2589 -0.1347243932440038 -0.6681464567887437 0
2590 0.6681464567887399 -0.1347243932440103 0
2591 -0.4973722586142829 -0.8343566437839107 0
2592 0.8343566437839229 -0.4973722586142753 0
2593 -0.8343566437837576 0.4973722586143264 0
2594 0.4973722586143189 0.8343566437837706 0
2595 -0.7049807878300165 -0.8549317294815604 0
2596 -0.8549317294814838 0.7049807878300214 0
2597 0.7049807878300032 0.854931729481506 0
2598 0.09816337513991655 -0.685218968170259 0
2599 0.685218968170254 0.09816337513991572 0
2600 -0.7593161541475666 -0.453155976181062 0
2601 -0.4531559761810612 0.7593161541475659 0
2602 0.4531559761810519 -0.7593161541475556 0
2603 0.759316154147555 0.45315597618105 0
2604 -0.4468622930787856 -0.1305161065410276 0
2605 -0.1305161065410276 0.4468622930787858 0
2606 0.1305161065410398 -0.4468622930787883 0
2607 0.4468622930787886 0.130516106541039 0
2608 -0.7155752963623273 -0.546218640519038 0
2609 -0.5462186405190408 0.7155752963623273 0
2610 0.5462186405189802 -0.7155752963623271 0
2611 0.7155752963623273 0.5462186405189798 0
2612 -0.6736632273444041 -0.3523589866423795 0
2613 -0.3523589866423804 0.6736632273444039 0
2614 0.352358986642382 -0.6736632273443918 0
2615 0.6736632273443914 0.3523589866423813 0
2616 -0.8361716412612044 -0.9247164628534336 0
2617 0.8361716412611756 0.9247164628533664 0
2618 -0.6692417825737053 -0.7009875780257007 0
2619 -0.7009875780256003 0.6692417825737457 0
2620 0.700987578025803 -0.6692417825736771 0
2621 0.6692417825737177 0.700987578025702 0
2622 -0.8893352947115463 0.1611713296002496 0
2623 0.1611713296002578 0.8893352947115445 0
2624 0.1612441884725365 -0.8893778318310899 0
2625 0.8893778318310883 0.1612441884725304 0
2626 -0.6308322800850862 -0.7376794354001859 0
2627 0.7376794354002164 -0.6308322800850616 0
2628 -0.737679435400091 0.6308322800851442 0
2629 0.6308322800851189 0.7376794354001213 0
2630 -0.6224260747699215 -0.3708915073458243 0
2631 -0.370891507345827 0.6224260747699206 0
2632 0.3708915073458559 -0.6224260747699323 0
2633 0.6224260747699314 0.3708915073458556 0
2634 -0.7893229447312612 -0.8916564925090427 0
2635 -0.8941253563907295 0.7895459570539819 0
2636 0.7893229447312329 0.891656492509012 0
2637 -0.6325313545920452 -0.5971899788075961 0
2638 0.5971899788076291 -0.6325313545920801 0
2639 -0.5971899788075516 0.6325313545920181 0
2640 0.6325313545920531 0.5971899788075832 0
2641 0.07036850550983875 -0.7077248418137326 0
2642 0.7077248418137323 0.07036850550983779 0
2643 0.7618421746697899 -0.8611035323508167 0
2644 -0.09039761638339938 -0.5110134670369284 0
2645 -0.511013467036926 0.09039761638340767 0
2646 0.5110134670369282 -0.09039761638339969 0
2647 0.09039761638340821 0.5110134670369255 0
2648 -0.8713531620231686 0.8328598052510904 0
2649 -0.6943696578167798 -0.6778593027677519 0
2650 -0.6778593027676961 0.6943696578168055 0
2651 0.6778593027677604 -0.6943696578167454 0
2652 0.6943696578167714 0.6778593027677039 0
2653 -0.3924248385218074 -0.3616460937293813 0
2654 -0.3616460937293848 0.3924248385218061 0
2655 0.3616460937293839 -0.3924248385218042 0
2656 0.3924248385218034 0.3616460937293871 0
2657 -0.8204179304104687 0.1267151379918784 0
2658 0.1267151379918876 0.8204179304104644 0
2659 0.1290432452817675 -0.8199519392630484 0
2660 0.8199519392630452 0.129043245281759 0
2661 -0.4964166506781348 -0.3343581889294882 0
2662 -0.3343581889294909 0.4964166506781345 0
2663 0.3343581889295067 -0.4964166506781293 0
2664 0.4964166506781291 0.3343581889295078 0
2665 -0.837461666712365 0.3882349008719531 0
2666 0.3882349008719541 0.8374616667123667 0
2667 -0.3882349008721577 -0.8374616667123334 0
2668 0.8374616667123348 -0.3882349008721567 0
2669 0.3843144977458424 -0.8325452782062914 0
2670 0.8325452782062902 0.38431449774584 0
2671 -0.8325452782063715 -0.3843144977459355 0
2672 -0.3843144977459347 0.8325452782063704 0
2673 0.04786750566640614 -0.7700270897124627 0
2674 0.7700270897124601 0.04786750566639171 0
2675 -0.8900753406296522 0.9231250559475246 0
2676 -0.8893437103794866 -0.9235337040402241 0
2677 0.923134940326879 -0.890080829745334 0
2678 0.8893437103795011 0.9235337040401916 0
2679 -0.5097284590264828 -0.6462568571870675 0
2680 0.6462568571871132 -0.509728459026533 0
2681 -0.6462568571870423 0.5097284590265333 0
2682 0.5097284590265798 0.6462568571870841 0
2683 -0.8880596841764424 -0.6706889151806461 0
2684 -0.6706742187074377 0.8880629336738515 0
2685 0.6701707296929371 -0.8902151124502262 0
2686 0.8880596841763245 0.6706889151805624 0
2687 0.6818883420486881 -0.9249721672019273 0
2688 0.9260571080895782 0.6837613414492497 0
2689 -0.9260571080895039 -0.6837613414492303 0
2690 -0.6837484567861238 0.9260599569824801 0
2691 -0.01059242718924405 -0.4711761241728403 0
2692 0.4711761241728405 -0.01059242718924351 0
2693 -0.4711761241728361 0.0105924271892483 0
2694 0.01059242718924761 0.4711761241728365 0
2695 -0.9727378781202203 -0.9266343418363588 0
2696 -0.9268378268495161 0.9721008474332714 0
2697 0.9266343418361799 -0.972737878120232 0
2698 -0.926837826849612 -0.9721008474333291 0
2699 0.9727378781202476 0.9266343418361822 0
2700 0.9721008474333355 -0.9268378268496048 0
2701 -0.9727378781203253 0.9266343418363301 0
2702 0.9268378268494555 0.9721008474333571 0
2703 -0.9276770723035574 -0.8319413100646538 0
2704 0.831110552295665 -0.9241775879633969 0
2705 0.9276770723035179 0.8319413100646276 0
2706 -0.9271332941187184 0.8332005650445367 0
2707 -0.7435837967170632 -0.5872043083544405 0
2708 -0.5872043083544398 0.743583796717062 0
2709 0.5872043083543844 -0.7435837967170233 0
2710 0.7435837967170218 0.5872043083543829 0
2711 -0.6179882498597024 -0.5073658881736856 0
2712 -0.5073658881736856 0.6179882498597071 0
2713 0.5073658881737219 -0.6179882498596418 0
2714 0.6179882498596468 0.5073658881737195 0
2715 -0.4067540846871787 -0.7847229098589674 0
2716 0.7847229098589684 -0.4067540846871828 0
2717 -0.7847229098588986 0.4067540846872285 0
2718 0.4067540846872326 0.7847229098588998 0
2719 0.008699322818541423 -0.6931655949246315 0
2720 0.6931655949246279 0.008699322818537962 0
2721 -0.7688857696206096 -0.5727903994932093 0
2722 -0.5727903994932058 0.7688857696206078 0
2723 0.5727903994932 -0.7688857696205723 0
2724 0.7688857696205701 0.5727903994931951 0
2725 -0.8759588984944258 -0.4959356237782172 0
2726 0.4959356237780841 -0.8759588984943394 0
2727 -0.4959356237782073 0.8759588984944335 0
2728 0.8759588984943472 0.4959356237780737 0
2729 -0.3736137382498863 -0.9300584044776355 0
2730 0.9300584044776382 -0.373613738249889 0
2731 -0.9300584044775225 0.3736137382496514 0
2732 0.3736137382496553 0.930058404477524 0
2733 -0.9300748139087994 -0.3736827081677032 0
2734 -0.3736827081676982 0.9300748139087989 0
2735 0.3736827081674687 -0.9300748139086876 0
2736 0.9300748139086856 0.3736827081674636 0
2737 0.4817892062012062 -0.4062068968159266 0
2738 -0.4062068968159063 -0.4817892062011849 0
2739 0.4062068968159221 0.4817892062012106 0
2740 -0.4817892062011903 0.4062068968159017 0
2741 -0.4996692834059818 -0.06999747248063654 0
2742 -0.06999747248063409 0.4996692834059868 0
2743 0.06999747248064943 -0.4996692834059847 0
2744 0.4996692834059898 0.06999747248064583 0
2745 -0.4017326191069666 -0.8737182462161562 0
2746 0.8737182462161581 -0.4017326191069673 0
2747 -0.8737182462161581 0.4017326191068036 0
2748 0.4017326191068055 0.8737182462161599 0
2749 -0.4610875739647577 -0.1583974930654007 0
2750 -0.1583974930654014 0.4610875739647578 0
2751 0.1583974930654143 -0.461087573964762 0
2752 0.4610875739647619 0.158397493065414 0
2753 -0.8491339542696401 -0.3465008433397304 0
2754 -0.3465008433397266 0.8491339542696399 0
2755 0.346500843339645 -0.8491339542695756 0
2756 0.8491339542695744 0.3465008433396399 0
2757 -0.1566523160697677 -0.845702409712859 0
2758 0.8457024097128578 -0.1566523160697765 0
2759 -0.8456298224040198 -0.1564699661393924 0
2760 -0.1564699661393847 0.8456298224040169 0
2761 -0.5065970976346802 -0.5148479906092154 0
2762 0.5148479906092183 -0.5065970976347304 0
2763 -0.5148479906092223 0.5065970976346745 0
2764 0.506597097634723 0.5148479906092236 0
2765 -0.0411141287845832 -0.6776530149127999 0
2766 0.6776530149127963 -0.04111412878458745 0
2767 -0.4878264792697109 -0.7542055402492642 0
2768 0.7542055402492733 -0.4878264792697143 0
2769 -0.75420554024925 0.4878264792697034 0
2770 0.4878264792697077 0.7542055402492591 0
2771 -0.3471877208427093 -0.8481992664701719 0
2772 0.8481992664701734 -0.3471877208427144 0
2773 -0.8481992664701322 0.3471877208426066 0
2774 0.3471877208426124 0.8481992664701332 0
2775 0.09626795809824842 -0.8690457588402034 0
2776 0.8690457588402006 0.09626795809824186 0
2777 -0.8692564500198441 0.09576060703701034 0
2778 0.09576060703702097 0.8692564500198416 0
2779 -0.5519312872076155 -0.8289883279501491 0
2780 0.828988327950167 -0.5519312872076021 0
2781 -0.8289883279499783 0.5519312872077187 0
2782 0.5519312872077028 0.8289883279499979 0
2783 -0.612443828727818 -0.4340909364008103 0
2784 -0.4340909364008139 0.6124438287278172 0
2785 0.4340909364008122 -0.6124438287278124 0
2786 0.6124438287278116 0.4340909364008141 0
2787 -0.7123889230836599 -0.06998309694353141 0
2788 -0.06998309694352947 0.712388923083664 0
2789 -0.7750577104486791 -0.3940079058831403 0
2790 -0.3940079058831409 0.7750577104486785 0
2791 0.3940079058831454 -0.7750577104485838 0
2792 0.7750577104485844 0.3940079058831441 0
2793 -0.2024503955359938 -0.5489766802532717 0
2794 0.5489766802532707 -0.2024503955359959 0
2795 -0.5489766802532499 0.2024503955359774 0
2796 0.2024503955359807 0.5489766802532491 0
2797 -0.8061222062551489 -0.2457971295435783 0
2798 -0.2457971295435705 0.8061222062551476 0
2799 -0.7607947791049545 -0.6344162723273228 0
2800 -0.6344162723273066 0.7607947791049692 0
2801 0.6344162723272924 -0.7607947791048486 0
2802 0.760794779104863 0.6344162723272756 0
2803 -0.4551773726353495 -0.8966548817633111 0
2804 0.8966548817633091 -0.4551773726353401 0
2805 -0.8966548817632936 0.4551773726351797 0
2806 0.4551773726351707 0.896654881763292 0
2807 -0.4086518549014874 -0.649175810049979 0
2808 0.649175810049976 -0.4086518549014912 0
2809 -0.649175810049968 0.408651854901546 0
2810 0.4086518549015504 0.6491758100499649 0
2811 0.1770562466378298 -0.9423439062808779 0
2812 0.9423439062808776 0.1770562466378261 0
2813 -0.9423439062805831 0.1770562466395053 0
2814 0.1770562466395096 0.9423439062805837 0
2815 -0.5418662959012335 -0.3161940472543169 0
2816 -0.3161940472543193 0.5418662959012331 0
2817 0.3161940472543383 -0.5418662959012297 0
2818 0.5418662959012297 0.3161940472543385 0
2819 -0.3550370273016866 -0.8856946488678921 0
2820 0.8856946488678954 -0.35503702730169 0
2821 -0.8863845727872184 -0.35491708234477 0
2822 -0.3549170823447657 0.8863845727872168 0
2823 -0.8856946488681188 0.3550370273014892 0
2824 0.3550370273014923 0.8856946488681207 0
2825 0.354917082344575 -0.8863845727874733 0
2826 0.8863845727874717 0.3549170823445698 0
2827 -0.9728618911842239 -0.651999651240176 0
2828 -0.6519996512401555 0.9728618911842282 0
2829 -0.6520805593366111 -0.9722282948961801 0
2830 0.9722298055847975 -0.6520801847571216 0
2831 0.6520498408274459 -0.9731822476285534 0
2832 0.9728618911840959 0.6519996512396234 0
2833 -0.9722282948961816 0.6520805593359434 0
2834 0.6520805593359295 0.972228294896184 0
2835 -0.2458929766850445 -0.806179013379397 0
2836 0.8061790133793949 -0.2458929766850564 0
2837 -0.2632407400296614 -0.6006540616299081 0
2838 0.6006540616299071 -0.2632407400296582 0
2839 -0.600654051509797 0.2632404412108166 0
2840 0.2632404412108148 0.6006540515097957 0
2841 -0.3685811654584746 -0.2161112290320911 0
2842 -0.2161112290320917 0.3685811654584744 0
2843 0.2161112290320914 -0.368581165458475 0
2844 0.3685811654584747 0.2161112290320919 0
2845 -0.6444455096496169 -0.7642244483313915 0
2846 0.7628486527265403 -0.6455305085959695 0
2847 -0.764224448331292 0.6444455096496695 0
2848 0.6444455096496254 0.7642244483313267 0
2849 -0.5284742790700567 -0.4604714781471659 0
2850 0.4604714781471273 -0.528474279070078 0
2851 -0.4604714781471745 0.5284742790700536 0
2852 0.5284742790700735 0.4604714781471351 0
2853 -0.03102477234280863 -0.8130423081918252 0
2854 0.8130423081918208 -0.03102477234281707 0
2855 -0.005112097244563042 -0.6436972507226791 0
2856 -0.6436972507226809 0.005112097244585293 0
2857 0.6436972507226775 -0.005112097244556768 0
2858 0.005112097244576499 0.6436972507226789 0
2859 -0.6517444095097573 0.03479515212820829 0
2860 0.03479515212820961 0.65174440950976 0
2861 -0.758077409063993 0.5325762061027794 0
2862 -0.5325762061026655 -0.758077409064088 0
2863 0.5325762061027624 0.7580774090640061 0
2864 0.7580774090641013 -0.5325762061026498 0
2865 -0.6367124341121644 -0.2772203360149382 0
2866 -0.2772203360149397 0.6367124341121642 0
2867 0.2772203360149512 -0.6367124341121682 0
2868 0.6367124341121682 0.2772203360149514 0
2869 -0.6966261602525735 0.0003076249473111614 0
2870 0.0003076249473175075 0.6966261602525676 0
2871 -0.1744357694982969 -0.4824343544889634 0
2872 0.4824343544889609 -0.1744357694982984 0
2873 -0.4824343544889543 0.1744357694982886 0
2874 0.1744357694982908 0.4824343544889518 0
2875 -0.8062040924892377 0.2459968221920572 0
2876 0.2459968221920698 0.8062040924892351 0
2877 0.126064913668598 -0.9351813995338996 0
2878 0.9351813995338989 0.126064913668594 0
2879 -0.9351813995336882 0.1260649136705725 0
2880 0.1260649136705799 0.935181399533688 0
2881 -0.7841230801054139 0.03502069778780979 0
2882 0.03502069778781727 0.7841230801054102 0
2883 -0.6062766397024333 -0.81000860172541 0
2884 0.8114832554262813 -0.6107276483133128 0
2885 -0.8100086017252609 0.6062766397024471 0
2886 0.6062766397024285 0.810008601725285 0
2887 -0.5655398632039415 -0.2247418293691283 0
2888 -0.2247418293691302 0.5655398632039409 0
2889 0.2247418293691484 -0.565539863203934 0
2890 0.5655398632039336 0.2247418293691484 0
2891 -0.3877107759104441 -0.7499901969703764 0
2892 0.749990196970383 -0.3877107759104517 0
2893 -0.7499901969701619 0.3877107759105481 0
2894 0.3877107759105556 0.7499901969701704 0
2895 -0.4383311136082173 -0.7746477489609535 0
2896 0.7746477489609557 -0.4383311136082217 0
2897 -0.7746477489609551 0.4383311136082471 0
2898 0.4383311136082517 0.7746477489609573 0
2899 -0.8713412090291051 -0.3996519053038197 0
2900 -0.3996519053038166 0.8713412090291033 0
2901 0.3996519053036721 -0.8713412090290885 0
2902 0.871341209029086 0.3996519053036683 0
2903 0.08686028503959041 -0.4153986125850484 0
2904 -0.415398612585046 -0.08686028503958887 0
2905 0.4153986125850485 0.08686028503959008 0
2906 -0.0868602850395887 0.4153986125850465 0
2907 -0.36538647294426 -0.3432893066858271 0
2908 -0.3432893066858305 0.3653864729442589 0
2909 0.3432893066858314 -0.365386472944257 0
2910 0.3653864729442563 0.343289306685834 0
2911 -0.7632863943763061 -0.04927537497172772 0
2912 -0.04927537497171392 0.7632863943763061 0
2913 -0.7002933933891387 -0.7748784735742446 0
2914 -0.7748784735741701 0.7002933933891723 0
2915 0.7002933933891308 0.7748784735742343 0
2916 -0.8716003956107573 -0.5485084172625787 0
2917 -0.5485084172625529 0.8716003956107634 0
2918 0.5485084172626005 -0.8716003956106663 0
2919 0.8716003956106726 0.5485084172625758 0
2920 -0.7208842599639187 -0.7266745673014247 0
2921 0.7213665397453273 -0.7214378205826349 0
2922 -0.7266745673013699 0.7208842599639669 0
2923 0.7208842599639229 0.7266745673014373 0
2924 -0.2606875915936239 -0.4778774863120359 0
2925 0.477877486312031 -0.2606875915936186 0
2926 -0.4778774863120388 0.260687591593622 0
2927 0.2606875915936182 0.4778774863120341 0
2928 -0.8471976442715778 -0.806328369886079 0
2929 0.8471976442715637 0.8063283698860471 0
2930 -0.4251784410030837 -0.7273864070494296 0
2931 0.7273864070494321 -0.4251784410030889 0
2932 -0.7273864070493627 0.4251784410031933 0
2933 0.4251784410031985 0.7273864070493653 0
2934 -0.3192818724893706 -0.5958430272664349 0
2935 0.5958430272664061 -0.3192818724893763 0
2936 -0.5958430272664389 0.3192818724893697 0
2937 0.3192818724893775 0.5958430272664111 0
2938 -0.699000716280643 -0.6126570013188198 0
2939 -0.612657001318809 0.6990007162806553 0
2940 0.6126570013187117 -0.6990007162806039 0
2941 0.6990007162806164 0.6126570013186995 0
2942 -0.5950052190092655 -0.1317906438680164 0
2943 -0.1317906438680182 0.5950052190092646 0
2944 0.1317906438680316 -0.5950052190092419 0
2945 0.5950052190092409 0.1317906438680321 0
2946 -0.5898360049999509 -0.4572636175125713 0
2947 -0.4572636175125769 0.5898360049999505 0
2948 0.4572636175125535 -0.5898360049999384 0
2949 0.5898360049999373 0.4572636175125585 0
2950 0.8094015438141615 -0.6676397109703718 0
2951 -0.6672466610748556 -0.5641184032336487 0
2952 0.5641184032336195 -0.6672466610749204 0
2953 -0.564118403233612 0.6672466610748087 0
2954 0.6672466610748735 0.5641184032335816 0
2955 -0.8298654669598364 -0.6441567533384057 0
2956 -0.6441537726545086 0.82986683594638 0
2957 0.6441405698830733 -0.8300783828004042 0
2958 0.8298654669597291 0.6441567533383655 0
2959 -0.459197719161352 -0.6825350698053754 0
2960 0.6825350698053686 -0.4591977191613666 0
2961 -0.6825350698052849 0.4591977191614556 0
2962 0.4591977191614705 0.682535069805277 0
2963 -0.4534207139585644 -0.6250974349226257 0
2964 0.6250974349226374 -0.4534207139585686 0
2965 -0.6250974349226415 0.4534207139585681 0
2966 0.4534207139585718 0.6250974349226532 0
2967 -0.8121649573787202 0.09144534157809567 0
2968 0.09144534157810483 0.8121649573787179 0
2969 -0.3347302159670405 -0.5244739034073217 0
2970 0.5244739034073252 -0.3347302159670333 0
2971 -0.5244739034073271 0.3347302159670369 0
2972 0.3347302159670311 0.5244739034073297 0
2973 -0.1238803472293125 -0.5033051592079285 0
2974 0.5033051592079276 -0.1238803472293174 0
2975 -0.5033051592079182 0.1238803472293005 0
2976 0.1238803472293059 0.5033051592079171 0
2977 -0.976438049229873 0.5166666666653259 0
2978 0.5166666666653259 0.9764380492298795 0
2979 0.5183085290542041 -0.9776072070340112 0
2980 0.9776072070340163 0.5183085290541976 0
2981 -0.516666666668007 -0.9764380492303316 0
2982 0.9764380492303387 -0.5166666666680071 0
2983 -0.9776072070343573 -0.5183085290561373 0
2984 -0.5183085290561313 0.977607207034362 0
2985 -0.7401089440405311 -0.9299591389372872 0
2986 -0.9300426461663901 0.7400651214561789 0
2987 0.7401089440404047 0.9299591389372309 0
2988 -0.2588873615153134 -0.8940915912342758 0
2989 0.8940915912342762 -0.2588873615153192 0
2990 -0.894091591234677 -0.2588873615124656 0
2991 -0.2588873615124598 0.8940915912346754 0
2992 -0.8229983412660068 -0.02576949423440564 0
2993 -0.02576949423439601 0.8229983412660018 0
2994 -0.8817721023067573 -0.8689317501153161 0
2995 -0.8782693118334437 0.8668463034036455 0
2996 0.8682635894507205 -0.8795752461864262 0
2997 0.8817721023068389 0.8689317501152046 0
2998 -0.7885919502003987 -0.8336952845860405 0
2999 -0.8354005161032566 0.788108501046546 0
3000 0.7885919502003861 0.8336952845860353 0
3001 -0.5241396600241753 -0.5981936569314785 0
3002 0.5981936569314904 -0.5241396600242205 0
3003 -0.598193656931481 0.5241396600241729 0
3004 0.5241396600242173 0.5981936569314922 0
3005 -0.8945326688179347 0.2585694905009479 0
3006 0.2585694905009531 0.8945326688179366 0
3007 0.2585744397351178 -0.8945919154188406 0
3008 0.8945919154188384 0.2585744397351115 0
3009 -0.1151893463397516 -0.4491877607324412 0
3010 0.4491877607324424 -0.1151893463397517 0
3011 -0.4491877607324251 0.1151893463397521 0
3012 0.1151893463397527 0.4491877607324255 0
3013 -0.7337955854216369 -0.6495025358535813 0
3014 -0.649502535853554 0.7337955854216507 0
3015 0.6495025358535658 -0.7337955854215454 0
3016 0.7337955854215591 0.6495025358535376 0
3017 -0.40346689165979 -0.5114003485141188 0
3018 0.5114003485141235 -0.4034668916598145 0
3019 -0.5114003485141269 0.4034668916597844 0
3020 0.4034668916598086 0.5114003485141314 0
3021 -0.5377638910308817 -0.6538779729352897 0
3022 0.6538779729353104 -0.5377638910308864 0
3023 -0.6538779729352706 0.5377638910308665 0
3024 0.537763891030871 0.6538779729352907 0
3025 -0.3515759985643965 -0.2381957356746476 0
3026 -0.2381957356746487 0.3515759985643962 0
3027 0.2381957356746485 -0.3515759985643964 0
3028 0.3515759985643961 0.2381957356746495 0
3029 -0.5400683628388223 -0.869292183721044 0
3030 0.8692921837210605 -0.5400683628388095 0
3031 -0.8692921837207711 0.5400683628386668 0
3032 0.5400683628386547 0.869292183720787 0
3033 0.7717819824900873 -0.9218907117670694 0
3034 0.02718394571627396 -0.7358377896178918 0
3035 0.7358377896178878 0.02718394571626263 0
3036 -0.459405043109746 -0.5280822088902607 0
3037 0.528082208890295 -0.4594050431097916 0
3038 -0.5280822088902665 0.4594050431097397 0
3039 0.4594050431097841 0.5280822088902992 0
3040 0.222106203044542 -0.9222234681186886 0
3041 0.9222234681186856 0.2221062030445354 0
3042 -0.9222234681182567 0.222106203046908 0
3043 0.2221062030469106 0.922223468118255 0
3044 -0.2673933895563167 -0.445684171554948 0
3045 0.4456841715549432 -0.2673933895563129 0
3046 -0.44568417155495 0.2673933895563162 0
3047 0.2673933895563141 0.445684171554945 0
3048 0.9292327758977827 -0.7401585788096676 0
3049 -0.8323841945708265 -0.8626676550303753 0
3050 0.8323841945708181 0.8626676550303607 0
3051 -0.9720317001146311 -0.9720317001146311 0
3052 -0.9720317001146513 0.9720317001146216 0
3053 0.9720317001146237 -0.9720317001146536 0
3054 0.9720317001146453 0.9720317001146453 0
3055 -0.1499112311190332 -0.5307113110617248 0
3056 0.5307113110617223 -0.1499112311190476 0
3057 -0.5307113110617012 0.1499112311189935 0
3058 0.1499112311190088 0.5307113110616989 0
3059 -0.8276193780667185 -0.5056793712112301 0
3060 -0.5056793712112282 0.8276193780667243 0
3061 0.5056793712110881 -0.8276193780666947 0
3062 0.8276193780666997 0.5056793712110847 0
3063 -0.2192494127372432 0.9753136912767725 0
3064 -0.9753136912767709 -0.2192494127372519 0
3065 -0.2192494127401094 -0.9753136912758016 0
3066 0.9753136912757997 -0.2192494127401165 0
3067 0.6154895037117804 -0.1459945529572613 0
3068 -0.1459945529572522 -0.6154895037117829 0
3069 0.1477332178590755 0.6175970017398651 0
3070 -0.6175970017398681 0.1477332178590668 0
3071 -0.7580288801011834 -0.489642270004049 0
3072 -0.4896422700040478 0.7580288801011834 0
3073 0.4896422700040231 -0.7580288801011961 0
3074 0.7580288801011958 0.4896422700040195 0
3075 -0.6730114207585296 0.1612261733646102 0
3076 0.1612261733646285 0.6730114207585312 0
3077 -0.4761140752969329 -0.5649806364420669 0
3078 0.5649806364420771 -0.4761140752969688 0
3079 -0.5649806364420751 0.4761140752969293 0
3080 0.4761140752969647 0.5649806364420843 0
3081 -0.4236274795144223 -0.01842604222539995 0
3082 0.01842604222540119 -0.4236274795144234 0
3083 -0.0184260422253999 0.4236274795144225 0
3084 0.4236274795144234 0.01842604222540105 0
3085 -0.3641720790110848 -0.6121920849550764 0
3086 0.6121920849550615 -0.3641720790110902 0
3087 -0.6121920849550702 0.3641720790111289 0
3088 0.3641720790111347 0.6121920849550552 0
3089 -0.6128064988323834 -0.5830988544169304 0
3090 -0.5830988544169055 0.612806498832361 0
3091 0.5830988544169691 -0.6128064988324182 0
3092 0.6128064988323958 0.5830988544169424 0
3093 0.7783458282773484 -0.7021898432481752 0
3094 -0.45685981207513 -0.4903173223773847 0
3095 -0.490317322377389 0.4568598120751245 0
3096 0.4903173223774224 -0.4568598120751616 0
3097 0.4568598120751549 0.4903173223774252 0
3098 -0.5528663103106771 -0.2889003137516712 0
3099 -0.2889003137516732 0.5528663103106768 0
3100 0.2889003137516949 -0.5528663103106743 0
3101 0.5528663103106743 0.2889003137516942 0
3102 -0.9208193427570392 -0.218495609311012 0
3103 -0.2184956093110064 0.9208193427570374 0
3104 -0.2184956093139041 -0.9208193427567276 0
3105 0.9208193427567281 -0.2184956093139092 0
3106 -0.5821257071568878 -0.7471776534366926 0
3107 0.7471776534367179 -0.5821257071568718 0
3108 -0.7471776534365586 0.5821257071569622 0
3109 0.5821257071569451 0.7471776534365843 0
3110 -0.2378054524040528 -0.5571663348768889 0
3111 0.5571663348768888 -0.2378054524040474 0
3112 -0.5571663348768788 0.2378054524040503 0
3113 0.2378054524040462 0.5571663348768786 0
3114 -0.7561428669925002 -0.1605835649190998 0
3115 -0.1605835649190933 0.7561428669924939 0
3116 -0.5469994503931792 -0.1081595827027575 0
3117 -0.1081595827027607 0.5469994503931795 0
3118 0.1081595827027768 -0.5469994503931774 0
3119 0.546999450393178 0.1081595827027787 0
3120 -0.3256456833794484 -0.3691516307967009 0
3121 -0.3691516307967038 0.3256456833794477 0
3122 0.3691516307967012 -0.3256456833794462 0
3123 0.3256456833794464 0.3691516307967037 0
3124 0.1081923612302719 0.749019916127692 0
3125 -0.7490199161276919 0.1081923612302584 0
3126 -0.5043587685308574 -0.3598186744796705 0
3127 -0.3598186744796729 0.5043587685308574 0
3128 0.3598186744796934 -0.504358768530851 0
3129 0.5043587685308515 0.3598186744796943 0
3130 -0.8750885575980947 -0.9753420149886708 0
3131 0.9752757920982748 -0.8756653498181284 0
3132 -0.9730951637920319 0.8785777815734083 0
3133 0.8750885575977411 0.9753420149886605 0
3134 -0.973095163791706 -0.8785777815730907 0
3135 -0.8756653498178226 0.9752757920981819 0
3136 0.8785785867485267 -0.9730816712571919 0
3137 0.9730951637918934 0.8785777815730328 0
3138 -0.8178325148471234 -0.5646334834099996 0
3139 -0.564633483409995 0.8178325148471269 0
3140 0.5646334834100104 -0.8178325148470711 0
3141 0.8178325148470741 0.5646334834100037 0
3142 -0.5890247790406804 -0.8363465608333679 0
3143 0.8363465608333888 -0.5890247790406631 0
3144 -0.8363465608332118 0.5890247790407093 0
3145 0.5890247790406915 0.8363465608332336 0
3146 -0.01688141153577928 0.9299675897485205 0
3147 -0.9299675897485216 -0.01688141153578903 0
3148 -0.01688141153810586 -0.9299675897485169 0
3149 0.9299675897485162 -0.01688141153811478 0
3150 0.1693634020775936 -0.7095584693549143 0
3151 0.7095584693549084 0.1693634020775928 0
3152 -0.6710083315642216 -0.3244882965470461 0
3153 -0.3244882965470467 0.6710083315642215 0
3154 0.3244882965470381 -0.6710083315642039 0
3155 0.6710083315642044 0.3244882965470379 0
3156 -0.1583920569419867 -0.753534923738891 0
3157 0.7535349237388884 -0.1583920569420037 0
3158 -0.5903464489998185 -0.01927096792877177 0
3159 0.01926505189344058 -0.5903442869717614 0
3160 -0.01927096792876919 0.5903464489998245 0
3161 0.5903442869717669 0.01926505189343725 0
3162 -0.2101761312610976 -0.6863335647109226 0
3163 0.6863335647109203 -0.2101761312611111 0
3164 -0.6861559412358669 0.2099435371090096 0
3165 0.209943537109025 0.6861559412358645 0
3166 -0.9219630772924289 -0.9401531628744477 0
3167 0.940086702255545 -0.9220859305200536 0
3168 -0.9220850156674016 0.9400850548590383 0
3169 0.9219630772924012 0.9401531628744393 0
3170 -0.3968084096599109 -0.2189573323782437 0
3171 -0.2189573323782444 0.3968084096599106 0
3172 0.2189573323782446 -0.3968084096599112 0
3173 0.396808409659911 0.218957332378245 0
3174 -0.389157309180169 -0.2665415199037116 0
3175 -0.2665415199037147 0.3891573091801667 0
3176 0.2665415199037146 -0.3891573091801563 0
3177 0.3891573091801556 0.2665415199037169 0
3178 0.6053637842822213 -0.04546409448493963 0
3179 -0.04546409448492772 -0.6053637842822148 0
3180 0.0440819876980121 0.6058091944028021 0
3181 -0.6058091944027919 0.04408198769800696 0
3182 0.1324398351584576 -0.7157759952110713 0
3183 0.7157759952110656 0.1324398351584577 0
3184 -0.5497411972409676 -0.1589234955245366 0
3185 -0.1589234955245381 0.549741197240967 0
3186 0.1589234955245508 -0.5497411972409552 0
3187 0.5497411972409546 0.1589234955245511 0
3188 -0.9337543510581903 -0.742114488995538 0
3189 -0.741220529646081 0.9341221284447855 0
3190 0.9337543510581302 0.7421144889954014 0
3191 -0.2859944442449074 -0.9108326243230417 0
3192 0.9108326243230426 -0.2859944442449127 0
3193 -0.910832096635116 -0.2859946974884338 0
3194 -0.285994697488428 0.9108320966351149 0
3195 -0.9104880623376698 0.2857454266497133 0
3196 0.2857454266497169 0.9104880623376715 0
3197 0.2857463869272116 -0.9104959984496656 0
3198 0.9104959984496636 0.2857463869272064 0
3199 -0.658015905460013 -0.5358023211463722 0
3200 -0.5358023211464104 0.6580159054599867 0
3201 0.5358023211463201 -0.6580159054600095 0
3202 0.658015905459984 0.535802321146357 0
3203 -0.8727428866188455 -0.6983952726574174 0
3204 -0.6977929248608281 0.8728924338406996 0
3205 0.8727428866187692 0.6983952726573457 0
3206 -0.9729891875194172 0.3418997498642902 0
3207 0.3418997498642913 0.9729891875194175 0
3208 -0.341854954709207 -0.9732474284597636 0
3209 0.9732474284597641 -0.3418549547092087 0
3210 0.3418997498630207 -0.9729891875196284 0
3211 0.9729891875196279 0.3418997498630182 0
3212 -0.9732474284599718 -0.3418549547079326 0
3213 -0.3418549547079306 0.9732474284599717 0
3214 -0.4500908388857585 -0.07906581870158126 0
3215 -0.07906581870158072 0.4500908388857598 0
3216 0.0790658187015896 -0.4500908388857591 0
3217 0.4500908388857603 0.07906581870158841 0
3218 -0.2947117744279125 -0.5511825948150002 0
3219 0.5511825948149938 -0.2947117744279062 0
3220 -0.5511825948150066 0.294711774427911 0
3221 0.2947117744279062 0.5511825948149998 0
3222 -0.5942383649100073 -0.1811787271718308 0
3223 -0.1811787271718326 0.5942383649100051 0
3224 0.1811787271718402 -0.5942383649099625 0
3225 0.5942383649099611 0.1811787271718406 0
3226 -0.8317051591835081 -0.2501137489772434 0
3227 -0.250113748977235 0.8317051591835063 0
3228 -0.2501231624487961 -0.8317110081382937 0
3229 0.8317110081382926 -0.2501231624488061 0
3230 0.2503733630962543 -0.8321173597484449 0
3231 0.8321173597484439 0.2503733630962474 0
3232 -0.8317034980496283 0.2501225595647977 0
3233 0.2501225595648096 0.8317034980496287 0
3234 -0.08831493591483383 -0.5370658129147439 0
3235 0.5370658129147443 -0.08831493591483483 0
3236 -0.5370658129147416 0.08831493591484643 0
3237 0.0883149359148481 0.5370658129147418 0
3238 -0.8911567697196545 -0.8046979838888929 0
3239 0.8911567697196627 0.804697983888905 0
3240 -0.7549262122470435 0.1602071820223352 0
3241 0.1602071820223541 0.7549262122470415 0
3242 0.2650389278969456 -0.7896804351979263 0
3243 0.7896804351979271 0.2650389278969358 0
3244 -0.7836167996385913 -0.6554958712092622 0
3245 -0.655495871209239 0.7836167996386189 0
3246 0.658254198982634 -0.7837568689246168 0
3247 0.783616799638491 0.655495871209232 0
3248 -0.4738644819432992 -0.2525240071009839 0
3249 -0.252524007100986 0.4738644819432983 0
3250 0.2525240071009996 -0.4738644819432924 0
3251 0.4738644819432919 0.2525240071010001 0
3252 0.09143141016884079 -0.7386913500601656 0
3253 0.7386913500601631 0.09143141016883696 0
3254 0.7655850477323295 -0.8302665207590259 0
3255 -0.7316842262679449 0.1413314964912264 0
3256 0.1413314964912448 0.7316842262679404 0
3257 -0.5629547991790111 -0.4157369991761845 0
3258 -0.415736999176189 0.5629547991790065 0
3259 0.4157369991761808 -0.5629547991790474 0
3260 0.5629547991790418 0.4157369991761845 0
3261 -0.7120941894962691 -0.8234674715165466 0
3262 -0.8234674715164825 0.7120941894962818 0
3263 0.7120941894962726 0.8234674715165178 0
3264 -0.2159703844883375 -0.3598716611501039 0
3265 0.3598716611501034 -0.2159703844883374 0
3266 -0.3598716611501041 0.2159703844883374 0
3267 0.2159703844883376 0.3598716611501034 0
3268 -0.8546110170665986 0.8887333824804179 0
3269 0.8889136303748484 -0.8543935285857384 0
3270 -0.3552169192997471 -0.5059759898918063 0
3271 0.5059759898918071 -0.3552169192997444 0
3272 -0.5059759898918123 0.3552169192997437 0
3273 0.3552169192997419 0.5059759898918126 0
3274 -0.8940260710219484 -0.6421638475304692 0
3275 -0.6421617480342745 0.8940265352358749 0
3276 0.6418678588500678 -0.8953044288907945 0
3277 0.8940260710217858 0.6421638475304452 0
3278 -0.07075543246340865 -0.7415876661148612 0
3279 0.7415876661148588 -0.0707554324634236 0
3280 -0.02699395687036913 -0.7237784210430028 0
3281 0.7237784210429874 -0.02699395687038031 0
3282 0.2384284852802604 -0.7390660212937098 0
3283 0.7390660212937092 0.238428485280257 0
3284 -0.7782746662562522 0.8492646826983505 0
3285 -0.8640484091381014 -0.7585688996980617 0
3286 0.8640484091381121 0.7585688996980383 0
3287 -0.540136340469625 -0.0536110727726531 0
3288 -0.05361107277265642 0.5401363404696286 0
3289 0.05361107277267099 -0.540136340469628 0
3290 0.5401363404696315 0.05361107277267292 0
3291 -0.716874631926195 -0.3218809192718399 0
3292 -0.3218809192718389 0.7168746319261956 0
3293 0.3218809192717808 -0.7168746319261332 0
3294 0.7168746319261339 0.3218809192717776 0
3295 -0.4143920351880795 -0.3136714014729403 0
3296 -0.3136714014729433 0.4143920351880781 0
3297 0.3136714014729446 -0.4143920351880752 0
3298 0.4143920351880742 0.3136714014729471 0
3299 -0.7370712848213375 0.05527930442084199 0
3300 0.05527930442085414 0.7370712848213324 0
3301 -0.9729113416368653 -0.464303571557952 0
3302 -0.4643035715579336 0.9729113416368703 0
3303 0.4643035715581686 -0.9729113416366025 0
3304 0.9729113416366086 0.464303571558148 0
3305 -0.4643035715604848 -0.9729113416369644 0
3306 0.9729113416369696 -0.4643035715604747 0
3307 -0.9729113416367032 0.4643035715606996 0
3308 0.4643035715606896 0.9729113416367083 0
3309 -0.6980456968993267 -0.5220963730507692 0
3310 -0.5220963730507727 0.6980456968993165 0
3311 0.5220963730507836 -0.698045696899366 0
3312 0.6980456968993562 0.5220963730507848 0
3313 -0.2473432661281411 -0.5288606344956281 0
3314 0.5288606344956268 -0.2473432661281375 0
3315 -0.5288606344956293 0.2473432661281343 0
3316 0.2473432661281319 0.5288606344956281 0
3317 -0.9760435649588366 -0.3866389414415269 0
3318 -0.3866389414415191 0.9760435649588401 0
3319 -0.3866389414436683 -0.9760435649582733 0
3320 0.976043564958275 -0.3866389414436672 0
3321 0.3866389414407078 -0.9760435649580841 0
3322 0.9760435649580887 0.3866389414406975 0
3323 -0.9760435649575214 0.386638941442849 0
3324 0.3866389414428486 0.9760435649575228 0
3325 -0.5957537750061221 -0.3262666008736295 0
3326 -0.3262666008736316 0.5957537750061221 0
3327 0.3262666008736565 -0.5957537750061274 0
3328 0.5957537750061277 0.3262666008736566 0
3329 -0.903076706516907 -0.5920168705005838 0
3330 -0.5920168705005583 0.9030767065169144 0
3331 0.5920168705005942 -0.903076706516728 0
3332 0.9030767065167351 0.5920168705005677 0
3333 -0.5068144395459093 -0.701853523992005 0
3334 0.7018535239920108 -0.5068144395459105 0
3335 -0.7018535239920087 0.5068144395459478 0
3336 0.5068144395459494 0.7018535239920136 0
3337 -0.5655220077623295 -0.1340923490469225 0
3338 -0.1340923490469234 0.5655220077623284 0
3339 0.1340923490469414 -0.5655220077623193 0
3340 0.5655220077623171 0.1340923490469412 0
3341 -0.6536376883736839 -0.1825249176311076 0
3342 -0.1825249176311086 0.6536376883736817 0
3343 0.1807135313665529 -0.6537727284519586 0
3344 0.653772728451957 0.1807135313665535 0
3345 0.8290293788258443 -0.8545405975898162 0
3346 0.7654400759170183 -0.7770176708093021 0
3347 -0.60718123767831 -0.6410792501418081 0
3348 0.641079250141846 -0.6071812376783441 0
3349 -0.6410792501417569 0.6071812376783189 0
3350 0.6071812376783521 0.6410792501417941 0
3351 -0.6342878171907496 -0.4859806219210037 0
3352 -0.4859806219210052 0.6342878171907533 0
3353 0.4859806219210218 -0.6342878171907163 0
3354 0.6342878171907208 0.4859806219210216 0
3355 -0.4051491852981957 -0.602767786275433 0
3356 0.6027677862754299 -0.4051491852982012 0
3357 -0.602767786275443 0.4051491852981949 0
3358 0.4051491852982004 0.6027677862754414 0
3359 0.7233353842929309 -0.8988138133615547 0
3360 -0.4167957617268265 -0.1790330222891162 0
3361 -0.1790330222891163 0.4167957617268265 0
3362 0.1790330222891205 -0.416795761726829 0
3363 0.4167957617268289 0.1790330222891202 0
3364 -0.9413091192690057 -0.7903038306670309 0
3365 -0.7911351199816619 0.9422514890347126 0
3366 -0.7909211190993717 -0.941809768517609 0
3367 0.9422514890347646 -0.7911351199822582 0
3368 0.9413091192688215 0.7903038306667626 0
3369 -0.9422514890345388 0.7911351199820373 0
3370 0.7909211190990889 0.9418097685174029 0
3371 0.08385632754698918 -0.8114562964872163 0
3372 0.8114562964872115 0.08385632754697978 0
3373 -0.9219455173920439 -0.5216290036747161 0
3374 -0.5216290036746997 0.9219455173920532 0
3375 0.5216290036746154 -0.9219455173917775 0
3376 0.9219455173917874 0.5216290036745952 0
3377 -0.7397486210401731 0.2405416198677489 0
3378 0.2405416198677615 0.7397486210401679 0
3379 0.4672088382315037 -0.3821098815636597 0
3380 -0.3821098815636601 -0.467208838231491 0
3381 0.3821098815636584 0.4672088382315076 0
3382 -0.4672088382314957 0.3821098815636579 0
3383 -0.8964204278945902 0.8172110048676358 0
3384 -0.4316336620129694 -0.4687590602753076 0
3385 -0.4687590602753118 0.4316336620129649 0
3386 0.4687590602753348 -0.4316336620129851 0
3387 0.4316336620129804 0.4687590602753373 0
3388 -0.9354108329999282 -0.5008456782520458 0
3389 -0.5008456782520303 0.9354108329999338 0
3390 0.5008456782518229 -0.9354108329996191 0
3391 0.9354108329996268 0.5008456782518049 0
3392 -0.4554839009761254 -0.04039434158878029 0
3393 -0.04039434158877975 0.4554839009761277 0
3394 0.04039434158878788 -0.4554839009761291 0
3395 0.4554839009761311 0.0403943415887868 0
3396 -0.2405706343320047 -0.7397540603650989 0
3397 0.7397540603650945 -0.2405706343320173 0
3398 -0.3981150967355585 -0.5667366333711171 0
3399 0.5667366333710941 -0.3981150967355876 0
3400 -0.566736633371132 0.3981150967355518 0
3401 0.3981150967355804 0.5667366333711095 0
3402 0.04997122480411312 0.9785778223526554 0
3403 -0.9785778223526567 0.04997122480411211 0
3404 0.04997122480379101 -0.9785778223531747 0
3405 0.9785778223531749 0.04997122480378999 0
3406 -0.9397907006366393 0.0751103933054158 0
3407 0.07511039330542399 0.9397907006366399 0
3408 0.07511039330285121 -0.9397907006369874 0
3409 0.9397907006369876 0.07511039330284429 0
3410 -0.1447062608575026 -0.7341207691286137 0
3411 0.7341207691286095 -0.1447062608575204 0
3412 0.6087659282190634 -0.2213590201711372 0
3413 -0.2213590201711451 -0.6087659282190617 0
3414 0.221359020171122 0.6087659282190601 0
3415 -0.6087659282190593 0.2213590201711267 0
3416 -0.8317073655855891 -0.5874673874170027 0
3417 -0.5874673874169976 0.8317073655855913 0
3418 0.5874673874170456 -0.8317073655855316 0
3419 0.8317073655855338 0.587467387417037 0
3420 -0.7369268999783125 0.0271040580494044 0
3421 0.02710405804941634 0.7369268999783037 0
3422 -0.6894684315793432 -0.7277740809614057 0
3423 0.729400899965208 -0.6912508052005918 0
3424 -0.72777408096133 0.68946843157939 0
3425 0.6894684315793305 0.7277740809614097 0
3426 -0.9357153734884511 -0.8882107172042687 0
3427 -0.9356913812134742 0.8882696344419888 0
3428 0.8882755529330271 -0.9356940631745232 0
3429 0.9357153734884941 0.888210717204257 0
3430 -0.626698531222781 -0.8650098245157051 0
3431 0.8647875606815769 -0.6303301516652642 0
3432 -0.8650098245155331 0.6266985312228263 0
3433 0.6266985312228099 0.8650098245155503 0
3434 -0.7394818941487115 -0.2416468150229878 0
3435 -0.2416468150229866 0.7394818941487133 0
3436 -0.4974542742048083 -0.407631181377165 0
3437 -0.4076311813771679 0.4974542742048073 0
3438 0.4076311813771911 -0.497454274204802 0
3439 0.4974542742048014 0.4076311813771922 0
3440 -0.4750996764860912 -0.4457057389459561 0
3441 -0.4457057389459595 0.47509967648609 0
3442 0.445705738945977 -0.475099676486064 0
3443 0.4750996764860618 0.4457057389459788 0
3444 -0.6808916811112132 0.03909478696285434 0
3445 0.03909478696287211 0.6808916811112097 0
3446 -0.3128690121354893 -0.6263820689896061 0
3447 0.6263820689895951 -0.3128690121354957 0
3448 -0.6263820689895914 0.3128690121355102 0
3449 0.3128690121355175 0.6263820689895803 0
3450 -0.04148755292104821 -0.8841225533133086 0
3451 0.8841225533133039 -0.04148755292105605 0
3452 -0.8765923027850425 -0.0389900893742933 0
3453 -0.03899008937428157 0.8765923027850402 0
3454 -0.6415115527505055 -0.8937436151046801 0
3455 0.8911283625688676 -0.6434433265985215 0
3456 -0.8937436151045186 0.6415115527505053 0
3457 0.6415115527504834 0.8937436151045367 0
3458 -0.7623281846182367 -0.882141718047139 0
3459 -0.8828444302845917 0.7630492714862271 0
3460 0.7623281846181865 0.8821417180471107 0
3461 -0.5970978131435104 -0.9029093748153552 0
3462 0.9029093748153667 -0.5970978131434943 0
3463 -0.9029093748150958 0.5970978131434361 0
3464 0.5970978131434206 0.9029093748151071 0
3465 -0.5223699310928992 -0.5505014049758283 0
3466 -0.5505014049758363 0.5223699310928935 0
3467 0.5505014049758205 -0.5223699310929605 0
3468 0.5223699310929533 0.5505014049758269 0
3469 -0.4350240026541329 -0.2725603649102595 0
3470 -0.2725603649102616 0.4350240026541314 0
3471 0.2725603649102653 -0.4350240026541272 0
3472 0.4350240026541263 0.272560364910267 0
3473 -0.793044115783814 0.8958168961564934 0
3474 0.8959633346073945 -0.7926757805696706 0
3475 -0.7346110735478003 -0.02519206453367652 0
3476 -0.02519206453366505 0.7346110735477945 0
3477 -0.05336861142560107 0.9103728276544333 0
3478 -0.9103728276544364 -0.05336861142561165 0
3479 -0.05372539193443877 -0.9114485777301398 0
3480 0.9114485777301388 -0.05372539193444777 0
3481 -0.9408787212033559 -0.6541938451474254 0
3482 -0.6541938451473951 0.9408787212033636 0
3483 0.6541938451475041 -0.9408787212033134 0
3484 0.9408787212033183 0.6541938451474735 0
3485 -0.654193845148898 -0.940878721203678 0
3486 0.9408787212036851 -0.6541938451488774 0
3487 -0.9408787212036346 0.6541938451489732 0
3488 0.6541938451489502 0.9408787212036412 0
3489 0.7903394621307526 -0.9434613369897058 0
3490 0.8438052401092948 -0.7731740842913487 0
3491 0.8727543865917707 -0.7545103342044649 0
3492 -0.1197573621868742 -0.7798429349714798 0
3493 0.7798429349714771 -0.1197573621868889 0
3494 -0.9026612501396998 -0.4157103540956953 0
3495 -0.4157103540956897 0.9026612501396991 0
3496 0.4157103540955109 -0.902661250139646 0
3497 0.9026612501396444 0.4157103540955045 0
3498 -0.4130473598764237 -0.9061660358564517 0
3499 0.9061660358564506 -0.4130473598764241 0
3500 -0.9061660358563421 0.4130473598763406 0
3501 0.4130473598763421 0.906166035856341 0
3502 -0.7588069138039856 0.866852047168943 0
3503 -0.9433265057778546 -0.9201988863449782 0
3504 0.920198615529916 -0.9433434295968062 0
3505 0.9433265057778686 0.9201988863449372 0
3506 -0.9433428301278932 0.9201973545487717 0
3507 -0.3074050260731761 -0.8617347548986949 0
3508 0.8617347548986972 -0.3074050260731809 0
3509 -0.8617347548991854 -0.3074050260701558 0
3510 -0.3074050260701509 0.8617347548991833 0
3511 -0.8617347548984766 0.3074050260731698 0
3512 0.307405026073172 0.8617347548984792 0
3513 0.3074050260701476 -0.8617347548989654 0
3514 0.8617347548989626 0.3074050260701452 0
3515 -0.2084017825806549 -0.5169603096274129 0
3516 0.5169603096274135 -0.2084017825806554 0
3517 -0.5169603096274057 0.2084017825806408 0
3518 0.2084017825806425 0.5169603096274067 0
3519 -0.1627182863297554 -0.6753547802898703 0
3520 0.6753547802898572 -0.1627182863297657 0
3521 -0.1161671101818778 0.9786622932843811 0
3522 -0.9786622932843825 -0.1161671101818785 0
3523 0.978662293284476 -0.1161671101820541 0
3524 -0.1161671101820535 -0.9786622932844763 0
3525 -0.7090088727840178 -0.4767717582643932 0
3526 -0.4767717582643915 0.7090088727840184 0
3527 0.476771758264449 -0.7090088727840307 0
3528 0.7090088727840317 0.4767717582644461 0
3529 -0.726462785741963 -0.4495706880389283 0
3530 -0.4495706880389277 0.7264627857419633 0
3531 0.4495706880389547 -0.7264627857419674 0
3532 0.7264627857419679 0.4495706880389529 0
3533 0.8188926218144981 -0.759416681947707 0
3534 -0.2011355753516636 0.935774646011703 0
3535 -0.9357746460117042 -0.2011355753516708 0
3536 -0.2011355753542692 -0.9357746460113717 0
3537 0.9357746460113714 -0.201135575354275 0
3538 -0.5045496260489474 -0.8959542639336701 0
3539 0.8959542639336782 -0.5045496260489357 0
3540 -0.8959542639334865 0.5045496260488269 0
3541 0.5045496260488154 0.8959542639334952 0
3542 -0.4819869778611282 -0.9067501149482133 0
3543 0.9067501149482174 -0.4819869778611183 0
3544 -0.9067501149481942 0.4819869778608569 0
3545 0.4819869778608479 0.9067501149481985 0
3546 -0.1684478776394684 -0.433308759703259 0
3547 0.4333087597032562 -0.168447877639467 0
3548 -0.4333087597032595 0.1684478776394678 0
3549 0.1684478776394667 0.4333087597032566 0
3550 -0.6465341673563434 -0.6515932527178967 0
3551 0.6515932527179223 -0.6465341673563705 0
3552 -0.6515932527178214 0.6465341673563555 0
3553 0.6465341673563824 0.6515932527178464 0
3554 -0.6389926612325977 -0.6837376713633712 0
3555 0.6837376713634258 -0.6389926612326016 0
3556 -0.6837376713632684 0.6389926612326369 0
3557 0.6389926612326403 0.6837376713633222 0
3558 -0.9774455033730129 -0.6212535080705466 0
3559 -0.6212535080705247 0.9774455033730218 0
3560 -0.6211909995341861 -0.9773835406316299 0
3561 0.9773836192805654 -0.6211909800329487 0
3562 0.6212561210223386 -0.9774621816547553 0
3563 0.9774455033725653 0.6212535080700172 0
3564 -0.9773835406311822 0.6211909995336653 0
3565 0.6211909995336508 0.9773835406311887 0
3566 -0.6588319972549663 -0.05753263152888206 0
3567 -0.05753263152888453 0.658831997254969 0
3568 0.05488475819634114 -0.6627320432012077 0
3569 0.6627320432012127 0.05488475819634007 0
3570 0.6983858816628461 -0.876362095637133 0
3571 -0.4615342954252226 -0.7986811153668337 0
3572 0.7986811153668375 -0.4615342954252218 0
3573 -0.7986811153668394 0.4615342954252468 0
3574 0.4615342954252475 0.7986811153668438 0
3575 -0.7716025828563039 0.06004853778136794 0
3576 0.06004853778137687 0.7716025828563016 0
3577 -0.7899574789470125 -0.4505899929052917 0
3578 -0.4505899929052903 0.7899574789470105 0
3579 0.4505899929052473 -0.7899574789469697 0
3580 0.7899574789469681 0.4505899929052463 0
3581 -0.6173654363460329 -0.33986994318324 0
3582 -0.3398699431832421 0.6173654363460326 0
3583 0.3398699431832657 -0.6173654363460408 0
3584 0.6173654363460408 0.3398699431832657 0
3585 -0.98021520408739 0.3166666666647714 0
3586 0.3166666666647714 0.9802152040873894 0
3587 -0.3166666666685622 -0.9802152040880461 0
3588 0.9802152040880455 -0.3166666666685622 0
3589 0.3166666666647714 -0.9802152040880113 0
3590 0.9802152040880112 0.3166666666647714 0
3591 -0.9802152040886671 -0.3166666666685622 0
3592 -0.3166666666685622 0.9802152040886679 0
3593 0.7372269027600631 -0.8117311171131146 0
3594 -0.506651758496903 -0.3101340077337628 0
3595 -0.3101340077337664 0.5066517584969034 0
3596 0.3101340077337792 -0.5066517584968911 0
3597 0.5066517584968915 0.3101340077337805 0
3598 -0.7542554622891445 0.3019995167627099 0
3599 0.3019995167627179 0.7542554622891423 0
3600 -0.3020013974793306 -0.7542575515234691 0
3601 0.7542575515234666 -0.3020013974793385 0
3602 -0.6314089185775278 0.08098285044436172 0
3603 0.08098285044436816 0.631408918577532 0
3604 -0.4826431582471366 -0.2099189168598161 0
3605 -0.2099189168598176 0.4826431582471366 0
3606 0.209918916859831 -0.4826431582471392 0
3607 0.4826431582471388 0.2099189168598311 0
3608 -0.05750751253177479 -0.7973007749077473 0
3609 0.7973007749077423 -0.05750751253178422 0
3610 0.902506569072446 -0.08572977663949673 0
3611 -0.08572977663948816 -0.9025065690724456 0
3612 -0.902396798656056 -0.08569337046292841 0
3613 -0.08569337046291856 0.9023967986560515 0
3614 -0.08586100119909454 -0.5870946801260553 0
3615 0.587094680126057 -0.08586100119910992 0
3616 -0.5889409829781046 0.08563791038209909 0
3617 0.08563791038211271 0.5889409829781082 0
3618 -0.2233135593980673 -0.4033023019199637 0
3619 0.4033023019199604 -0.2233135593980666 0
3620 -0.4033023019199643 0.2233135593980674 0
3621 0.2233135593980675 0.4033023019199609 0
3622 -0.5247062340064581 -0.1526878805683893 0
3623 -0.1526878805683908 0.5247062340064579 0
3624 0.1526878805684072 -0.5247062340064561 0
3625 0.5247062340064562 0.1526878805684078 0
3626 -0.08529269955608736 -0.4118040755957079 0
3627 0.411804075595708 -0.08529269955608738 0
3628 -0.411804075595707 0.08529269955608745 0
3629 0.0852926995560875 0.411804075595707 0
3630 -0.689883730225204 -0.5661537162328413 0
3631 -0.5661537162328225 0.6898837302251879 0
3632 0.5661537162328003 -0.6898837302252231 0
3633 0.6898837302252074 0.5661537162327799 0
3634 0.1310492922198544 -0.9076428263751326 0
3635 0.9076428263751291 0.1310492922198501 0
3636 -0.9076428263750074 0.1310492922225101 0
3637 0.1310492922225225 0.9076428263750023 0
3638 -0.8485375448335413 -0.7782428448104094 0
3639 0.8485375448335433 0.7782428448103771 0
3640 -0.9763225536348059 -0.7587429298467778 0
3641 -0.7591225690644651 0.9760063470965297 0
3642 -0.758779916980673 -0.9762649501176162 0
3643 0.9759818099406188 -0.759128653121669 0
3644 0.759855356232674 -0.9752390114096225 0
3645 0.9763225536346825 0.7587429298462491 0
3646 -0.9762699621645023 0.7587699819958704 0
3647 0.758779916980147 0.9762649501174883 0
3648 0.02065645458074863 -0.7871516174147438 0
3649 0.7871516174147389 0.02065645458073893 0
3650 -0.4653708581012667 -0.3947085143049179 0
3651 -0.394708514304921 0.4653708581012668 0
3652 0.3947085143049295 -0.4653708581012519 0
3653 0.4653708581012532 0.3947085143049303 0
3654 -0.6391960365173928 -0.1026058341995952 0
3655 -0.1026058341995993 0.6391960365173934 0
3656 0.1037261007461519 -0.639156393411542 0
3657 0.6391563934115426 0.103726100746155 0
3658 -0.645997310989149 -0.1280169314770408 0
3659 -0.1280169314770437 0.6459973109891484 0
3660 0.1264069553881206 -0.6394814228014434 0
3661 0.6394814228014428 0.1264069553881227 0
3662 -0.2292867329041444 -0.4765398501599561 0
3663 0.4765398501599519 -0.229286732904142 0
3664 -0.4765398501599579 0.2292867329041423 0
3665 0.2292867329041411 0.476539850159954 0
3666 -0.3806357054676802 -0.3930235127127863 0
3667 0.3930235127127917 -0.3806357054676794 0
3668 -0.3930235127127901 0.3806357054676789 0
3669 0.3806357054676787 0.3930235127127947 0
3670 -0.7748746202068881 -0.1180573365674631 0
3671 -0.1180573365674554 0.7748746202068838 0
3672 -0.7279755059729739 -0.7605401323549461 0
3673 -0.7605401323548889 0.727975505973008 0
3674 0.7279755059729834 0.7605401323549419 0
3675 -0.7366568199143502 -0.8139756035835609 0
3676 -0.8139756035835202 0.7366568199143567 0
3677 0.7366568199143557 0.813975603583548 0
3678 -0.7009975762162324 -0.1211059607728713 0
3679 -0.1211059607728732 0.7009975762162242 0
3680 -0.8621698565094587 0.01039160503712602 0
3681 0.01039160503713684 0.8621698565094559 0
3682 0.008323688612398688 -0.8593010259623957 0
3683 0.8593010259623933 0.00832368861238841 0
3684 -0.2467144863715739 -0.4027104281544527 0
3685 0.4027104281544492 -0.2467144863715724 0
3686 -0.4027104281544537 0.2467144863715741 0
3687 0.2467144863715736 0.40271042815445 0
3688 0.1235362105554861 -0.6839754257697546 0
3689 0.6839754257697541 0.1235362105554865 0
3690 -0.8143954763457676 -0.7329749369457321 0
3691 -0.7329364769412644 0.8144707708731859 0
3692 0.8143954763457715 0.7329749369456566 0
3693 0.03600739860511739 -0.9337291036357958 0
3694 0.9337291036357968 0.03600739860510755 0
3695 -0.9337291036354054 0.03600739860779623 0
3696 0.03600739860780909 0.933729103635403 0
3697 -0.4853116431873689 -0.7230980960525832 0
3698 0.7230980960525918 -0.4853116431873731 0
3699 -0.7230980960525809 0.4853116431873646 0
3700 0.4853116431873694 0.7230980960525892 0
3701 -0.7945348342885381 -0.2692532389793298 0
3702 -0.2692532389793243 0.7945348342885392 0
3703 -0.8979911516839342 -0.4438738748942833 0
3704 -0.4438738748942768 0.8979911516839352 0
3705 0.4438738748941172 -0.8979911516838741 0
3706 0.8979911516838746 0.4438738748941098 0
3707 -0.1397204985652349 -0.4016605978135444 0
3708 0.4016605978135437 -0.1397204985652345 0
3709 -0.4016605978135445 0.1397204985652348 0
3710 0.1397204985652345 0.4016605978135439 0
3711 0.7425810619851522 -0.9388682640584898 0
3712 -0.5561567872428504 -0.6429676378222632 0
3713 0.6429676378222935 -0.5561567872428714 0
3714 -0.6429676378222432 0.5561567872428622 0
3715 0.556156787242882 0.642967637822272 0
3716 -0.7553214048596329 -0.3050312427275562 0
3717 -0.3050312427275562 0.7553214048596373 0
3718 0.3059249676809261 -0.7561582215353666 0
3719 0.7561582215353695 0.3059249676809239 0
3720 -0.05748263259160917 -0.6304612871517836 0
3721 0.6304612871517854 -0.05748263259161436 0
3722 -0.6300351419321992 0.05539655611099951 0
3723 0.05539655611100515 0.6300351419322043 0
3724 0.1999787588299435 -0.81300878599586 0
3725 0.8130087859958575 0.1999787588299357 0
3726 -0.9406332588147576 -0.3401347311345297 0
3727 -0.3401347311345255 0.9406332588147568 0
3728 -0.3401246250448766 -0.9406314422984458 0
3729 0.9406314422984472 -0.3401246250448801 0
3730 0.3401795262911034 -0.9403750178743981 0
3731 0.9403750178743966 0.3401795262910988 0
3732 -0.9403732013580828 0.3401694202014459 0
3733 0.340169420201449 0.9403732013580839 0
3734 -0.7318816891177048 0.1955372096269452 0
3735 0.1955372096269613 0.731881689117697 0
3736 -0.6870151070253663 -0.4293090931508037 0
3737 -0.4293090931508033 0.6870151070253674 0
3738 0.4293090931508486 -0.6870151070253623 0
3739 0.6870151070253634 0.4293090931508459 0
3740 -0.6736735193288391 -0.516057488579746 0
3741 -0.516057488579754 0.6736735193288217 0
3742 0.5160574885797895 -0.673673519328885 0
3743 0.673673519328868 0.5160574885797955 0
3744 -0.1201033586533151 -0.6976859814062034 0
3745 0.6976859814061972 -0.1201033586533308 0
3746 -0.1964154256939828 -0.7325427520555364 0
3747 0.7325427520555282 -0.1964154256939984 0
3748 -0.7840689009538033 0.1315026303432603 0
3749 0.1315026303432732 0.7840689009537987 0
3750 -0.6791374741190693 -0.7540013573499362 0
3751 -0.7540013573498551 0.679137474119115 0
3752 0.7533617096613667 -0.6805514613846185 0
3753 0.6791374741190447 0.7540013573499112 0
3754 -0.7321834240952346 -0.1950675424559774 0
3755 -0.1950675424559763 0.7321834240952287 0
3756 -0.6770309429372359 -0.6533209055947841 0
3757 0.6533209055947606 -0.6770309429372414 0
3758 -0.6533209055947244 0.6770309429372425 0
3759 0.6770309429372487 0.6533209055947004 0
3760 -0.3293555520569033 -0.8052377666705327 0
3761 0.8052377666705334 -0.3293555520569091 0
3762 -0.8052407359203633 0.3293633165009777 0
3763 0.329363316500984 0.8052407359203629 0
3764 -0.705179179083254 -0.1694348732541131 0
3765 -0.1694348732541148 0.70517917908325 0
3766 -0.192603304840212 -0.6423983997746623 0
3767 0.6423983997746624 -0.1926033048402133 0
3768 -0.6422865383223817 0.1924635021907788 0
3769 0.1924635021907817 0.6422865383223819 0
3770 -0.9761143044059324 0.545517014513316 0
3771 0.545517014513309 0.9761143044059351 0
3772 0.5462081163137967 -0.9767851895159012 0
3773 0.9767851895159048 0.546208116313786 0
3774 -0.545517014514898 -0.9761143044062024 0
3775 0.9761143044062058 -0.5455170145148914 0
3776 -0.9767851895161654 -0.5462081163152843 0
3777 -0.5462081163152742 0.9767851895161688 0
3778 -0.8181355951354238 -0.415986815418155 0
3779 -0.4159868154181542 0.8181355951354229 0
3780 0.4159868154180757 -0.8181355951353237 0
3781 0.8181355951353231 0.4159868154180755 0
3782 -0.7482600615293329 -0.07276116425405015 0
3783 -0.07276116425403878 0.7482600615293338 0
3784 -0.7584426200309363 -0.3521668310505505 0
3785 -0.3521668310505526 0.758442620030936 0
3786 0.3521668310505545 -0.7584426200308081 0
3787 0.7584426200308088 0.3521668310505541 0
3788 -0.2694206033681427 -0.7947060270759572 0
3789 0.7947060270759542 -0.2694206033681527 0
3790 -0.804616766495728 -0.3282123015506761 0
3791 -0.3282123015506755 0.8046167664957287 0
3792 0.3284907412039241 -0.8046091677708894 0
3793 0.8046091677708893 0.3284907412039213 0
3794 -0.544892447816324 -0.4896928980279405 0
3795 -0.4896928980279451 0.5448924478163188 0
3796 0.4896928980279356 -0.5448924478163631 0
3797 0.5448924478163562 0.4896928980279384 0
3798 -0.3527630916438729 -0.7572323028140515 0
3799 0.7572323028140566 -0.3527630916438788 0
3800 -0.7572323028138598 0.3527630916439965 0
3801 0.3527630916440027 0.757232302813867 0
3802 -0.6078024475444892 -0.6980859725698803 0
3803 -0.698085972569759 0.6078024475445447 0
3804 0.6980859725699149 -0.6078024475444866 0
3805 0.6078024475445414 0.698085972569793 0
3806 -0.8551948997139713 0.1204270278075918 0
3807 0.1203158510131803 -0.8516674468265859 0
3808 0.1204270278076005 0.8551948997139679 0
3809 0.8516674468265827 0.1203158510131731 0
3810 -0.4807422121890751 -0.6122333880631082 0
3811 0.6122333880631283 -0.4807422121890955 0
3812 -0.6122333880631112 0.4807422121890814 0
3813 0.4807422121891015 0.6122333880631303 0
3814 -0.6184220425194834 -0.7834223174832188 0
3815 0.7849865278927239 -0.6173491197889927 0
3816 -0.7834223174830957 0.6184220425195179 0
3817 0.6184220425194937 0.7834223174831219 0
3818 -0.03631655530017331 -0.6512038726261995 0
3819 0.6512038726261984 -0.03631655530017565 0
3820 -0.7946913043009812 0.2694516369250963 0
3821 0.2694516369251067 0.7946913043009775 0
3822 -0.005969715585727443 -0.4976312477977009 0
3823 0.4976312477977015 -0.005969715585724138 0
3824 -0.497631247797695 0.0059697155857291 0
3825 0.005969715585726149 0.4976312477976962 0
3826 -0.5844654646887268 -0.374495825288828 0
3827 -0.3744958252888298 0.5844654646887256 0
3828 0.3744958252888559 -0.5844654646887281 0
3829 0.584465464688728 0.3744958252888552 0
3830 -0.6112401292164307 -0.2381413897228288 0
3831 -0.2381413897228303 0.6112401292164296 0
3832 0.2381413897228478 -0.6112401292164206 0
3833 0.6112401292164201 0.2381413897228482 0
3834 -0.6036573173780559 -0.1608228123365041 0
3835 -0.1608228123365058 0.6036573173780546 0
3836 0.1608228123365167 -0.6036573173780135 0
3837 0.6036573173780122 0.1608228123365172 0
3838 -0.980241671890576 0.6820992009021686 0
3839 0.6820992009021493 0.9802416718905691 0
3840 0.6820992009010746 -0.9802416718898821 0
3841 0.9802416718898718 0.6820992009010475 0
3842 -0.6820992009024814 -0.9802416718898358 0
3843 0.9802416718898266 -0.6820992009024581 0
3844 -0.9802416718891409 -0.6820992009013811 0
3845 -0.6820992009013571 0.98024167188913 0
3846 -0.5569226223307776 -0.5899415075951271 0
3847 0.5899415075951605 -0.5569226223307929 0
3848 -0.5899415075951372 0.5569226223307778 0
3849 0.5569226223307936 0.5899415075951682 0
3850 0.860053705097704 -0.6967354925402415 0
3851 -0.6746000491396491 -0.1260369866073057 0
3852 -0.126036986607308 0.6746000491396466 0
3853 -0.6673008215985315 -0.8913231169003855 0
3854 0.895355924791426 -0.6678494751056272 0
3855 -0.8913231169002602 0.6673008215985239 0
3856 0.6673008215985025 0.891323116900274 0
3857 -0.4913568959115603 -0.0436300939241249 0
3858 -0.04363009392412366 0.4913568959115675 0
3859 0.04363009392413895 -0.4913568959115657 0
3860 0.4913568959115728 0.04363009392413683 0
3861 -0.3536980017132312 -0.4334900478888311 0
3862 0.4334900478888373 -0.3536980017132268 0
3863 -0.4334900478888351 0.3536980017132303 0
3864 0.3536980017132272 0.4334900478888408 0
3865 -0.2925406982865438 -0.673363202078648 0
3866 0.6733632020786453 -0.2925406982865657 0
3867 -0.6733632020786398 0.2925406982865254 0
3868 0.2925406982865463 0.673363202078636 0
3869 -0.1220819240904248 0.9248980400950884 0
3870 -0.9248980400950911 -0.1220819240904295 0
3871 -0.1220819240917944 -0.9248980400952832 0
3872 0.9248980400952835 -0.1220819240917993 0
3873 -0.8642454330517556 -0.6145971103296701 0
3874 -0.614597110329635 0.8642454330517705 0
3875 0.6145971103297264 -0.8642454330515951 0
3876 0.8642454330516089 0.6145971103296924 0
3877 -0.8016300898504409 -0.6799533887352289 0
3878 -0.67995186797811 0.8016307883129838 0
3879 0.6793525642751934 -0.8016375248090233 0
3880 0.8016300898504007 0.6799533887352173 0
3881 -0.523002843977895 -0.4313865145807679 0
3882 -0.4313865145807719 0.5230028439778935 0
3883 0.43138651458081 -0.5230028439778975 0
3884 0.5230028439778949 0.4313865145808126 0
3885 -0.1586031833356522 -0.4620076778232406 0
3886 0.4620076778232387 -0.1586031833356527 0
3887 -0.4620076778232339 0.1586031833356484 0
3888 0.1586031833356494 0.4620076778232317 0
3889 0.1402245643608724 -0.760966984475573 0
3890 0.7609669844755695 0.1402245643608668 0
3891 -0.42279546146439 -0.5581480411497598 0
3892 -0.5581480411497693 0.4227954614643856 0
3893 0.5581480411497755 -0.4227954614644094 0
3894 0.4227954614644046 0.5581480411497843 0
3895 -0.1343051078163167 -0.5863227873638194 0
3896 0.5863227873638148 -0.1343051078163275 0
3897 -0.5873771719527447 0.1342093708315871 0
3898 0.1342093708315972 0.5873771719527406 0
3899 -0.7167006830725642 -0.3450761923067499 0
3900 -0.3450761923067494 0.7167006830725644 0
3901 0.3450761923066911 -0.7167006830724219 0
3902 0.7167006830724211 0.3450761923066882 0
3903 -0.6920546375277841 -0.8021999792037354 0
3904 -0.8021999792036539 0.6920546375278132 0
3905 0.6920546375277946 0.8021999792037047 0
3906 -0.4180941720214739 -0.8184380403737266 0
3907 0.8184380403737297 -0.418094172021477 0
3908 -0.8184380403736585 0.4180941720214053 0
3909 0.4180941720214087 0.8184380403736622 0
3910 0.4409460759253001 -0.3840858372898968 0
3911 -0.3840858372898995 -0.440946075925272 0
3912 -0.4409460759252747 0.3840858372898976 0
3913 0.384085837289896 0.4409460759253014 0
3914 -0.8366220350266746 -0.4584241240931574 0
3915 -0.4584241240931535 0.8366220350266763 0
3916 0.4584241240930067 -0.8366220350266368 0
3917 0.8366220350266376 0.4584241240930023 0
3918 -0.8590861218244775 -0.9119761818294501 0
3919 0.859086121824475 0.9119761818293988 0
3920 -0.4572895914849384 -0.7102158863182828 0
3921 0.7102158863182861 -0.4572895914849435 0
3922 -0.7102158863182436 0.4572895914850257 0
3923 0.4572895914850311 0.7102158863182464 0
3924 -0.6983884632541231 0.1209735131025092 0
3925 0.1209735131025262 0.6983884632541176 0
3926 -0.7485412596282189 -0.3826376711648992 0
3927 -0.3826376711648971 0.7485412596282212 0
3928 0.3826376711648565 -0.7485412596281784 0
3929 0.748541259628181 0.3826376711648548 0
3930 -0.7095444300085126 0.09726500826648236 0
3931 0.09726500826649997 0.7095444300085086 0
3932 -0.2411188904865911 -0.5889776559040903 0
3933 0.5889776559040913 -0.2411188904865847 0
3934 -0.588977654699305 0.2411188549129177 0
3935 0.2411188549129132 0.588977654699306 0
3936 -0.6769872225564788 -0.2065698650172498 0
3937 -0.2065698650172506 0.6769872225564761 0
3938 0.2065698650172648 -0.6769872225564131 0
3939 0.6769872225564105 0.2065698650172649 0
3940 -0.6030153851574743 -0.2921848384143249 0
3941 -0.2921848384143267 0.603015385157474 0
3942 0.2921848384143465 -0.6030153851574779 0
3943 0.6030153851574777 0.2921848384143464 0
3944 -0.8569293789295662 -0.8812868823261442 0
3945 0.856929378929582 0.8812868823261011 0
3946 -0.7830435507664268 -0.4939537840470857 0
3947 -0.4939537840470867 0.7830435507664271 0
3948 0.4939537840470959 -0.7830435507664557 0
3949 0.7830435507664555 0.4939537840470959 0
3950 -0.8018621430290827 -0.1360159538199961 0
3951 -0.1360159538199875 0.8018621430290789 0
3952 -0.802144549218148 -0.7768801681551424 0
3953 -0.7771237524781327 0.8031403033424431 0
3954 0.8021445492181669 0.7768801681550814 0
3955 -0.6845633348218165 -0.4737789232058244 0
3956 -0.473778923205824 0.6845633348218164 0
3957 0.4737789232058797 -0.6845633348218154 0
3958 0.6845633348218159 0.4737789232058776 0
3959 0.9795917749361012 0.2498511470086092 0
3960 0.2498511470086102 -0.9795917749361021 0
3961 -0.9795917749362784 0.2498511470090498 0
3962 0.2498511470090505 0.979591774936279 0
3963 -0.6757644667693627 -0.8624951735644677 0
3964 -0.8624951735643577 0.6757644667693717 0
3965 0.6757644667693516 0.862495173564378 0
3966 -0.1106302211194114 -0.6547138695689123 0
3967 0.654713869568902 -0.1106302211194084 0
3968 -0.8233714622483886 0.9338848951538025 0
3969 0.9338848951540029 -0.823371462249112 0
3970 -0.1364818023245865 -0.8025119658491788 0
3971 0.8025119658491759 -0.1364818023245993 0
3972 -0.6926946954048668 -0.2519201166580507 0
3973 -0.2519201166580502 0.6926946954048652 0
3974 0.2514055430431281 -0.6940946981028164 0
3975 0.6940946981028162 0.2514055430431273 0
3976 0.7191598918193611 -0.05774400984389869 0
3977 -0.05774400984388631 -0.7191598918193687 0
3978 -0.7888650266141541 -0.5265670153310191 0
3979 -0.5265670153310164 0.7888650266141519 0
3980 0.5265670153309986 -0.7888650266141961 0
3981 0.7888650266141957 0.5265670153309941 0
3982 0.1253781221443984 -0.783584527026187 0
3983 0.7835845270261835 0.1253781221443907 0
3984 -0.9793328262605222 -0.9501121190038054 0
3985 0.9501121190036653 -0.9793328262605208 0
3986 -0.9501528160064319 0.9792054201231379 0
3987 0.9793328262605299 0.9501121190036614 0
3988 -0.950152816006456 -0.9792054201231442 0
3989 -0.9793328262605382 0.9501121190036943 0
3990 0.9792054201231519 -0.9501528160064506 0
3991 0.9501528160063158 0.9792054201231516 0
3992 -0.7106524518096702 -0.2761656910430562 0
3993 -0.2761656910430564 0.7106524518096716 0
3994 0.2777882577548974 -0.7133117057875114 0
3995 0.7133117057875143 0.277788257754896 0
3996 -0.7221139687864637 -0.6956407993723679 0
3997 0.6968253808366526 -0.7233219390105861 0
3998 -0.6956407993723195 0.7221139687865072 0
3999 0.7221139687864135 0.6956407993723583 0
4000 -0.7444093650612049 -0.6803082078198959 0
4001 0.6812041311506538 -0.7451829346961576 0
4002 -0.6803082078198605 0.744409365061246 0
4003 0.7444093650611036 0.6803082078198712 0
4004 -0.102922685794619 -0.5524714349897838 0
4005 0.5524714349897829 -0.1029226857946265 0
4006 -0.5524714349897798 0.1029226857946198 0
4007 0.1029226857946279 0.5524714349897787 0
4008 -0.6777556519107704 -0.3819455687318545 0
4009 -0.3819455687318555 0.6777556519107706 0
4010 0.3819455687318719 -0.6777556519107537 0
4011 0.677755651910754 0.3819455687318707 0
4012 -0.3501079962914379 -0.4787063951204661 0
4013 0.4787063951204664 -0.3501079962914297 0
4014 -0.4787063951204704 0.3501079962914356 0
4015 0.350107996291428 0.4787063951204704 0
4016 -0.05044247038134967 -0.5594569619889713 0
4017 0.5594569619889782 -0.05044247038135913 0
4018 -0.5594569619889618 0.05044247038135397 0
4019 0.05044247038136308 0.5594569619889694 0
4020 -0.8562097847703861 0.4778205994983354 0
4021 0.4778205994983281 0.856209784770394 0
4022 -0.4778205994983511 -0.8562097847704658 0
4023 0.8562097847704738 -0.4778205994983431 0
4024 0.5511567031289175 -0.348522075799911 0
4025 -0.34852207579991 -0.5511567031289062 0
4026 0.3485220757999075 0.5511567031289213 0
4027 -0.5511567031289114 0.3485220757999058 0
4028 -0.5304171798928399 -0.8466440188832072 0
4029 0.8466440188832226 -0.5304171798928279 0
4030 -0.8466440188830392 0.5304171798928498 0
4031 0.5304171798928373 0.8466440188830548 0
4032 -0.3501301026805257 -0.7889146613904505 0
4033 0.7889146613904524 -0.3501301026805309 0
4034 -0.7889151562653438 0.3501313967545976 0
4035 0.3501313967546032 0.7889151562653455 0
4036 0.817662582522098 0.9805080855978148 0
4037 -0.9809591867248342 0.8172356689893525 0
4038 0.9809657606585975 0.8172322874706019 0
4039 0.817568605424432 -0.9801773390461813 0
4040 0.9822242086239101 -0.8166666666671759 0
4041 -0.8176625825228483 -0.980508085597911 0
4042 -0.8166666666671758 0.9822242086239399 0
4043 -0.980965760658719 -0.8172322874714286 0
4044 -0.02164303146961548 0.5074953686022854 0
4045 -0.5074953686022807 -0.02164303146961689 0
4046 0.02164303146962642 -0.5074953686022862 0
4047 0.5074953686022905 0.02164303146962444 0
4048 -0.116239710556092 0.7437589234410118 0
4049 -0.743758923441015 -0.1162397105560943 0
4050 -0.5106253076386132 -0.3855036848746061 0
4051 -0.3855036848746084 0.5106253076386128 0
4052 0.3855036848746323 -0.5106253076386116 0
4053 0.5106253076386108 0.3855036848746345 0
4054 -0.4264820340507166 -0.3741898740240684 0
4055 -0.3741898740240713 0.4264820340507154 0
4056 0.3741898740240664 -0.4264820340507095 0
4057 0.4264820340507091 0.3741898740240697 0
4058 -0.2952214995702516 -0.2957651249332913 0
4059 -0.2957651249332919 0.2952214995702519 0
4060 0.2957651249332911 -0.2952214995702512 0
4061 0.2952214995702513 0.2957651249332915 0
4062 0.819971950256812 -0.8991161577457358 0
4063 -0.5972415771372059 -0.09785522172810171 0
4064 -0.0978552217281026 0.5972415771372058 0
4065 0.09785522172811636 -0.5972415771372016 0
4066 0.5972415771372014 0.09785522172811616 0
4067 -0.9784712325752569 0.5768240610384937 0
4068 0.5768240610384811 0.9784712325752557 0
4069 0.5769311826178081 -0.97856293164846 0
4070 0.9785629316484574 0.5769311826177893 0
4071 -0.5768240610390972 -0.9784712325749281 0
4072 0.9784712325749279 -0.576824061039084 0
4073 -0.9785629316481317 -0.5769311826184012 0
4074 -0.5769311826183827 0.9785629316481298 0
4075 -0.9383019928209151 -0.3067264374717503 0
4076 -0.3067264374717452 0.9383019928209145 0
4077 -0.3067244154638724 -0.9383023936523741 0
4078 0.9383023936523747 -0.3067244154638769 0
4079 0.3052151771881275 -0.9377956910003715 0
4080 0.9377956910003702 0.3052151771881231 0
4081 -0.9377946811986139 0.305213037340938 0
4082 0.3052130373409409 0.9377946811986149 0
4083 -0.4456553676441675 -0.3318687375668985 0
4084 -0.3318687375669014 0.4456553676441664 0
4085 0.3318687375669079 -0.4456553676441654 0
4086 0.4456553676441644 0.3318687375669099 0
4087 -0.7440976961572114 -0.5334778134379466 0
4088 -0.5334778134379483 0.7440976961572121 0
4089 0.5334778134379192 -0.744097696157253 0
4090 0.7440976961572521 0.5334778134379192 0
4091 -0.09243350292094892 -0.4599488853684081 0
4092 0.4599488853684076 -0.09243350292094914 0
4093 -0.4599488853684078 0.09243350292094822 0
4094 0.09243350292094844 0.4599488853684072 0
4095 -0.7883011919362781 -0.3493880910860622 0
4096 -0.3493880910860635 0.7883011919362775 0
4097 0.3494344976949524 -0.7882999254820173 0
4098 0.7882999254820172 0.3494344976949506 0
4099 -0.3204516986013124 -0.6543801096063722 0
4100 0.6543801096063746 -0.3204516986013204 0
4101 -0.6543801096063089 0.3204516986013908 0
4102 0.3204516986013992 0.6543801096063105 0
4103 -0.3041536224223652 -0.8911823286433921 0
4104 0.8911823286433954 -0.3041536224223695 0
4105 -0.8911823286440101 -0.3041536224194627 0
4106 -0.3041536224194564 0.8911823286440087 0
4107 -0.8911823286429821 0.3041536224222054 0
4108 0.3041536224222079 0.8911823286429842 0
4109 0.3041536224192991 -0.8911823286436003 0
4110 0.8911823286435969 0.3041536224192958 0
4111 0.6970022731867953 -0.01996240150133457 0
4112 -0.01996240150132712 -0.6970022731867997 0
4113 -0.5356644677409712 -0.2714777042457054 0
4114 -0.2714777042457072 0.5356644677409715 0
4115 0.2714777042457302 -0.5356644677409724 0
4116 0.5356644677409712 0.2714777042457299 0
4117 -0.4649933281625431 -0.6564451349204764 0
4118 0.6564451349204797 -0.4649933281625455 0
4119 -0.6564451349204358 0.4649933281625607 0
4120 0.4649933281625628 0.6564451349204381 0
4121 -0.7449892030873907 -0.9023526889554662 0
4122 -0.9026101415237321 0.7450720688429897 0
4123 0.744989203087313 0.9023526889554117 0
4124 -0.7996571721404406 -0.3726024766897457 0
4125 -0.37260247668975 0.7996571721404366 0
4126 0.3726024766898106 -0.7996571721401817 0
4127 0.7996571721401802 0.3726024766898092 0
4128 -0.03558038385832419 -0.8377394268568819 0
4129 0.8377394268568784 -0.03558038385833272 0
4130 -0.3639873261406643 -0.6359753756096471 0
4131 0.6359753756096351 -0.363987326140667 0
4132 -0.6359753756096241 0.363987326140745 0
4133 0.3639873261407485 0.6359753756096125 0
4134 -0.8460571635826931 -0.8356086200024809 0
4135 0.8460571635826808 0.8356086200024548 0
4136 -0.3782229734956034 -0.5228307406510815 0
4137 0.522830740651078 -0.3782229734956117 0
4138 -0.5228307406510896 0.3782229734955991 0
4139 0.3782229734956078 0.5228307406510858 0
4140 -0.06504890509835189 -0.7669468948160626 0
4141 0.7669468948160578 -0.06504890509836421 0
4142 -0.3160598761262495 -0.3383345144006169 0
4143 0.338334514400618 -0.3160598761262473 0
4144 -0.338334514400619 0.3160598761262489 0
4145 0.3160598761262472 0.3383345144006196 0
4146 -0.8119371533918847 -0.8832359080703924 0
4147 0.8119371533919233 0.883235908070384 0
4148 -0.4411004988657388 -0.7518294307322902 0
4149 0.7518294307322939 -0.4411004988657424 0
4150 -0.7518294307322633 0.4411004988658169 0
4151 0.4411004988658205 0.7518294307322669 0
4152 -0.7870381683696561 0.08072394273773054 0
4153 0.08072394273773922 0.7870381683696541 0
4154 -0.7461181262645944 -0.7328516680232304 0
4155 -0.7328516680231822 0.7461181262646401 0
4156 0.7326350634970146 -0.7434904495719277 0
4157 0.7461181262646182 0.7328516680232181 0
4158 -0.5667809904465189 -0.7898627574786354 0
4159 0.7898627574786601 -0.5667809904465068 0
4160 -0.7898627574784628 0.5667809904465521 0
4161 0.5667809904465402 0.7898627574784883 0
4162 -0.8848935496289667 0.1955611229404076 0
4163 0.1955611229404134 0.8848935496289659 0
4164 0.1955715313483494 -0.8848996263605265 0
4165 0.8848996263605255 0.1955715313483429 0
4166 -0.9059509333346718 -0.0008533159471375308 0
4167 -0.0008533159471285275 0.9059509333346714 0
4168 -0.000853315949599933 -0.9059509333344248 0
4169 0.9059509333344236 -0.0008533159496123722 0
4170 0.8414453072529623 -0.8749705254145603 0
4171 -0.8179814148348366 -0.6121884246128003 0
4172 -0.6121881204613762 0.8179815545273488 0
4173 0.6121867732397923 -0.818003140940923 0
4174 0.8179814148347397 0.6121884246127751 0
4175 0.1182060962710517 -0.736582408452789 0
4176 0.7365824084527843 0.1182060962710526 0
4177 0.9820257353728128 -0.01677894092664053 0
4178 -0.01677894092663967 -0.982025735372815 0
4179 -0.9820257353731199 -0.01677894092641588 0
4180 -0.01677894092641507 0.9820257353731202 0
4181 0.8981910968170844 -0.7402679968512511 0
4182 -0.8464740955847477 -0.04098293085051696 0
4183 -0.04098293085050662 0.846474095584744 0
4184 -0.4962461996363043 -0.9413658802799845 0
4185 0.9413658802799911 -0.496246199636294 0
4186 -0.9413658802796483 0.4962461996360973 0
4187 0.4962461996360874 0.9413658802796554 0
4188 -0.4609443176181514 -0.1095160766231993 0
4189 -0.1095160766231991 0.460944317618151 0
4190 0.1095160766232119 -0.460944317618149 0
4191 0.4609443176181489 0.1095160766232107 0
4192 0.584422338241518 -0.06157109247290368 0
4193 -0.06157109247289085 -0.5844223382415111 0
4194 0.06145870924276687 0.5858663996486986 0
4195 -0.5858663996486878 0.06145870924275301 0
4196 -0.4864111572078487 -0.7855929476002439 0
4197 0.7855929476002521 -0.486411157207849 0
4198 -0.7855929476001983 0.4864111572078588 0
4199 0.4864111572078607 0.7855929476002076 0
4200 -0.5096815250445799 -0.8035966947264476 0
4201 0.8035966947264577 -0.5096815250445755 0
4202 -0.8035966947263483 0.5096815250445824 0
4203 0.5096815250445816 0.803596694726362 0
4204 -0.7732588711555759 0.2123535438160718 0
4205 0.2123535438160855 0.7732588711555728 0
4206 -0.2727110696355562 -0.6968242646309071 0
4207 0.6968242646309056 -0.2727110696355713 0
4208 -0.6968252340661306 0.2727092987170897 0
4209 0.2727092987171046 0.6968252340661284 0
4210 0.9765503173320682 -0.1739275710748927 0
4211 -0.1739275710748893 -0.9765503173320695 0
4212 -0.9765503173325327 -0.1739275710732456 0
4213 -0.1739275710732396 0.9765503173325338 0
4214 -0.2120334791230342 -0.7732325250749362 0
4215 0.7732325250749348 -0.2120334791230485 0
4216 -0.4440927291216768 -0.577873158233402 0
4217 0.5778731582334272 -0.444092729121693 0
4218 -0.5778731582334111 0.4440927291216752 0
4219 0.4440927291216911 0.5778731582334349 0
4220 0.7533807621469403 -0.8908641477964271 0
4221 -0.4350497932286226 -0.599911006858084 0
4222 0.599911006858085 -0.4350497932286178 0
4223 -0.5999110068580948 0.4350497932286224 0
4224 0.4350497932286191 0.5999110068580966 0
4225 -0.5279837778262891 -0.9195506353551322 0
4226 0.9195506353551416 -0.5279837778262744 0
4227 -0.9195506353549735 0.5279837778260495 0
4228 0.5279837778260348 0.9195506353549839 0
4229 0.785497961045599 -0.7901243042541509 0
4230 -0.7730747881180242 -0.2117693368309856 0
4231 -0.2117693368309774 0.7730747881180218 0
4232 -0.5685732459688854 -0.4468996365182343 0
4233 -0.4468996365182411 0.5685732459688833 0
4234 0.4468996365181959 -0.5685732459688966 0
4235 0.5685732459688937 0.446899636518204 0
4236 -0.2355185282303358 -0.3488245591960021 0
4237 0.3488245591960018 -0.2355185282303354 0
4238 -0.3488245591960024 0.2355185282303356 0
4239 0.2355185282303356 0.3488245591960018 0
4240 -0.8623427882758299 -0.4712829832480815 0
4241 -0.4712829832480767 0.8623427882758326 0
4242 0.4712829832479029 -0.8623427882758221 0
4243 0.8623427882758254 0.4712829832478991 0
4244 -0.8637497503129113 0.9129102979442923 0
4245 0.9129483243991396 -0.8637073504401411 0
4246 0.9167647698999458 0.08271128087698723 0
4247 0.08271128087699389 -0.9167647698999448 0
4248 0.08271128087991253 0.916764769899699 0
4249 -0.9167647698996971 0.08271128087990272 0
4250 0.8221937433744336 -0.7115589119226661 0
4251 -0.6848013611358994 -0.0471893225770951 0
4252 -0.04718932257709481 0.6848013611359016 0
4253 -0.5248175983892556 -0.06837686803323413 0
4254 -0.06837686803323671 0.5248175983892589 0
4255 0.06837686803325202 -0.5248175983892577 0
4256 0.5248175983892612 0.06837686803325325 0
4257 -0.3744706359061746 -0.801635878243911 0
4258 0.8016358782439101 -0.3744706359061795 0
4259 -0.8016359083019653 0.3744707145063909 0
4260 0.3744707145063968 0.8016359083019626 0
4261 -0.7668189862073778 -0.543352800058977 0
4262 -0.5433528000589762 0.7668189862073761 0
4263 0.5433528000589608 -0.7668189862073828 0
4264 0.766818986207381 0.5433528000589585 0
4265 -0.1547006748300569 -0.5662506236997462 0
4266 0.5662506236997427 -0.1547006748300671 0
4267 -0.5664263544645435 0.1546847186659157 0
4268 0.1546847186659265 0.5664263544645398 0
4269 0.04326032522172223 -0.6854470674359031 0
4270 0.6854470674359043 0.0432603252217207 0
4271 -0.6385302760275784 -0.4339916853476109 0
4272 -0.4339916853476131 0.6385302760275785 0
4273 0.4339916853476353 -0.6385302760275736 0
4274 0.6385302760275737 0.4339916853476354 0
$EndNodes
$Elements
8476
1 15 2 1 1 1
2 15 2 2 2 2
3 15 2 3 3 3
4 15 2 4 4 4
5 1 2 101 9 1 9
6 1 2 101 9 9 10
7 1 2 101 9 10 11
8 1 2 101 9 11 12
9 1 2 101 9 12 13
10 1 2 101 9 13 14
11 1 2 101 9 14 15
12 1 2 101 9 15 16
13 1 2 101 9 16 17
14 1 2 101 9 17 18
15 1 2 101 9 18 19
16 1 2 101 9 19 20
17 1 2 101 9 20 21
18 1 2 101 9 21 22
19 1 2 101 9 22 23
20 1 2 101 9 23 24
21 1 2 101 9 24 25
22 1 2 101 9 25 26
23 1 2 101 9 26 27
24 1 2 101 9 27 28
25 1 2 101 9 28 29
26 1 2 101 9 29 30
27 1 2 101 9 30 31
28 1 2 101 9 31 32
29 1 2 101 9 32 33
30 1 2 101 9 33 34
31 1 2 101 9 34 35
32 1 2 101 9 35 36
33 1 2 101 9 36 37
34 1 2 101 9 37 38
35 1 2 101 9 38 39
36 1 2 101 9 39 40
37 1 2 101 9 40 41
38 1 2 101 9 41 42
39 1 2 101 9 42 43
40 1 2 101 9 43 44
41 1 2 101 9 44 45
42 1 2 101 9 45 46
43 1 2 101 9 46 47
44 1 2 101 9 47 48
45 1 2 101 9 48 49
46 1 2 101 9 49 50
47 1 2 101 9 50 51
48 1 2 101 9 51 52
49 1 2 101 9 52 53
50 1 2 101 9 53 54
51 1 2 101 9 54 55
52 1 2 101 9 55 56
53 1 2 101 9 56 57
54 1 2 101 9 57 58
55 1 2 101 9 58 59
56 1 2 101 9 59 60
57 1 2 101 9 60 61
58 1 2 101 9 61 62
59 1 2 101 9 62 63
60 1 2 101 9 63 64
61 1 2 101 9 64 65
62 1 2 101 9 65 66
63 1 2 101 9 66 67
64 1 2 101 9 67 2
65 1 2 102 10 2 68
66 1 2 102 10 68 69
67 1 2 102 10 69 70
68 1 2 102 10 70 71
69 1 2 102 10 71 72
70 1 2 102 10 72 73
71 1 2 102 10 73 74
72 1 2 102 10 74 75
73 1 2 102 10 75 76
74 1 2 102 10 76 77
75 1 2 102 10 77 78
76 1 2 102 10 78 79
77 1 2 102 10 79 80
78 1 2 102 10 80 81
79 1 2 102 10 81 82
80 1 2 102 10 82 83
81 1 2 102 10 83 84
82 1 2 102 10 84 85
83 1 2 102 10 85 86
84 1 2 102 10 86 87
85 1 2 102 10 87 88
86 1 2 102 10 88 89
87 1 2 102 10 89 90
88 1 2 102 10 90 91
89 1 2 102 10 91 92
90 1 2 102 10 92 93
91 1 2 102 10 93 94
92 1 2 102 10 94 95
93 1 2 102 10 95 96
94 1 2 102 10 96 97
95 1 2 102 10 97 98
96 1 2 102 10 98 99
97 1 2 102 10 99 100
98 1 2 102 10 100 101
99 1 2 102 10 101 102
100 1 2 102 10 102 103
101 1 2 102 10 103 104
102 1 2 102 10 104 105
103 1 2 102 10 105 106
104 1 2 102 10 106 107
105 1 2 102 10 107 108
106 1 2 102 10 108 109
107 1 2 102 10 109 110
108 1 2 102 10 110 111
109 1 2 102 10 111 112
110 1 2 102 10 112 113
111 1 2 102 10 113 114
112 1 2 102 10 114 115
113 1 2 102 10 115 116
114 1 2 102 10 116 117
115 1 2 102 10 117 118
116 1 2 102 10 118 119
117 1 2 102 10 119 120
118 1 2 102 10 120 121
119 1 2 102 10 121 122
120 1 2 102 10 122 123
121 1 2 102 10 123 124
122 1 2 102 10 124 125
123 1 2 102 10 125 126
124 1 2 102 10 126 3
125 1 2 103 11 4 127
126 1 2 103 11 127 128
127 1 2 103 11 128 129
128 1 2 103 11 129 130
129 1 2 103 11 130 131
130 1 2 103 11 131 132
131 1 2 103 11 132 133
132 1 2 103 11 133 134
133 1 2 103 11 134 135
134 1 2 103 11 135 136
135 1 2 103 11 136 137
136 1 2 103 11 137 138
137 1 2 103 11 138 139
138 1 2 103 11 139 140
139 1 2 103 11 140 141
140 1 2 103 11 141 142
141 1 2 103 11 142 143
142 1 2 103 11 143 144
143 1 2 103 11 144 145
144 1 2 103 11 145 146
145 1 2 103 11 146 147
146 1 2 103 11 147 148
147 1 2 103 11 148 149
148 1 2 103 11 149 150
149 1 2 103 11 150 151
150 1 2 103 11 151 152
151 1 2 103 11 152 153
152 1 2 103 11 153 154
153 1 2 103 11 154 155
154 1 2 103 11 155 156
155 1 2 103 11 156 157
156 1 2 103 11 157 158
157 1 2 103 11 158 159
158 1 2 103 11 159 160
159 1 2 103 11 160 161
160 1 2 103 11 161 162
161 1 2 103 11 162 163
162 1 2 103 11 163 164
163 1 2 103 11 164 165
164 1 2 103 11 165 166
165 1 2 103 11 166 167
166 1 2 103 11 167 168
167 1 2 103 11 168 169
168 1 2 103 11 169 170
169 1 2 103 11 170 171
170 1 2 103 11 171 172
171 1 2 103 11 172 173
172 1 2 103 11 173 174
173 1 2 103 11 174 175
174 1 2 103 11 175 176
175 1 2 103 11 176 177
176 1 2 103 11 177 178
177 1 2 103 11 178 179
178 1 2 103 11 179 180
179 1 2 103 11 180 181
180 1 2 103 11 181 182
181 1 2 103 11 182 183
182 1 2 103 11 183 184
183 1 2 103 11 184 185
184 1 2 103 11 185 3
185 1 2 104 12 1 186
186 1 2 104 12 186 187
187 1 2 104 12 187 188
188 1 2 104 12 188 189
189 1 2 104 12 189 190
190 1 2 104 12 190 191
191 1 2 104 12 191 192
192 1 2 104 12 192 193
193 1 2 104 12 193 194
194 1 2 104 12 194 195
195 1 2 104 12 195 196
196 1 2 104 12 196 197
197 1 2 104 12 197 198
198 1 2 104 12 198 199
199 1 2 104 12 199 200
200 1 2 104 12 200 201
201 1 2 104 12 201 202
202 1 2 104 12 202 203
203 1 2 104 12 203 204
204 1 2 104 12 204 205
205 1 2 104 12 205 206
206 1 2 104 12 206 207
207 1 2 104 12 207 208
208 1 2 104 12 208 209
209 1 2 104 12 209 210
210 1 2 104 12 210 211
211 1 2 104 12 211 212
212 1 2 104 12 212 213
213 1 2 104 12 213 214
214 1 2 104 12 214 215
215 1 2 104 12 215 216
216 1 2 104 12 216 217
217 1 2 104 12 217 218
218 1 2 104 12 218 219
219 1 2 104 12 219 220
220 1 2 104 12 220 221
221 1 2 104 12 221 222
222 1 2 104 12 222 223
223 1 2 104 12 223 224
224 1 2 104 12 224 225
225 1 2 104 12 225 226
226 1 2 104 12 226 227
227 1 2 104 12 227 228
228 1 2 104 12 228 229
229 1 2 104 12 229 230
230 1 2 104 12 230 231
231 1 2 104 12 231 232
232 1 2 104 12 232 233
233 1 2 104 12 233 234
234 1 2 104 12 234 235
235 1 2 104 12 235 236
236 1 2 104 12 236 237
237 1 2 104 12 237 238
238 1 2 104 12 238 239
239 1 2 104 12 239 240
240 1 2 104 12 240 241
241 1 2 104 12 241 242
242 1 2 104 12 242 243
243 1 2 104 12 243 244
244 1 2 104 12 244 4
245 2 2 1000 21 1329 1885 2675
246 2 2 1000 21 1327 2676 1883
247 2 2 1000 21 1328 2677 1884
248 2 2 1000 21 1330 2678 1886
249 2 2 1000 21 2675 1885 578
250 2 2 1000 21 2676 577 1883
251 2 2 1000 21 2677 579 1884
252 2 2 1000 21 2678 580 1886
253 2 2 1000 21 3371 531 1818
254 2 2 1000 21 3372 532 1819
255 2 2 1000 21 1394 3149 1879
256 2 2 1000 21 1393 3148 1880
257 2 2 1000 21 1392 1881 3147
258 2 2 1000 21 1391 1882 3146
259 2 2 1000 21 2994 1887 397
260 2 2 1000 21 2997 1888 400
261 2 2 1000 21 1528 3371 1818
262 2 2 1000 21 1529 3372 1819
263 2 2 1000 21 1369 1887 2994
264 2 2 1000 21 1372 1888 2997
265 2 2 1000 21 3149 668 1879
266 2 2 1000 21 3148 667 1880
267 2 2 1000 21 3147 1881 665
268 2 2 1000 21 3146 1882 666
269 2 2 1000 21 3914 1939 1646
270 2 2 1000 21 3915 1940 1647
271 2 2 1000 21 3916 1941 1648
272 2 2 1000 21 3917 1942 1649
273 2 2 1000 21 3347 1957 765
274 2 2 1000 21 3348 1958 766
275 2 2 1000 21 3349 1959 767
276 2 2 1000 21 3350 1960 768
277 2 2 1000 21 1546 1957 3347
278 2 2 1000 21 1547 1958 3348
279 2 2 1000 21 1548 1959 3349
280 2 2 1000 21 1549 1960 3350
281 2 2 1000 21 1197 3914 1646
282 2 2 1000 21 1198 3915 1647
283 2 2 1000 21 1199 3916 1648
284 2 2 1000 21 1200 3917 1649
285 2 2 1000 21 924 1461 1831
286 2 2 1000 21 925 1462 1832
287 2 2 1000 21 926 1833 1463
288 2 2 1000 21 927 1834 1464
289 2 2 1000 21 525 1831 1461
290 2 2 1000 21 526 1832 1462
291 2 2 1000 21 527 1463 1833
292 2 2 1000 21 528 1464 1834
293 2 2 1000 21 691 1257 2081
294 2 2 1000 21 692 1258 2082
295 2 2 1000 21 693 1259 2083
296 2 2 1000 21 694 1260 2084
297 2 2 1000 21 695 2085 1261
298 2 2 1000 21 696 2086 1262
299 2 2 1000 21 697 2087 1263
300 2 2 1000 21 698 2088 1264
301 2 2 1000 21 691 2310 1257
302 2 2 1000 21 692 2311 1258
303 2 2 1000 21 693 2313 1259
304 2 2 1000 21 694 2315 1260
305 2 2 1000 21 695 1261 2312
306 2 2 1000 21 696 1262 2314
307 2 2 1000 21 697 1263 2316
308 2 2 1000 21 698 1264 2317
309 2 2 1000 21 485 1395 1889
310 2 2 1000 21 486 1396 1890
311 2 2 1000 21 487 1397 1891
312 2 2 1000 21 488 1398 1892
313 2 2 1000 21 398 2309 1597
314 2 2 1000 21 657 2228 2033
315 2 2 1000 21 658 2229 2034
316 2 2 1000 21 659 2230 2035
317 2 2 1000 21 660 2231 2036
318 2 2 1000 21 1109 2033 2228
319 2 2 1000 21 1110 2034 2229
320 2 2 1000 21 1111 2035 2230
321 2 2 1000 21 1112 2036 2231
322 2 2 1000 21 294 1714 2097
323 2 2 1000 21 312 1715 2098
324 2 2 1000 21 276 1716 2099
325 2 2 1000 21 258 1717 2100
326 2 2 1000 21 398 1603 2309
327 2 2 1000 21 1736 3299 3575
328 2 2 1000 21 1737 3300 3576
329 2 2 1000 21 1431 3952 1605
330 2 2 1000 21 1432 3953 1606
331 2 2 1000 21 1433 3954 1607
332 2 2 1000 21 653 1605 3952
333 2 2 1000 21 654 1606 3953
334 2 2 1000 21 656 1607 3954
335 2 2 1000 21 399 2534 1604
336 2 2 1000 21 669 3299 1736
337 2 2 1000 21 670 3300 1737
338 2 2 1000 21 4162 1011 2622
339 2 2 1000 21 4163 1012 2623
340 2 2 1000 21 4164 2624 1009
341 2 2 1000 21 4165 2625 1010
342 2 2 1000 21 905 1858 1650
343 2 2 1000 21 906 1859 1651
344 2 2 1000 21 513 1650 1858
345 2 2 1000 21 514 1651 1859
346 2 2 1000 21 605 1496 3238
347 2 2 1000 21 610 1499 3239
348 2 2 1000 21 998 1935 1961
349 2 2 1000 21 999 1936 1962
350 2 2 1000 21 1000 1937 1963
351 2 2 1000 21 1001 1938 1964
352 2 2 1000 21 405 1315 2618
353 2 2 1000 21 406 1316 2620
354 2 2 1000 21 407 1317 2619
355 2 2 1000 21 408 1318 2621
356 2 2 1000 21 787 1961 1935
357 2 2 1000 21 788 1962 1936
358 2 2 1000 21 789 1963 1937
359 2 2 1000 21 790 1964 1938
360 2 2 1000 21 1005 1599 2514
361 2 2 1000 21 1006 1600 2515
362 2 2 1000 21 1007 1601 2516
363 2 2 1000 21 1008 1602 2517
364 2 2 1000 21 1331 3748 3125
365 2 2 1000 21 1332 3749 3124
366 2 2 1000 21 3413 1277 561
367 2 2 1000 21 3412 1278 562
368 2 2 1000 21 3415 1279 563
369 2 2 1000 21 3414 1280 564
370 2 2 1000 21 322 2514 1599
371 2 2 1000 21 324 2515 1600
372 2 2 1000 21 326 2516 1601
373 2 2 1000 21 328 2517 1602
374 2 2 1000 21 807 3794 1281
375 2 2 1000 21 808 3795 1283
376 2 2 1000 21 809 3796 1282
377 2 2 1000 21 810 3797 1284
378 2 2 1000 21 1277 2246 561
379 2 2 1000 21 1278 2247 562
380 2 2 1000 21 1279 2248 563
381 2 2 1000 21 1280 2249 564
382 2 2 1000 21 713 3972 1365
383 2 2 1000 21 714 3973 1366
384 2 2 1000 21 717 3974 1367
385 2 2 1000 21 718 3975 1368
386 2 2 1000 21 791 4206 1353
387 2 2 1000 21 792 4207 1354
388 2 2 1000 21 793 4208 1355
389 2 2 1000 21 794 4209 1356
390 2 2 1000 21 3445 987 2870
391 2 2 1000 21 3444 986 2869
392 2 2 1000 21 4008 2494 968
393 2 2 1000 21 4009 2495 969
394 2 2 1000 21 4010 2496 970
395 2 2 1000 21 4011 2497 971
396 2 2 1000 21 1331 3125 1736
397 2 2 1000 21 1332 3124 1737
398 2 2 1000 21 2151 807 3465
399 2 2 1000 21 3466 2152 808
400 2 2 1000 21 3467 2153 809
401 2 2 1000 21 3468 2154 810
402 2 2 1000 21 2220 2924 3662
403 2 2 1000 21 2221 2925 3663
404 2 2 1000 21 2222 2926 3664
405 2 2 1000 21 2223 2927 3665
406 2 2 1000 21 399 1682 2534
407 2 2 1000 21 549 1285 2107
408 2 2 1000 21 550 1286 2108
409 2 2 1000 21 1867 2775 2567
410 2 2 1000 21 1868 2776 2568
411 2 2 1000 21 1869 2565 2777
412 2 2 1000 21 1870 2566 2778
413 2 2 1000 21 1138 3238 1496
414 2 2 1000 21 1140 3239 1499
415 2 2 1000 21 811 1982 2444
416 2 2 1000 21 812 1983 2445
417 2 2 1000 21 928 2767 1297
418 2 2 1000 21 929 2768 1298
419 2 2 1000 21 930 2769 1299
420 2 2 1000 21 931 2770 1300
421 2 2 1000 21 950 2775 1867
422 2 2 1000 21 951 2776 1868
423 2 2 1000 21 948 1869 2777
424 2 2 1000 21 949 1870 2778
425 2 2 1000 21 737 3703 1311
426 2 2 1000 21 738 3704 1312
427 2 2 1000 21 741 3705 1313
428 2 2 1000 21 742 3706 1314
429 2 2 1000 21 873 1369 1883
430 2 2 1000 21 875 1370 1884
431 2 2 1000 21 877 1372 1886
432 2 2 1000 21 879 1885 1371
433 2 2 1000 21 1383 3299 2240
434 2 2 1000 21 1384 3300 2241
435 2 2 1000 21 3299 669 2240
436 2 2 1000 21 3300 670 2241
437 2 2 1000 21 321 1762 2008
438 2 2 1000 21 323 1763 2009
439 2 2 1000 21 325 1764 2010
440 2 2 1000 21 327 1765 2011
441 2 2 1000 21 1384 3445 2870
442 2 2 1000 21 1383 3444 2869
443 2 2 1000 21 555 2240 1289
444 2 2 1000 21 556 2241 1290
445 2 2 1000 21 1443 2753 2821
446 2 2 1000 21 1445 2755 2825
447 2 2 1000 21 1444 2754 2822
448 2 2 1000 21 1446 2756 2826
449 2 2 1000 21 2073 2793 3515
450 2 2 1000 21 2074 2794 3516
451 2 2 1000 21 2075 2795 3517
452 2 2 1000 21 2076 2796 3518
453 2 2 1000 21 553 1359 3966
454 2 2 1000 21 554 1360 3967
455 2 2 1000 21 649 1762 1484
456 2 2 1000 21 650 1763 1485
457 2 2 1000 21 651 1764 1486
458 2 2 1000 21 652 1765 1487
459 2 2 1000 21 549 2460 1285
460 2 2 1000 21 550 2461 1286
461 2 2 1000 21 928 1297 2862
462 2 2 1000 21 929 1298 2864
463 2 2 1000 21 930 1299 2861
464 2 2 1000 21 931 1300 2863
465 2 2 1000 21 1291 3666 2205
466 2 2 1000 21 1292 3667 2206
467 2 2 1000 21 1293 3668 2207
468 2 2 1000 21 1294 3669 2208
469 2 2 1000 21 1524 2151 3465
470 2 2 1000 21 1526 2152 3466
471 2 2 1000 21 1525 2153 3467
472 2 2 1000 21 1527 2154 3468
473 2 2 1000 21 807 1281 2761
474 2 2 1000 21 809 1282 2762
475 2 2 1000 21 808 1283 2763
476 2 2 1000 21 810 1284 2764
477 2 2 1000 21 555 1289 2423
478 2 2 1000 21 556 1290 2424
479 2 2 1000 21 1225 1750 3257
480 2 2 1000 21 1226 1751 3258
481 2 2 1000 21 1227 1752 3259
482 2 2 1000 21 1228 1753 3260
483 2 2 1000 21 833 2413 1295
484 2 2 1000 21 834 2414 1296
485 2 2 1000 21 90 1849 3066
486 2 2 1000 21 31 1848 3065
487 2 2 1000 21 208 3064 1846
488 2 2 1000 21 149 3063 1847
489 2 2 1000 21 761 2135 1381
490 2 2 1000 21 762 2136 1382
491 2 2 1000 21 763 1379 2133
492 2 2 1000 21 764 1380 2134
493 2 2 1000 21 787 1935 1538
494 2 2 1000 21 788 1936 1539
495 2 2 1000 21 789 1937 1540
496 2 2 1000 21 790 1938 1541
497 2 2 1000 21 679 1871 1388
498 2 2 1000 21 680 1872 1387
499 2 2 1000 21 681 1873 1390
500 2 2 1000 21 682 1874 1389
501 2 2 1000 21 608 1438 4062
502 2 2 1000 21 453 1538 1935
503 2 2 1000 21 454 1539 1936
504 2 2 1000 21 455 1540 1937
505 2 2 1000 21 456 1541 1938
506 2 2 1000 21 551 1295 3492
507 2 2 1000 21 552 1296 3493
508 2 2 1000 21 605 3364 1496
509 2 2 1000 21 606 3365 1497
510 2 2 1000 21 610 3368 1499
511 2 2 1000 21 609 1498 3367
512 2 2 1000 21 1225 2783 1750
513 2 2 1000 21 1226 2784 1751
514 2 2 1000 21 1227 2785 1752
515 2 2 1000 21 1228 2786 1753
516 2 2 1000 21 783 2924 2220
517 2 2 1000 21 784 2925 2221
518 2 2 1000 21 785 2926 2222
519 2 2 1000 21 786 2927 2223
520 2 2 1000 21 830 1613 3850
521 2 2 1000 21 1362 3850 1613
522 2 2 1000 21 1638 2494 4008
523 2 2 1000 21 1639 2495 4009
524 2 2 1000 21 1640 2496 4010
525 2 2 1000 21 1641 2497 4011
526 2 2 1000 21 288 2258 1473
527 2 2 1000 21 270 2259 1474
528 2 2 1000 21 306 2260 1475
529 2 2 1000 21 252 2261 1476
530 2 2 1000 21 769 1337 2209
531 2 2 1000 21 770 1338 2210
532 2 2 1000 21 771 1339 2211
533 2 2 1000 21 772 1340 2212
534 2 2 1000 21 529 1814 1869
535 2 2 1000 21 530 1815 1870
536 2 2 1000 21 531 1867 1816
537 2 2 1000 21 532 1868 1817
538 2 2 1000 21 867 1869 1814
539 2 2 1000 21 868 1870 1815
540 2 2 1000 21 865 1816 1867
541 2 2 1000 21 866 1817 1868
542 2 2 1000 21 1019 1379 3042
543 2 2 1000 21 1020 1380 3043
544 2 2 1000 21 1021 3040 1381
545 2 2 1000 21 1022 3041 1382
546 2 2 1000 21 924 1831 2004
547 2 2 1000 21 925 1832 2005
548 2 2 1000 21 926 2006 1833
549 2 2 1000 21 927 2007 1834
550 2 2 1000 21 802 1820 1438
551 2 2 1000 21 745 2004 1831
552 2 2 1000 21 746 2005 1832
553 2 2 1000 21 747 1833 2006
554 2 2 1000 21 748 1834 2007
555 2 2 1000 21 894 1896 1872
556 2 2 1000 21 893 1895 1871
557 2 2 1000 21 896 1898 1874
558 2 2 1000 21 895 1897 1873
559 2 2 1000 21 1538 2891 2930
560 2 2 1000 21 1539 2892 2931
561 2 2 1000 21 1540 2893 2932
562 2 2 1000 21 1541 2894 2933
563 2 2 1000 21 441 1388 1871
564 2 2 1000 21 443 1387 1872
565 2 2 1000 21 442 1390 1873
566 2 2 1000 21 444 1389 1874
567 2 2 1000 21 835 1301 2415
568 2 2 1000 21 836 1302 2416
569 2 2 1000 21 1439 2819 2771
570 2 2 1000 21 1440 2820 2772
571 2 2 1000 21 1441 2823 2773
572 2 2 1000 21 1442 2824 2774
573 2 2 1000 21 433 1839 1605
574 2 2 1000 21 434 1840 1606
575 2 2 1000 21 436 1841 1607
576 2 2 1000 21 2423 2368 3602
577 2 2 1000 21 2424 2369 3603
578 2 2 1000 21 549 3670 1301
579 2 2 1000 21 550 3671 1302
580 2 2 1000 21 729 1337 2653
581 2 2 1000 21 730 1338 2654
582 2 2 1000 21 731 1339 2655
583 2 2 1000 21 732 1340 2656
584 2 2 1000 21 851 2368 2423
585 2 2 1000 21 852 2369 2424
586 2 2 1000 21 715 3396 1353
587 2 2 1000 21 716 3397 1354
588 2 2 1000 21 89 1849 90
589 2 2 1000 21 30 1848 31
590 2 2 1000 21 207 208 1846
591 2 2 1000 21 148 149 1847
592 2 2 1000 21 719 3377 1355
593 2 2 1000 21 720 3378 1356
594 2 2 1000 21 453 2891 1538
595 2 2 1000 21 454 2892 1539
596 2 2 1000 21 455 2893 1540
597 2 2 1000 21 456 2894 1541
598 2 2 1000 21 330 1383 2869
599 2 2 1000 21 332 1384 2870
600 2 2 1000 21 743 1806 1594
601 2 2 1000 21 744 1807 1595
602 2 2 1000 21 739 1804 1592
603 2 2 1000 21 740 1805 1593
604 2 2 1000 21 741 1590 1802
605 2 2 1000 21 742 1591 1803
606 2 2 1000 21 737 1588 1800
607 2 2 1000 21 738 1589 1801
608 2 2 1000 21 883 1594 1806
609 2 2 1000 21 884 1595 1807
610 2 2 1000 21 881 1592 1804
611 2 2 1000 21 882 1593 1805
612 2 2 1000 21 887 1802 1590
613 2 2 1000 21 888 1803 1591
614 2 2 1000 21 885 1800 1588
615 2 2 1000 21 886 1801 1589
616 2 2 1000 21 903 1566 3908
617 2 2 1000 21 901 1564 3906
618 2 2 1000 21 904 1567 3909
619 2 2 1000 21 902 1565 3907
620 2 2 1000 21 443 1872 1896
621 2 2 1000 21 441 1871 1895
622 2 2 1000 21 444 1874 1898
623 2 2 1000 21 442 1873 1897
624 2 2 1000 21 903 3908 1570
625 2 2 1000 21 901 3906 1568
626 2 2 1000 21 904 3909 1571
627 2 2 1000 21 902 3907 1569
628 2 2 1000 21 729 3295 1337
629 2 2 1000 21 730 3296 1338
630 2 2 1000 21 731 3297 1339
631 2 2 1000 21 732 3298 1340
632 2 2 1000 21 645 3257 1750
633 2 2 1000 21 646 3258 1751
634 2 2 1000 21 647 3259 1752
635 2 2 1000 21 648 3260 1753
636 2 2 1000 21 551 2458 1295
637 2 2 1000 21 552 2459 1296
638 2 2 1000 21 1153 1496 3364
639 2 2 1000 21 1154 1497 3365
640 2 2 1000 21 1156 3367 1498
641 2 2 1000 21 1158 1499 3368
642 2 2 1000 21 791 2129 4206
643 2 2 1000 21 792 2130 4207
644 2 2 1000 21 793 2131 4208
645 2 2 1000 21 794 2132 4209
646 2 2 1000 21 737 1311 2181
647 2 2 1000 21 738 1312 2182
648 2 2 1000 21 741 1313 2183
649 2 2 1000 21 742 1314 2184
650 2 2 1000 21 833 1295 2458
651 2 2 1000 21 834 1296 2459
652 2 2 1000 21 813 2431 1980
653 2 2 1000 21 814 2432 1981
654 2 2 1000 21 389 1638 2630
655 2 2 1000 21 390 1639 2631
656 2 2 1000 21 391 1640 2632
657 2 2 1000 21 392 1641 2633
658 2 2 1000 21 607 1477 3366
659 2 2 1000 21 611 1478 3369
660 2 2 1000 21 612 1479 3370
661 2 2 1000 21 561 2246 1333
662 2 2 1000 21 562 2247 1334
663 2 2 1000 21 563 2248 1335
664 2 2 1000 21 564 2249 1336
665 2 2 1000 21 1155 3366 1477
666 2 2 1000 21 1159 3369 1478
667 2 2 1000 21 1160 3370 1479
668 2 2 1000 21 1484 2865 3940
669 2 2 1000 21 1485 2866 3941
670 2 2 1000 21 1486 2867 3942
671 2 2 1000 21 1487 2868 3943
672 2 2 1000 21 561 1333 3068
673 2 2 1000 21 562 1334 3067
674 2 2 1000 21 563 1335 3070
675 2 2 1000 21 564 1336 3069
676 2 2 1000 21 1443 3509 2753
677 2 2 1000 21 1444 3510 2754
678 2 2 1000 21 1445 3513 2755
679 2 2 1000 21 1446 3514 2756
680 2 2 1000 21 606 1497 3473
681 2 2 1000 21 609 3474 1498
682 2 2 1000 21 769 1488 4142
683 2 2 1000 21 770 1489 4144
684 2 2 1000 21 771 1490 4143
685 2 2 1000 21 772 1491 4145
686 2 2 1000 21 1992 2955 4171
687 2 2 1000 21 1993 2956 4172
688 2 2 1000 21 1994 2957 4173
689 2 2 1000 21 1995 2958 4174
690 2 2 1000 21 541 2862 1965
691 2 2 1000 21 542 2864 1966
692 2 2 1000 21 543 2861 1967
693 2 2 1000 21 544 2863 1968
694 2 2 1000 21 1129 2955 1992
695 2 2 1000 21 1130 2956 1993
696 2 2 1000 21 1131 2957 1994
697 2 2 1000 21 1132 2958 1995
698 2 2 1000 21 1291 2205 3861
699 2 2 1000 21 1292 2206 3862
700 2 2 1000 21 1293 2207 3863
701 2 2 1000 21 1294 2208 3864
702 2 2 1000 21 685 1709 2101
703 2 2 1000 21 371 2753 3509
704 2 2 1000 21 372 2754 3510
705 2 2 1000 21 375 2755 3513
706 2 2 1000 21 376 2756 3514
707 2 2 1000 21 1395 2281 3329
708 2 2 1000 21 1396 2282 3330
709 2 2 1000 21 1397 2283 3331
710 2 2 1000 21 1398 2284 3332
711 2 2 1000 21 811 2444 1893
712 2 2 1000 21 812 2445 1894
713 2 2 1000 21 433 3285 1496
714 2 2 1000 21 436 3286 1499
715 2 2 1000 21 1138 1496 3285
716 2 2 1000 21 1140 1499 3286
717 2 2 1000 21 389 2494 1638
718 2 2 1000 21 390 2495 1639
719 2 2 1000 21 391 2496 1640
720 2 2 1000 21 392 2497 1641
721 2 2 1000 21 333 1864 1431
722 2 2 1000 21 334 1865 1432
723 2 2 1000 21 336 1866 1433
724 2 2 1000 21 1297 1965 2862
725 2 2 1000 21 1298 1966 2864
726 2 2 1000 21 1299 1967 2861
727 2 2 1000 21 1300 1968 2863
728 2 2 1000 21 3329 2281 1165
729 2 2 1000 21 3330 2282 1166
730 2 2 1000 21 3331 2283 1167
731 2 2 1000 21 3332 2284 1168
732 2 2 1000 21 781 3744 1359
733 2 2 1000 21 782 3745 1360
734 2 2 1000 21 332 3421 1384
735 2 2 1000 21 330 3420 1383
736 2 2 1000 21 4250 1979 1699
737 2 2 1000 21 1427 3802 3554
738 2 2 1000 21 1428 3804 3555
739 2 2 1000 21 1429 3803 3556
740 2 2 1000 21 1430 3805 3557
741 2 2 1000 21 1559 3649 2321
742 2 2 1000 21 1558 3648 2320
743 2 2 1000 21 986 1447 2869
744 2 2 1000 21 987 1449 2870
745 2 2 1000 21 389 1750 2783
746 2 2 1000 21 390 1751 2784
747 2 2 1000 21 391 1752 2785
748 2 2 1000 21 392 1753 2786
749 2 2 1000 21 706 2794 2074
750 2 2 1000 21 705 2793 2073
751 2 2 1000 21 707 2795 2075
752 2 2 1000 21 708 2796 2076
753 2 2 1000 21 335 4156 1320
754 2 2 1000 21 549 1301 2460
755 2 2 1000 21 550 1302 2461
756 2 2 1000 21 501 2228 3174
757 2 2 1000 21 502 2229 3175
758 2 2 1000 21 503 2230 3176
759 2 2 1000 21 504 2231 3177
760 2 2 1000 21 835 2460 1301
761 2 2 1000 21 836 2461 1302
762 2 2 1000 21 531 3648 2673
763 2 2 1000 21 532 3649 2674
764 2 2 1000 21 1285 2460 2354
765 2 2 1000 21 1286 2461 2355
766 2 2 1000 21 1287 2356 2458
767 2 2 1000 21 1288 2357 2459
768 2 2 1000 21 835 2354 2460
769 2 2 1000 21 836 2355 2461
770 2 2 1000 21 833 2458 2356
771 2 2 1000 21 834 2459 2357
772 2 2 1000 21 1357 3240 1013
773 2 2 1000 21 1358 3241 1014
774 2 2 1000 21 844 2427 1349
775 2 2 1000 21 846 2428 1350
776 2 2 1000 21 847 2429 1351
777 2 2 1000 21 848 2430 1352
778 2 2 1000 21 531 1816 3648
779 2 2 1000 21 532 1817 3649
780 2 2 1000 21 1790 4251 2787
781 2 2 1000 21 1791 4252 2788
782 2 2 1000 21 713 1365 3434
783 2 2 1000 21 714 1366 3435
784 2 2 1000 21 717 1367 3282
785 2 2 1000 21 718 1368 3283
786 2 2 1000 21 405 2626 1315
787 2 2 1000 21 406 2627 1316
788 2 2 1000 21 407 2628 1317
789 2 2 1000 21 408 2629 1318
790 2 2 1000 21 805 3492 2175
791 2 2 1000 21 806 3493 2176
792 2 2 1000 21 972 1712 2641
793 2 2 1000 21 973 1713 2642
794 2 2 1000 21 501 3469 2228
795 2 2 1000 21 502 3470 2229
796 2 2 1000 21 503 3471 2230
797 2 2 1000 21 504 3472 2231
798 2 2 1000 21 219 220 1572
799 2 2 1000 21 160 161 1573
800 2 2 1000 21 42 1574 43
801 2 2 1000 21 101 1575 102
802 2 2 1000 21 1439 2771 3507
803 2 2 1000 21 1440 2772 3508
804 2 2 1000 21 1441 2773 3511
805 2 2 1000 21 1442 2774 3512
806 2 2 1000 21 919 4250 1699
807 2 2 1000 21 679 1388 2054
808 2 2 1000 21 680 1387 2056
809 2 2 1000 21 681 1390 2053
810 2 2 1000 21 682 1389 2055
811 2 2 1000 21 335 1320 2341
812 2 2 1000 21 455 1937 2448
813 2 2 1000 21 453 1935 2446
814 2 2 1000 21 456 1938 2449
815 2 2 1000 21 454 1936 2447
816 2 2 1000 21 1395 3329 1889
817 2 2 1000 21 1396 3330 1890
818 2 2 1000 21 1397 3331 1891
819 2 2 1000 21 1398 3332 1892
820 2 2 1000 21 1438 1820 4062
821 2 2 1000 21 1754 4162 2622
822 2 2 1000 21 1755 4163 2623
823 2 2 1000 21 1756 2624 4164
824 2 2 1000 21 1757 2625 4165
825 2 2 1000 21 438 3850 1362
826 2 2 1000 21 3648 699 2320
827 2 2 1000 21 3649 700 2321
828 2 2 1000 21 920 2490 3106
829 2 2 1000 21 921 2491 3107
830 2 2 1000 21 922 2492 3108
831 2 2 1000 21 923 2493 3109
832 2 2 1000 21 318 1957 1546
833 2 2 1000 21 319 1958 1547
834 2 2 1000 21 317 1959 1548
835 2 2 1000 21 320 1960 1549
836 2 2 1000 21 661 1630 4083
837 2 2 1000 21 662 1631 4084
838 2 2 1000 21 663 1632 4085
839 2 2 1000 21 664 1633 4086
840 2 2 1000 21 1043 3351 1451
841 2 2 1000 21 1044 3352 1452
842 2 2 1000 21 1045 3353 1453
843 2 2 1000 21 1046 3354 1454
844 2 2 1000 21 661 4083 1634
845 2 2 1000 21 662 4084 1635
846 2 2 1000 21 663 4085 1636
847 2 2 1000 21 664 4086 1637
848 2 2 1000 21 2175 3492 3970
849 2 2 1000 21 2176 3493 3971
850 2 2 1000 21 1003 2648 1597
851 2 2 1000 21 398 1597 2648
852 2 2 1000 21 709 3525 1407
853 2 2 1000 21 710 3526 1408
854 2 2 1000 21 711 3527 1409
855 2 2 1000 21 712 3528 1410
856 2 2 1000 21 709 1407 3309
857 2 2 1000 21 711 1409 3311
858 2 2 1000 21 710 1408 3310
859 2 2 1000 21 712 1410 3312
860 2 2 1000 21 369 3507 2771
861 2 2 1000 21 370 3508 2772
862 2 2 1000 21 373 3511 2773
863 2 2 1000 21 374 3512 2774
864 2 2 1000 21 3734 1357 1013
865 2 2 1000 21 3735 1358 1014
866 2 2 1000 21 713 1842 3972
867 2 2 1000 21 714 1843 3973
868 2 2 1000 21 717 1844 3974
869 2 2 1000 21 718 1845 3975
870 2 2 1000 21 1516 3036 3077
871 2 2 1000 21 1517 3037 3078
872 2 2 1000 21 1518 3038 3079
873 2 2 1000 21 1519 3039 3080
874 2 2 1000 21 1484 1762 2865
875 2 2 1000 21 1485 1763 2866
876 2 2 1000 21 1486 1764 2867
877 2 2 1000 21 1487 1765 2868
878 2 2 1000 21 1534 2771 2667
879 2 2 1000 21 1535 2772 2668
880 2 2 1000 21 1536 2773 2665
881 2 2 1000 21 1537 2774 2666
882 2 2 1000 21 389 2630 1750
883 2 2 1000 21 390 2631 1751
884 2 2 1000 21 391 2632 1752
885 2 2 1000 21 392 2633 1753
886 2 2 1000 21 553 3966 2442
887 2 2 1000 21 554 3967 2443
888 2 2 1000 21 1099 1790 2787
889 2 2 1000 21 1100 1791 2788
890 2 2 1000 21 188 1411 2695
891 2 2 1000 21 11 2698 1413
892 2 2 1000 21 129 1412 2696
893 2 2 1000 21 65 1415 2697
894 2 2 1000 21 70 2700 1414
895 2 2 1000 21 242 2701 1417
896 2 2 1000 21 124 1416 2699
897 2 2 1000 21 183 2702 1418
898 2 2 1000 21 769 4142 1738
899 2 2 1000 21 770 4144 1739
900 2 2 1000 21 771 4143 1740
901 2 2 1000 21 772 4145 1741
902 2 2 1000 21 868 3681 1531
903 2 2 1000 21 867 3680 1530
904 2 2 1000 21 865 1532 3682
905 2 2 1000 21 866 1533 3683
906 2 2 1000 21 763 2069 1379
907 2 2 1000 21 764 2070 1380
908 2 2 1000 21 761 1381 2071
909 2 2 1000 21 762 1382 2072
910 2 2 1000 21 1528 1818 3982
911 2 2 1000 21 1529 1819 3983
912 2 2 1000 21 769 2907 1337
913 2 2 1000 21 771 2909 1339
914 2 2 1000 21 770 2908 1338
915 2 2 1000 21 772 2910 1340
916 2 2 1000 21 349 2386 2522
917 2 2 1000 21 350 2387 2523
918 2 2 1000 21 351 2388 2524
919 2 2 1000 21 352 2389 2525
920 2 2 1000 21 791 1353 2350
921 2 2 1000 21 792 1354 2351
922 2 2 1000 21 793 1355 2352
923 2 2 1000 21 794 1356 2353
924 2 2 1000 21 365 2155 1901
925 2 2 1000 21 367 1899 2157
926 2 2 1000 21 366 2156 1902
927 2 2 1000 21 368 1900 2158
928 2 2 1000 21 605 3238 1369
929 2 2 1000 21 610 3239 1372
930 2 2 1000 21 1009 1901 2155
931 2 2 1000 21 1011 2157 1899
932 2 2 1000 21 1010 1902 2156
933 2 2 1000 21 1012 2158 1900
934 2 2 1000 21 920 3106 1903
935 2 2 1000 21 921 3107 1904
936 2 2 1000 21 922 3108 1905
937 2 2 1000 21 923 3109 1906
938 2 2 1000 21 1087 2268 2049
939 2 2 1000 21 1088 2269 2050
940 2 2 1000 21 1091 2272 2051
941 2 2 1000 21 1092 2273 2052
942 2 2 1000 21 627 1754 2622
943 2 2 1000 21 628 1755 2623
944 2 2 1000 21 625 2624 1756
945 2 2 1000 21 626 2625 1757
946 2 2 1000 21 369 2049 2268
947 2 2 1000 21 370 2050 2269
948 2 2 1000 21 373 2051 2272
949 2 2 1000 21 374 2052 2273
950 2 2 1000 21 703 3982 1818
951 2 2 1000 21 704 3983 1819
952 2 2 1000 21 2916 940 2281
953 2 2 1000 21 2917 941 2282
954 2 2 1000 21 2918 942 2283
955 2 2 1000 21 2919 943 2284
956 2 2 1000 21 1400 2884 2304
957 2 2 1000 21 2884 382 2304
958 2 2 1000 21 1395 2916 2281
959 2 2 1000 21 1396 2917 2282
960 2 2 1000 21 1397 2918 2283
961 2 2 1000 21 1398 2919 2284
962 2 2 1000 21 984 1448 2719
963 2 2 1000 21 985 1450 2720
964 2 2 1000 21 645 1375 3257
965 2 2 1000 21 646 1376 3258
966 2 2 1000 21 647 1377 3259
967 2 2 1000 21 648 1378 3260
968 2 2 1000 21 1762 3152 2008
969 2 2 1000 21 1763 3153 2009
970 2 2 1000 21 1764 3154 2010
971 2 2 1000 21 1765 3155 2011
972 2 2 1000 21 781 1359 2337
973 2 2 1000 21 782 1360 2338
974 2 2 1000 21 701 1814 2881
975 2 2 1000 21 702 1815 2882
976 2 2 1000 21 841 2581 1345
977 2 2 1000 21 842 2582 1346
978 2 2 1000 21 843 2585 1347
979 2 2 1000 21 845 2586 1348
980 2 2 1000 21 844 1349 2583
981 2 2 1000 21 846 1350 2584
982 2 2 1000 21 847 1351 2587
983 2 2 1000 21 848 1352 2588
984 2 2 1000 21 437 1361 2297
985 2 2 1000 21 438 1362 2298
986 2 2 1000 21 439 1363 2299
987 2 2 1000 21 440 1364 2300
988 2 2 1000 21 427 1357 2318
989 2 2 1000 21 428 1358 2319
990 2 2 1000 21 3302 141 142
991 2 2 1000 21 3301 200 201
992 2 2 1000 21 3306 83 82
993 2 2 1000 21 3305 24 23
994 2 2 1000 21 111 3304 112
995 2 2 1000 21 52 3303 53
996 2 2 1000 21 170 171 3308
997 2 2 1000 21 229 230 3307
998 2 2 1000 21 1174 3783 2788
999 2 2 1000 21 1173 3782 2787
1000 2 2 1000 21 841 1345 2689
1001 2 2 1000 21 842 1346 2690
1002 2 2 1000 21 843 1347 2687
1003 2 2 1000 21 845 1348 2688
1004 2 2 1000 21 749 2017 2691
1005 2 2 1000 21 750 2018 2692
1006 2 2 1000 21 751 2019 2693
1007 2 2 1000 21 752 2020 2694
1008 2 2 1000 21 427 3255 1357
1009 2 2 1000 21 428 3256 1358
1010 2 2 1000 21 813 1911 2431
1011 2 2 1000 21 814 1912 2432
1012 2 2 1000 21 715 1353 2541
1013 2 2 1000 21 716 1354 2542
1014 2 2 1000 21 719 1355 2543
1015 2 2 1000 21 720 1356 2544
1016 2 2 1000 21 365 2659 1907
1017 2 2 1000 21 366 2660 1908
1018 2 2 1000 21 1145 3184 2193
1019 2 2 1000 21 1146 3185 2194
1020 2 2 1000 21 1147 3186 2195
1021 2 2 1000 21 1148 3187 2196
1022 2 2 1000 21 330 1710 2421
1023 2 2 1000 21 332 1711 2422
1024 2 2 1000 21 553 2337 1359
1025 2 2 1000 21 554 2338 1360
1026 2 2 1000 21 483 1448 2855
1027 2 2 1000 21 481 1447 2856
1028 2 2 1000 21 484 1450 2857
1029 2 2 1000 21 482 1449 2858
1030 2 2 1000 21 984 2855 1448
1031 2 2 1000 21 986 2856 1447
1032 2 2 1000 21 985 2857 1450
1033 2 2 1000 21 987 2858 1449
1034 2 2 1000 21 890 2168 1861
1035 2 2 1000 21 889 2167 1860
1036 2 2 1000 21 892 2170 1863
1037 2 2 1000 21 891 2169 1862
1038 2 2 1000 21 1071 1889 1670
1039 2 2 1000 21 1072 1890 1671
1040 2 2 1000 21 1073 1891 1673
1041 2 2 1000 21 1074 1892 1675
1042 2 2 1000 21 593 2845 1399
1043 2 2 1000 21 594 2846 1400
1044 2 2 1000 21 595 2847 1401
1045 2 2 1000 21 596 2848 1402
1046 2 2 1000 21 423 3410 1373
1047 2 2 1000 21 424 3411 1374
1048 2 2 1000 21 925 2005 2030
1049 2 2 1000 21 924 2004 2029
1050 2 2 1000 21 926 2031 2006
1051 2 2 1000 21 927 2032 2007
1052 2 2 1000 21 1916 141 3302
1053 2 2 1000 21 1915 200 3301
1054 2 2 1000 21 1918 3306 82
1055 2 2 1000 21 1917 3305 23
1056 2 2 1000 21 3304 1920 112
1057 2 2 1000 21 3303 1919 53
1058 2 2 1000 21 3308 171 1922
1059 2 2 1000 21 3307 230 1921
1060 2 2 1000 21 585 1439 1998
1061 2 2 1000 21 586 1440 1999
1062 2 2 1000 21 589 1996 1443
1063 2 2 1000 21 590 1997 1444
1064 2 2 1000 21 587 1441 2002
1065 2 2 1000 21 588 1442 2003
1066 2 2 1000 21 591 2000 1445
1067 2 2 1000 21 592 2001 1446
1068 2 2 1000 21 406 3555 3804
1069 2 2 1000 21 405 3554 3802
1070 2 2 1000 21 408 3557 3805
1071 2 2 1000 21 407 3556 3803
1072 2 2 1000 21 645 2224 1375
1073 2 2 1000 21 646 2225 1376
1074 2 2 1000 21 647 2226 1377
1075 2 2 1000 21 648 2227 1378
1076 2 2 1000 21 1281 2289 2761
1077 2 2 1000 21 1282 2291 2762
1078 2 2 1000 21 1283 2290 2763
1079 2 2 1000 21 1284 2292 2764
1080 2 2 1000 21 417 3036 1516
1081 2 2 1000 21 418 3037 1517
1082 2 2 1000 21 419 3038 1518
1083 2 2 1000 21 420 3039 1519
1084 2 2 1000 21 695 1642 1984
1085 2 2 1000 21 696 1643 1985
1086 2 2 1000 21 697 1644 1986
1087 2 2 1000 21 698 1645 1987
1088 2 2 1000 21 779 1393 2405
1089 2 2 1000 21 780 1394 2406
1090 2 2 1000 21 777 2404 1392
1091 2 2 1000 21 778 2403 1391
1092 2 2 1000 21 765 2141 3347
1093 2 2 1000 21 766 2142 3348
1094 2 2 1000 21 767 2143 3349
1095 2 2 1000 21 768 2144 3350
1096 2 2 1000 21 1373 3156 996
1097 2 2 1000 21 1374 3157 997
1098 2 2 1000 21 437 2595 1361
1099 2 2 1000 21 439 2596 1363
1100 2 2 1000 21 440 2597 1364
1101 2 2 1000 21 944 1992 1455
1102 2 2 1000 21 945 1993 1456
1103 2 2 1000 21 946 1994 1457
1104 2 2 1000 21 947 1995 1458
1105 2 2 1000 21 1427 3347 2141
1106 2 2 1000 21 1428 3348 2142
1107 2 2 1000 21 1429 3349 2143
1108 2 2 1000 21 1430 3350 2144
1109 2 2 1000 21 3746 1373 996
1110 2 2 1000 21 3747 1374 997
1111 2 2 1000 21 1230 3056 2974
1112 2 2 1000 21 1229 3055 2973
1113 2 2 1000 21 1232 3058 2976
1114 2 2 1000 21 1231 3057 2975
1115 2 2 1000 21 481 2856 2053
1116 2 2 1000 21 483 2855 2054
1117 2 2 1000 21 482 2858 2055
1118 2 2 1000 21 484 2857 2056
1119 2 2 1000 21 1275 2053 2856
1120 2 2 1000 21 1273 2054 2855
1121 2 2 1000 21 1274 2056 2857
1122 2 2 1000 21 1276 2055 2858
1123 2 2 1000 21 1174 1924 3783
1124 2 2 1000 21 1173 1923 3782
1125 2 2 1000 21 1718 3764 2137
1126 2 2 1000 21 1719 3765 2138
1127 2 2 1000 21 3764 421 2137
1128 2 2 1000 21 3765 422 2138
1129 2 2 1000 21 1427 2141 3802
1130 2 2 1000 21 1428 2142 3804
1131 2 2 1000 21 1429 2143 3803
1132 2 2 1000 21 1430 2144 3805
1133 2 2 1000 21 857 3940 2865
1134 2 2 1000 21 858 3941 2866
1135 2 2 1000 21 859 3942 2867
1136 2 2 1000 21 860 3943 2868
1137 2 2 1000 21 409 1403 2608
1138 2 2 1000 21 410 1404 2609
1139 2 2 1000 21 411 1405 2610
1140 2 2 1000 21 412 1406 2611
1141 2 2 1000 21 417 2761 2289
1142 2 2 1000 21 418 2762 2291
1143 2 2 1000 21 419 2763 2290
1144 2 2 1000 21 420 2764 2292
1145 2 2 1000 21 940 1691 2171
1146 2 2 1000 21 941 1692 2172
1147 2 2 1000 21 942 1693 2173
1148 2 2 1000 21 943 1694 2174
1149 2 2 1000 21 1089 2103 2266
1150 2 2 1000 21 1090 2104 2267
1151 2 2 1000 21 1093 2105 2270
1152 2 2 1000 21 1094 2106 2271
1153 2 2 1000 21 371 2266 2103
1154 2 2 1000 21 372 2267 2104
1155 2 2 1000 21 375 2270 2105
1156 2 2 1000 21 376 2271 2106
1157 2 2 1000 21 381 2390 1399
1158 2 2 1000 21 383 2391 1401
1159 2 2 1000 21 384 2392 1402
1160 2 2 1000 21 695 1984 1672
1161 2 2 1000 21 696 1985 1674
1162 2 2 1000 21 697 1986 1676
1163 2 2 1000 21 698 1987 1677
1164 2 2 1000 21 952 1466 2049
1165 2 2 1000 21 953 1468 2050
1166 2 2 1000 21 954 1465 2051
1167 2 2 1000 21 955 1467 2052
1168 2 2 1000 21 607 1421 2616
1169 2 2 1000 21 612 1426 2617
1170 2 2 1000 21 876 2616 1421
1171 2 2 1000 21 880 2617 1426
1172 2 2 1000 21 956 2103 1500
1173 2 2 1000 21 957 2104 1501
1174 2 2 1000 21 958 2105 1502
1175 2 2 1000 21 959 2106 1503
1176 2 2 1000 21 1183 2522 2386
1177 2 2 1000 21 1184 2523 2387
1178 2 2 1000 21 1185 2524 2388
1179 2 2 1000 21 1186 2525 2389
1180 2 2 1000 21 605 1369 2703
1181 2 2 1000 21 610 1372 2705
1182 2 2 1000 21 873 2703 1369
1183 2 2 1000 21 879 1371 2706
1184 2 2 1000 21 875 2704 1370
1185 2 2 1000 21 877 2705 1372
1186 2 2 1000 21 423 1373 2342
1187 2 2 1000 21 424 1374 2343
1188 2 2 1000 21 1126 1600 3767
1189 2 2 1000 21 1125 1599 3766
1190 2 2 1000 21 1128 1602 3769
1191 2 2 1000 21 1127 1601 3768
1192 2 2 1000 21 901 1568 2470
1193 2 2 1000 21 902 1569 2471
1194 2 2 1000 21 903 1570 2472
1195 2 2 1000 21 904 1571 2473
1196 2 2 1000 21 445 2470 1568
1197 2 2 1000 21 446 2471 1569
1198 2 2 1000 21 449 2472 1570
1199 2 2 1000 21 450 2473 1571
1200 2 2 1000 21 701 2881 2421
1201 2 2 1000 21 702 2882 2422
1202 2 2 1000 21 1907 2659 3982
1203 2 2 1000 21 1908 2660 3983
1204 2 2 1000 21 944 1455 2721
1205 2 2 1000 21 945 1456 2722
1206 2 2 1000 21 946 1457 2723
1207 2 2 1000 21 947 1458 2724
1208 2 2 1000 21 597 2721 1455
1209 2 2 1000 21 598 2722 1456
1210 2 2 1000 21 599 2723 1457
1211 2 2 1000 21 600 2724 1458
1212 2 2 1000 21 938 2825 2755
1213 2 2 1000 21 939 2826 2756
1214 2 2 1000 21 934 2821 2753
1215 2 2 1000 21 935 2822 2754
1216 2 2 1000 21 691 1889 3329
1217 2 2 1000 21 692 1890 3330
1218 2 2 1000 21 693 1891 3331
1219 2 2 1000 21 694 1892 3332
1220 2 2 1000 21 333 1431 2217
1221 2 2 1000 21 334 1432 2218
1222 2 2 1000 21 336 1433 2219
1223 2 2 1000 21 505 2021 2518
1224 2 2 1000 21 506 2022 2519
1225 2 2 1000 21 507 2023 2520
1226 2 2 1000 21 508 2024 2521
1227 2 2 1000 21 890 2359 2168
1228 2 2 1000 21 889 2358 2167
1229 2 2 1000 21 892 2361 2170
1230 2 2 1000 21 891 2360 2169
1231 2 2 1000 21 885 3317 1512
1232 2 2 1000 21 886 3318 1513
1233 2 2 1000 21 881 1508 3319
1234 2 2 1000 21 882 1509 3320
1235 2 2 1000 21 888 3322 1515
1236 2 2 1000 21 887 3321 1514
1237 2 2 1000 21 883 1510 3323
1238 2 2 1000 21 884 1511 3324
1239 2 2 1000 21 817 1951 2437
1240 2 2 1000 21 818 1952 2438
1241 2 2 1000 21 777 1392 3147
1242 2 2 1000 21 778 1391 3146
1243 2 2 1000 21 779 3148 1393
1244 2 2 1000 21 780 3149 1394
1245 2 2 1000 21 453 2446 2037
1246 2 2 1000 21 454 2447 2038
1247 2 2 1000 21 455 2448 2039
1248 2 2 1000 21 456 2449 2040
1249 2 2 1000 21 295 296 3707
1250 2 2 1000 21 313 314 3708
1251 2 2 1000 21 277 278 3709
1252 2 2 1000 21 259 260 3710
1253 2 2 1000 21 367 3748 2657
1254 2 2 1000 21 368 3749 2658
1255 2 2 1000 21 874 1412 3135
1256 2 2 1000 21 876 3130 1413
1257 2 2 1000 21 878 3131 1414
1258 2 2 1000 21 880 3133 1418
1259 2 2 1000 21 1047 1642 2466
1260 2 2 1000 21 1048 1643 2467
1261 2 2 1000 21 1049 1644 2468
1262 2 2 1000 21 1050 1645 2469
1263 2 2 1000 21 709 1584 3525
1264 2 2 1000 21 710 1585 3526
1265 2 2 1000 21 711 1586 3527
1266 2 2 1000 21 712 1587 3528
1267 2 2 1000 21 978 1385 3754
1268 2 2 1000 21 979 1386 3755
1269 2 2 1000 21 1646 2899 2671
1270 2 2 1000 21 1647 2900 2672
1271 2 2 1000 21 1648 2901 2669
1272 2 2 1000 21 1649 2902 2670
1273 2 2 1000 21 803 2145 3670
1274 2 2 1000 21 804 2146 3671
1275 2 2 1000 21 3707 296 2236
1276 2 2 1000 21 3708 314 2237
1277 2 2 1000 21 3709 278 2238
1278 2 2 1000 21 3710 260 2239
1279 2 2 1000 21 441 2384 1388
1280 2 2 1000 21 443 2385 1387
1281 2 2 1000 21 444 2383 1389
1282 2 2 1000 21 442 2382 1390
1283 2 2 1000 21 819 1390 2382
1284 2 2 1000 21 820 1389 2383
1285 2 2 1000 21 821 1388 2384
1286 2 2 1000 21 822 1387 2385
1287 2 2 1000 21 633 2787 4251
1288 2 2 1000 21 634 2788 4252
1289 2 2 1000 21 2145 3950 3670
1290 2 2 1000 21 2146 3951 3671
1291 2 2 1000 21 1281 2849 2289
1292 2 2 1000 21 1282 2850 2291
1293 2 2 1000 21 1283 2851 2290
1294 2 2 1000 21 1284 2852 2292
1295 2 2 1000 21 1562 4259 2717
1296 2 2 1000 21 1560 4257 2715
1297 2 2 1000 21 1563 4260 2718
1298 2 2 1000 21 1561 4258 2716
1299 2 2 1000 21 4269 635 2641
1300 2 2 1000 21 4270 636 2642
1301 2 2 1000 21 1019 2547 1379
1302 2 2 1000 21 1020 2548 1380
1303 2 2 1000 21 1021 1381 2546
1304 2 2 1000 21 1022 1382 2545
1305 2 2 1000 21 978 3114 1385
1306 2 2 1000 21 979 3115 1386
1307 2 2 1000 21 1141 2201 1695
1308 2 2 1000 21 1142 2202 1696
1309 2 2 1000 21 1143 2203 1697
1310 2 2 1000 21 1144 2204 1698
1311 2 2 1000 21 1947 4213 748
1312 2 2 1000 21 1948 4212 747
1313 2 2 1000 21 1949 745 4211
1314 2 2 1000 21 1950 746 4210
1315 2 2 1000 21 4213 1811 748
1316 2 2 1000 21 4212 1810 747
1317 2 2 1000 21 4211 745 1808
1318 2 2 1000 21 4210 746 1809
1319 2 2 1000 21 781 1812 1829
1320 2 2 1000 21 782 1813 1830
1321 2 2 1000 21 473 2029 2004
1322 2 2 1000 21 474 2030 2005
1323 2 2 1000 21 475 2006 2031
1324 2 2 1000 21 476 2007 2032
1325 2 2 1000 21 266 2554 2118
1326 2 2 1000 21 284 2553 2117
1327 2 2 1000 21 248 2556 2120
1328 2 2 1000 21 302 2555 2119
1329 2 2 1000 21 805 1829 1812
1330 2 2 1000 21 806 1830 1813
1331 2 2 1000 21 1524 3846 2151
1332 2 2 1000 21 1526 3848 2152
1333 2 2 1000 21 1525 3847 2153
1334 2 2 1000 21 1527 3849 2154
1335 2 2 1000 21 1023 2417 1704
1336 2 2 1000 21 1024 2419 1705
1337 2 2 1000 21 1025 2418 1706
1338 2 2 1000 21 1026 2420 1707
1339 2 2 1000 21 153 154 1779
1340 2 2 1000 21 212 213 1780
1341 2 2 1000 21 35 1781 36
1342 2 2 1000 21 94 1782 95
1343 2 2 1000 21 936 2773 2823
1344 2 2 1000 21 937 2774 2824
1345 2 2 1000 21 932 2771 2819
1346 2 2 1000 21 933 2772 2820
1347 2 2 1000 21 691 1670 1889
1348 2 2 1000 21 692 1671 1890
1349 2 2 1000 21 693 1673 1891
1350 2 2 1000 21 694 1675 1892
1351 2 2 1000 21 757 1846 2061
1352 2 2 1000 21 758 1847 2062
1353 2 2 1000 21 759 2063 1848
1354 2 2 1000 21 760 2064 1849
1355 2 2 1000 21 1059 2061 1846
1356 2 2 1000 21 1060 2062 1847
1357 2 2 1000 21 1061 1848 2063
1358 2 2 1000 21 1062 1849 2064
1359 2 2 1000 21 1137 3491 1498
1360 2 2 1000 21 773 2289 2849
1361 2 2 1000 21 775 2291 2850
1362 2 2 1000 21 774 2290 2851
1363 2 2 1000 21 776 2292 2852
1364 2 2 1000 21 733 2097 1714
1365 2 2 1000 21 734 2098 1715
1366 2 2 1000 21 735 2099 1716
1367 2 2 1000 21 736 2100 1717
1368 2 2 1000 21 1998 4077 3728
1369 2 2 1000 21 1999 4078 3729
1370 2 2 1000 21 1996 3726 4075
1371 2 2 1000 21 1997 3727 4076
1372 2 2 1000 21 2002 4081 3732
1373 2 2 1000 21 2003 4082 3733
1374 2 2 1000 21 2000 3730 4079
1375 2 2 1000 21 2001 3731 4080
1376 2 2 1000 21 434 3502 1497
1377 2 2 1000 21 1139 1497 3502
1378 2 2 1000 21 288 1473 3025
1379 2 2 1000 21 270 1474 3026
1380 2 2 1000 21 306 1475 3027
1381 2 2 1000 21 252 1476 3028
1382 2 2 1000 21 1712 4269 2641
1383 2 2 1000 21 1713 4270 2642
1384 2 2 1000 21 30 2276 1848
1385 2 2 1000 21 89 2277 1849
1386 2 2 1000 21 207 1846 2274
1387 2 2 1000 21 148 1847 2275
1388 2 2 1000 21 1531 3681 2090
1389 2 2 1000 21 1530 3680 2089
1390 2 2 1000 21 1532 2091 3682
1391 2 2 1000 21 1533 2092 3683
1392 2 2 1000 21 911 2637 1492
1393 2 2 1000 21 913 2639 1493
1394 2 2 1000 21 912 2638 1494
1395 2 2 1000 21 914 2640 1495
1396 2 2 1000 21 1035 2268 1683
1397 2 2 1000 21 1036 2269 1684
1398 2 2 1000 21 1037 1685 2266
1399 2 2 1000 21 1038 1686 2267
1400 2 2 1000 21 1039 2272 1687
1401 2 2 1000 21 1040 2273 1688
1402 2 2 1000 21 1041 1689 2270
1403 2 2 1000 21 1042 1690 2271
1404 2 2 1000 21 629 1492 2637
1405 2 2 1000 21 631 1493 2639
1406 2 2 1000 21 630 1494 2638
1407 2 2 1000 21 632 1495 2640
1408 2 2 1000 21 1002 1931 3458
1409 2 2 1000 21 1003 1932 3459
1410 2 2 1000 21 1004 1933 3460
1411 2 2 1000 21 835 1463 2322
1412 2 2 1000 21 836 1464 2323
1413 2 2 1000 21 833 2324 1461
1414 2 2 1000 21 834 2325 1462
1415 2 2 1000 21 907 1771 1842
1416 2 2 1000 21 908 1772 1843
1417 2 2 1000 21 909 1773 1844
1418 2 2 1000 21 910 1774 1845
1419 2 2 1000 21 593 1399 2301
1420 2 2 1000 21 595 1401 2302
1421 2 2 1000 21 596 1402 2303
1422 2 2 1000 21 321 1842 1771
1423 2 2 1000 21 323 1843 1772
1424 2 2 1000 21 325 1844 1773
1425 2 2 1000 21 327 1845 1774
1426 2 2 1000 21 527 2322 1463
1427 2 2 1000 21 528 2323 1464
1428 2 2 1000 21 525 1461 2324
1429 2 2 1000 21 526 1462 2325
1430 2 2 1000 21 2021 3622 2518
1431 2 2 1000 21 2022 3623 2519
1432 2 2 1000 21 2023 3624 2520
1433 2 2 1000 21 2024 3625 2521
1434 2 2 1000 21 1101 2691 2017
1435 2 2 1000 21 1103 2692 2018
1436 2 2 1000 21 1102 2693 2019
1437 2 2 1000 21 1104 2694 2020
1438 2 2 1000 21 960 2600 1796
1439 2 2 1000 21 961 2601 1797
1440 2 2 1000 21 962 2602 1798
1441 2 2 1000 21 963 2603 1799
1442 2 2 1000 21 1602 2576 3769
1443 2 2 1000 21 1601 2575 3768
1444 2 2 1000 21 1600 2574 3767
1445 2 2 1000 21 1599 2573 3766
1446 2 2 1000 21 749 1775 2017
1447 2 2 1000 21 750 1776 2018
1448 2 2 1000 21 751 1777 2019
1449 2 2 1000 21 752 1778 2020
1450 2 2 1000 21 851 2425 1955
1451 2 2 1000 21 852 2426 1956
1452 2 2 1000 21 713 3754 3764
1453 2 2 1000 21 714 3755 3765
1454 2 2 1000 21 709 3071 1584
1455 2 2 1000 21 710 3072 1585
1456 2 2 1000 21 711 3073 1586
1457 2 2 1000 21 712 3074 1587
1458 2 2 1000 21 817 2437 2157
1459 2 2 1000 21 818 2438 2158
1460 2 2 1000 21 713 3764 1718
1461 2 2 1000 21 714 3765 1719
1462 2 2 1000 21 1002 3458 2634
1463 2 2 1000 21 1003 3459 2635
1464 2 2 1000 21 1004 3460 2636
1465 2 2 1000 21 654 1597 2309
1466 2 2 1000 21 318 2151 3846
1467 2 2 1000 21 317 2152 3848
1468 2 2 1000 21 319 2153 3847
1469 2 2 1000 21 320 2154 3849
1470 2 2 1000 21 447 1646 1939
1471 2 2 1000 21 448 1647 1940
1472 2 2 1000 21 451 1648 1941
1473 2 2 1000 21 452 1649 1942
1474 2 2 1000 21 585 1998 3728
1475 2 2 1000 21 586 1999 3729
1476 2 2 1000 21 587 2002 3732
1477 2 2 1000 21 588 2003 3733
1478 2 2 1000 21 589 3726 1996
1479 2 2 1000 21 590 3727 1997
1480 2 2 1000 21 591 3730 2000
1481 2 2 1000 21 592 3731 2001
1482 2 2 1000 21 293 294 2097
1483 2 2 1000 21 311 312 2098
1484 2 2 1000 21 275 276 2099
1485 2 2 1000 21 257 258 2100
1486 2 2 1000 21 1309 4081 2133
1487 2 2 1000 21 1310 4082 2134
1488 2 2 1000 21 1307 2135 4079
1489 2 2 1000 21 1308 2136 4080
1490 2 2 1000 21 820 3160 1389
1491 2 2 1000 21 819 3158 1390
1492 2 2 1000 21 822 3161 1387
1493 2 2 1000 21 821 3159 1388
1494 2 2 1000 21 867 1814 1837
1495 2 2 1000 21 868 1815 1838
1496 2 2 1000 21 865 1835 1816
1497 2 2 1000 21 866 1836 1817
1498 2 2 1000 21 489 1984 1642
1499 2 2 1000 21 490 1985 1643
1500 2 2 1000 21 491 1986 1644
1501 2 2 1000 21 492 1987 1645
1502 2 2 1000 21 1608 3920 2930
1503 2 2 1000 21 1609 3921 2931
1504 2 2 1000 21 1610 3922 2932
1505 2 2 1000 21 1611 3923 2933
1506 2 2 1000 21 1117 2012 3346
1507 2 2 1000 21 263 264 1700
1508 2 2 1000 21 245 246 1701
1509 2 2 1000 21 299 300 1703
1510 2 2 1000 21 281 282 1702
1511 2 2 1000 21 1207 3660 2139
1512 2 2 1000 21 1208 3661 2140
1513 2 2 1000 21 667 1532 3693
1514 2 2 1000 21 668 1533 3694
1515 2 2 1000 21 665 3695 1530
1516 2 2 1000 21 666 3696 1531
1517 2 2 1000 21 1796 2600 3577
1518 2 2 1000 21 1797 2601 3578
1519 2 2 1000 21 1798 2602 3579
1520 2 2 1000 21 1799 2603 3580
1521 2 2 1000 21 1207 2139 3688
1522 2 2 1000 21 1208 2140 3689
1523 2 2 1000 21 403 2091 3450
1524 2 2 1000 21 404 2092 3451
1525 2 2 1000 21 401 3452 2089
1526 2 2 1000 21 402 3453 2090
1527 2 2 1000 21 1482 3450 2091
1528 2 2 1000 21 1483 3451 2092
1529 2 2 1000 21 1480 2089 3452
1530 2 2 1000 21 1481 2090 3453
1531 2 2 1000 21 830 2304 1613
1532 2 2 1000 21 1145 2193 3222
1533 2 2 1000 21 1146 2194 3223
1534 2 2 1000 21 1147 2195 3224
1535 2 2 1000 21 1148 2196 3225
1536 2 2 1000 21 1560 2715 2891
1537 2 2 1000 21 1561 2716 2892
1538 2 2 1000 21 1562 2717 2893
1539 2 2 1000 21 1563 2718 2894
1540 2 2 1000 21 608 3033 1438
1541 2 2 1000 21 485 2916 1395
1542 2 2 1000 21 486 2917 1396
1543 2 2 1000 21 487 2918 1397
1544 2 2 1000 21 488 2919 1398
1545 2 2 1000 21 1139 3473 1497
1546 2 2 1000 21 1137 1498 3474
1547 2 2 1000 21 1221 2837 2514
1548 2 2 1000 21 1222 2838 2515
1549 2 2 1000 21 1223 2839 2516
1550 2 2 1000 21 1224 2840 2517
1551 2 2 1000 21 1447 1790 2869
1552 2 2 1000 21 1449 1791 2870
1553 2 2 1000 21 1079 3846 3001
1554 2 2 1000 21 1080 3847 3002
1555 2 2 1000 21 1081 3848 3003
1556 2 2 1000 21 1082 3849 3004
1557 2 2 1000 21 721 2201 1622
1558 2 2 1000 21 722 2202 1623
1559 2 2 1000 21 723 2203 1624
1560 2 2 1000 21 724 2204 1625
1561 2 2 1000 21 625 1756 2811
1562 2 2 1000 21 626 1757 2812
1563 2 2 1000 21 627 2813 1754
1564 2 2 1000 21 628 2814 1755
1565 2 2 1000 21 1534 2667 4257
1566 2 2 1000 21 1535 2668 4258
1567 2 2 1000 21 1536 2665 4259
1568 2 2 1000 21 1537 2666 4260
1569 2 2 1000 21 1079 1957 3846
1570 2 2 1000 21 1080 1958 3847
1571 2 2 1000 21 1081 1959 3848
1572 2 2 1000 21 1082 1960 3849
1573 2 2 1000 21 813 2029 1683
1574 2 2 1000 21 814 2030 1684
1575 2 2 1000 21 811 1685 2031
1576 2 2 1000 21 812 1686 2032
1577 2 2 1000 21 473 1683 2029
1578 2 2 1000 21 474 1684 2030
1579 2 2 1000 21 475 2031 1685
1580 2 2 1000 21 476 2032 1686
1581 2 2 1000 21 737 3301 1588
1582 2 2 1000 21 738 3302 1589
1583 2 2 1000 21 739 1592 3305
1584 2 2 1000 21 740 1593 3306
1585 2 2 1000 21 741 3303 1590
1586 2 2 1000 21 742 3304 1591
1587 2 2 1000 21 743 1594 3307
1588 2 2 1000 21 744 1595 3308
1589 2 2 1000 21 228 3307 1594
1590 2 2 1000 21 169 3308 1595
1591 2 2 1000 21 51 1590 3303
1592 2 2 1000 21 110 1591 3304
1593 2 2 1000 21 25 3305 1592
1594 2 2 1000 21 84 3306 1593
1595 2 2 1000 21 202 1588 3301
1596 2 2 1000 21 143 1589 3302
1597 2 2 1000 21 381 1399 2883
1598 2 2 1000 21 383 1401 2885
1599 2 2 1000 21 384 1402 2886
1600 2 2 1000 21 461 2065 1927
1601 2 2 1000 21 462 2066 1928
1602 2 2 1000 21 463 2067 1929
1603 2 2 1000 21 464 2068 1930
1604 2 2 1000 21 685 2101 2508
1605 2 2 1000 21 920 1927 2065
1606 2 2 1000 21 921 1928 2066
1607 2 2 1000 21 922 1929 2067
1608 2 2 1000 21 923 1930 2068
1609 2 2 1000 21 787 1538 2159
1610 2 2 1000 21 788 1539 2160
1611 2 2 1000 21 789 1540 2161
1612 2 2 1000 21 790 1541 2162
1613 2 2 1000 21 737 1800 3703
1614 2 2 1000 21 738 1801 3704
1615 2 2 1000 21 741 1802 3705
1616 2 2 1000 21 742 1803 3706
1617 2 2 1000 21 621 2159 1538
1618 2 2 1000 21 622 2160 1539
1619 2 2 1000 21 623 2161 1540
1620 2 2 1000 21 624 2162 1541
1621 2 2 1000 21 2046 3610 3480
1622 2 2 1000 21 2045 3611 3479
1623 2 2 1000 21 2047 3478 3612
1624 2 2 1000 21 2048 3477 3613
1625 2 2 1000 21 619 2717 4259
1626 2 2 1000 21 620 2718 4260
1627 2 2 1000 21 617 2715 4257
1628 2 2 1000 21 618 2716 4258
1629 2 2 1000 21 701 1710 2107
1630 2 2 1000 21 702 1711 2108
1631 2 2 1000 21 3778 2671 613
1632 2 2 1000 21 3779 2672 614
1633 2 2 1000 21 3780 2669 615
1634 2 2 1000 21 3781 2670 616
1635 2 2 1000 21 393 1616 2121
1636 2 2 1000 21 394 1617 2122
1637 2 2 1000 21 395 1618 2123
1638 2 2 1000 21 396 1619 2124
1639 2 2 1000 21 367 2197 3748
1640 2 2 1000 21 368 2198 3749
1641 2 2 1000 21 780 2046 3480
1642 2 2 1000 21 779 2045 3479
1643 2 2 1000 21 777 3478 2047
1644 2 2 1000 21 778 3477 2048
1645 2 2 1000 21 401 1837 2992
1646 2 2 1000 21 402 1838 2993
1647 2 2 1000 21 769 2209 1473
1648 2 2 1000 21 770 2210 1474
1649 2 2 1000 21 771 2211 1475
1650 2 2 1000 21 772 2212 1476
1651 2 2 1000 21 873 2370 1419
1652 2 2 1000 21 874 2371 1420
1653 2 2 1000 21 876 1421 2372
1654 2 2 1000 21 878 1422 2373
1655 2 2 1000 21 875 2374 1423
1656 2 2 1000 21 877 2375 1424
1657 2 2 1000 21 879 1425 2376
1658 2 2 1000 21 880 1426 2377
1659 2 2 1000 21 699 1816 1835
1660 2 2 1000 21 700 1817 1836
1661 2 2 1000 21 701 1837 1814
1662 2 2 1000 21 702 1838 1815
1663 2 2 1000 21 876 1413 2676
1664 2 2 1000 21 874 2675 1412
1665 2 2 1000 21 878 1414 2677
1666 2 2 1000 21 880 1418 2678
1667 2 2 1000 21 435 3359 3570
1668 2 2 1000 21 433 1434 3203
1669 2 2 1000 21 434 1435 3204
1670 2 2 1000 21 436 1437 3205
1671 2 2 1000 21 409 2707 1403
1672 2 2 1000 21 410 2708 1404
1673 2 2 1000 21 411 2709 1405
1674 2 2 1000 21 412 2710 1406
1675 2 2 1000 21 594 1400 2950
1676 2 2 1000 21 621 1504 2159
1677 2 2 1000 21 622 1505 2160
1678 2 2 1000 21 623 1506 2161
1679 2 2 1000 21 624 1507 2162
1680 2 2 1000 21 601 3465 1516
1681 2 2 1000 21 602 3467 1517
1682 2 2 1000 21 603 3466 1518
1683 2 2 1000 21 604 3468 1519
1684 2 2 1000 21 601 1524 3465
1685 2 2 1000 21 602 1525 3467
1686 2 2 1000 21 603 1526 3466
1687 2 2 1000 21 604 1527 3468
1688 2 2 1000 21 433 2439 1434
1689 2 2 1000 21 434 2440 1435
1690 2 2 1000 21 436 2441 1437
1691 2 2 1000 21 841 1434 2439
1692 2 2 1000 21 842 1435 2440
1693 2 2 1000 21 845 1437 2441
1694 2 2 1000 21 345 1634 2285
1695 2 2 1000 21 346 1635 2286
1696 2 2 1000 21 347 1636 2287
1697 2 2 1000 21 348 1637 2288
1698 2 2 1000 21 3489 608 1423
1699 2 2 1000 21 1642 3461 2466
1700 2 2 1000 21 1643 3462 2467
1701 2 2 1000 21 1644 3463 2468
1702 2 2 1000 21 1645 3464 2469
1703 2 2 1000 21 332 2422 3421
1704 2 2 1000 21 330 2421 3420
1705 2 2 1000 21 934 2671 2899
1706 2 2 1000 21 935 2672 2900
1707 2 2 1000 21 938 2669 2901
1708 2 2 1000 21 939 2670 2902
1709 2 2 1000 21 92 1809 93
1710 2 2 1000 21 33 1808 34
1711 2 2 1000 21 210 211 1810
1712 2 2 1000 21 151 152 1811
1713 2 2 1000 21 621 2930 3920
1714 2 2 1000 21 622 2931 3921
1715 2 2 1000 21 623 2932 3922
1716 2 2 1000 21 624 2933 3923
1717 2 2 1000 21 717 3150 1720
1718 2 2 1000 21 718 3151 1721
1719 2 2 1000 21 1031 3077 3036
1720 2 2 1000 21 1032 3078 3037
1721 2 2 1000 21 1033 3079 3038
1722 2 2 1000 21 1034 3080 3039
1723 2 2 1000 21 545 1988 3244
1724 2 2 1000 21 546 1989 3245
1725 2 2 1000 21 547 1990 3246
1726 2 2 1000 21 548 1991 3247
1727 2 2 1000 21 465 1850 3325
1728 2 2 1000 21 466 1851 3326
1729 2 2 1000 21 467 1852 3327
1730 2 2 1000 21 468 1853 3328
1731 2 2 1000 21 1075 1672 1984
1732 2 2 1000 21 1076 1674 1985
1733 2 2 1000 21 1077 1676 1986
1734 2 2 1000 21 1078 1677 1987
1735 2 2 1000 21 1149 3662 2924
1736 2 2 1000 21 1150 3663 2925
1737 2 2 1000 21 1151 3664 2926
1738 2 2 1000 21 1152 3665 2927
1739 2 2 1000 21 874 1420 3968
1740 2 2 1000 21 878 3969 1422
1741 2 2 1000 21 843 1436 3359
1742 2 2 1000 21 649 2630 1638
1743 2 2 1000 21 650 2631 1639
1744 2 2 1000 21 651 2632 1640
1745 2 2 1000 21 652 2633 1641
1746 2 2 1000 21 769 2258 1488
1747 2 2 1000 21 770 2259 1489
1748 2 2 1000 21 771 2260 1490
1749 2 2 1000 21 772 2261 1491
1750 2 2 1000 21 769 1473 2258
1751 2 2 1000 21 770 1474 2259
1752 2 2 1000 21 771 1475 2260
1753 2 2 1000 21 772 1476 2261
1754 2 2 1000 21 608 2704 1423
1755 2 2 1000 21 605 2703 1419
1756 2 2 1000 21 610 2705 1424
1757 2 2 1000 21 611 1425 2706
1758 2 2 1000 21 873 1419 2703
1759 2 2 1000 21 875 1423 2704
1760 2 2 1000 21 877 1424 2705
1761 2 2 1000 21 879 2706 1425
1762 2 2 1000 21 1431 1605 3690
1763 2 2 1000 21 1432 1606 3691
1764 2 2 1000 21 1433 1607 3692
1765 2 2 1000 21 1448 4269 2719
1766 2 2 1000 21 1450 4270 2720
1767 2 2 1000 21 655 2534 1682
1768 2 2 1000 21 1988 3877 3244
1769 2 2 1000 21 1989 3878 3245
1770 2 2 1000 21 1990 3879 3246
1771 2 2 1000 21 1991 3880 3247
1772 2 2 1000 21 587 1554 2823
1773 2 2 1000 21 588 1555 2824
1774 2 2 1000 21 585 1550 2819
1775 2 2 1000 21 586 1551 2820
1776 2 2 1000 21 591 2825 1556
1777 2 2 1000 21 592 2826 1557
1778 2 2 1000 21 589 2821 1552
1779 2 2 1000 21 590 2822 1553
1780 2 2 1000 21 691 2081 1670
1781 2 2 1000 21 692 2082 1671
1782 2 2 1000 21 695 1672 2085
1783 2 2 1000 21 696 1674 2086
1784 2 2 1000 21 693 2083 1673
1785 2 2 1000 21 694 2084 1675
1786 2 2 1000 21 697 1676 2087
1787 2 2 1000 21 698 1677 2088
1788 2 2 1000 21 1712 2719 4269
1789 2 2 1000 21 1713 2720 4270
1790 2 2 1000 21 3724 2155 365
1791 2 2 1000 21 3725 2156 366
1792 2 2 1000 21 1337 3295 2209
1793 2 2 1000 21 1338 3296 2210
1794 2 2 1000 21 1339 3297 2211
1795 2 2 1000 21 1340 3298 2212
1796 2 2 1000 21 2539 3724 365
1797 2 2 1000 21 2540 3725 366
1798 2 2 1000 21 1139 1603 3473
1799 2 2 1000 21 1137 3474 1604
1800 2 2 1000 21 1646 2671 3778
1801 2 2 1000 21 1647 2672 3779
1802 2 2 1000 21 1648 2669 3780
1803 2 2 1000 21 1649 2670 3781
1804 2 2 1000 21 606 3473 1603
1805 2 2 1000 21 609 1604 3474
1806 2 2 1000 21 481 2358 1447
1807 2 2 1000 21 482 2359 1449
1808 2 2 1000 21 483 2360 1448
1809 2 2 1000 21 484 2361 1450
1810 2 2 1000 21 629 1546 3347
1811 2 2 1000 21 630 1547 3348
1812 2 2 1000 21 631 1548 3349
1813 2 2 1000 21 632 1549 3350
1814 2 2 1000 21 429 2205 3666
1815 2 2 1000 21 430 2206 3667
1816 2 2 1000 21 431 2207 3668
1817 2 2 1000 21 432 2208 3669
1818 2 2 1000 21 413 2329 1662
1819 2 2 1000 21 414 2330 1663
1820 2 2 1000 21 415 2331 1664
1821 2 2 1000 21 416 2332 1665
1822 2 2 1000 21 739 2803 1804
1823 2 2 1000 21 740 2804 1805
1824 2 2 1000 21 743 2805 1806
1825 2 2 1000 21 744 2806 1807
1826 2 2 1000 21 867 1530 2565
1827 2 2 1000 21 868 1531 2566
1828 2 2 1000 21 865 2567 1532
1829 2 2 1000 21 866 2568 1533
1830 2 2 1000 21 429 1738 3120
1831 2 2 1000 21 430 1740 3122
1832 2 2 1000 21 431 1739 3121
1833 2 2 1000 21 432 1741 3123
1834 2 2 1000 21 188 3134 1411
1835 2 2 1000 21 129 3135 1412
1836 2 2 1000 21 11 1413 3130
1837 2 2 1000 21 70 1414 3131
1838 2 2 1000 21 65 3136 1415
1839 2 2 1000 21 124 3137 1416
1840 2 2 1000 21 242 1417 3132
1841 2 2 1000 21 183 1418 3133
1842 2 2 1000 21 469 2565 1530
1843 2 2 1000 21 470 2566 1531
1844 2 2 1000 21 471 1532 2567
1845 2 2 1000 21 472 1533 2568
1846 2 2 1000 21 1502 2105 3242
1847 2 2 1000 21 1503 2106 3243
1848 2 2 1000 21 605 1419 3364
1849 2 2 1000 21 607 3366 1421
1850 2 2 1000 21 610 1424 3368
1851 2 2 1000 21 611 3369 1425
1852 2 2 1000 21 612 3370 1426
1853 2 2 1000 21 725 2121 1616
1854 2 2 1000 21 726 2122 1617
1855 2 2 1000 21 727 2123 1618
1856 2 2 1000 21 728 2124 1619
1857 2 2 1000 21 841 2689 1434
1858 2 2 1000 21 842 2690 1435
1859 2 2 1000 21 843 2687 1436
1860 2 2 1000 21 845 2688 1437
1861 2 2 1000 21 153 1779 3521
1862 2 2 1000 21 212 1780 3522
1863 2 2 1000 21 35 3524 1781
1864 2 2 1000 21 94 3523 1782
1865 2 2 1000 21 721 2474 1695
1866 2 2 1000 21 722 2475 1696
1867 2 2 1000 21 723 2476 1697
1868 2 2 1000 21 724 2477 1698
1869 2 2 1000 21 2213 3313 3110
1870 2 2 1000 21 2214 3314 3111
1871 2 2 1000 21 2215 3315 3112
1872 2 2 1000 21 2216 3316 3113
1873 2 2 1000 21 2872 3886 1052
1874 2 2 1000 21 2871 3885 1051
1875 2 2 1000 21 2873 3887 1053
1876 2 2 1000 21 2874 3888 1054
1877 2 2 1000 21 438 1699 1979
1878 2 2 1000 21 1067 1473 3174
1879 2 2 1000 21 1068 1474 3175
1880 2 2 1000 21 1069 1475 3176
1881 2 2 1000 21 1070 1476 3177
1882 2 2 1000 21 493 2837 2093
1883 2 2 1000 21 494 2838 2094
1884 2 2 1000 21 495 2839 2095
1885 2 2 1000 21 496 2840 2096
1886 2 2 1000 21 1221 2093 2837
1887 2 2 1000 21 1222 2094 2838
1888 2 2 1000 21 1223 2095 2839
1889 2 2 1000 21 1224 2096 2840
1890 2 2 1000 21 1309 2133 3585
1891 2 2 1000 21 1310 2134 3586
1892 2 2 1000 21 1307 3589 2135
1893 2 2 1000 21 1308 3590 2136
1894 2 2 1000 21 721 1695 2201
1895 2 2 1000 21 722 1696 2202
1896 2 2 1000 21 723 1697 2203
1897 2 2 1000 21 724 1698 2204
1898 2 2 1000 21 3886 2114 1052
1899 2 2 1000 21 3885 2113 1051
1900 2 2 1000 21 3887 2115 1053
1901 2 2 1000 21 3888 2116 1054
1902 2 2 1000 21 471 2232 1532
1903 2 2 1000 21 472 2233 1533
1904 2 2 1000 21 469 1530 2234
1905 2 2 1000 21 470 1531 2235
1906 2 2 1000 21 1704 2417 3440
1907 2 2 1000 21 1705 2419 3441
1908 2 2 1000 21 1706 2418 3442
1909 2 2 1000 21 1707 2420 3443
1910 2 2 1000 21 833 1461 2413
1911 2 2 1000 21 834 1462 2414
1912 2 2 1000 21 835 2415 1463
1913 2 2 1000 21 836 2416 1464
1914 2 2 1000 21 613 4124 2789
1915 2 2 1000 21 614 4125 2790
1916 2 2 1000 21 615 4126 2791
1917 2 2 1000 21 616 4127 2792
1918 2 2 1000 21 1451 3351 2535
1919 2 2 1000 21 1452 3352 2536
1920 2 2 1000 21 1453 3353 2537
1921 2 2 1000 21 1454 3354 2538
1922 2 2 1000 21 787 2807 1654
1923 2 2 1000 21 788 2808 1655
1924 2 2 1000 21 789 2809 1656
1925 2 2 1000 21 790 2810 1657
1926 2 2 1000 21 511 1466 2350
1927 2 2 1000 21 515 1465 2352
1928 2 2 1000 21 512 1468 2351
1929 2 2 1000 21 516 1467 2353
1930 2 2 1000 21 613 2789 1796
1931 2 2 1000 21 614 2790 1797
1932 2 2 1000 21 615 2791 1798
1933 2 2 1000 21 616 2792 1799
1934 2 2 1000 21 1047 3029 1642
1935 2 2 1000 21 1048 3030 1643
1936 2 2 1000 21 1049 3031 1644
1937 2 2 1000 21 1050 3032 1645
1938 2 2 1000 21 345 3126 1634
1939 2 2 1000 21 346 3127 1635
1940 2 2 1000 21 347 3128 1636
1941 2 2 1000 21 348 3129 1637
1942 2 2 1000 21 489 1642 3029
1943 2 2 1000 21 490 1643 3030
1944 2 2 1000 21 491 1644 3031
1945 2 2 1000 21 492 1645 3032
1946 2 2 1000 21 972 3034 1712
1947 2 2 1000 21 973 3035 1713
1948 2 2 1000 21 1002 1596 2998
1949 2 2 1000 21 1003 1597 2999
1950 2 2 1000 21 1004 1598 3000
1951 2 2 1000 21 802 1438 2643
1952 2 2 1000 21 1362 1613 3854
1953 2 2 1000 21 335 2341 1770
1954 2 2 1000 21 919 1770 2341
1955 2 2 1000 21 585 2819 1439
1956 2 2 1000 21 586 2820 1440
1957 2 2 1000 21 587 2823 1441
1958 2 2 1000 21 588 2824 1442
1959 2 2 1000 21 589 1443 2821
1960 2 2 1000 21 590 1444 2822
1961 2 2 1000 21 591 1445 2825
1962 2 2 1000 21 592 1446 2826
1963 2 2 1000 21 641 3736 1451
1964 2 2 1000 21 642 3737 1452
1965 2 2 1000 21 643 3738 1453
1966 2 2 1000 21 644 3739 1454
1967 2 2 1000 21 322 1599 2541
1968 2 2 1000 21 324 1600 2542
1969 2 2 1000 21 326 1601 2543
1970 2 2 1000 21 328 1602 2544
1971 2 2 1000 21 729 2653 4054
1972 2 2 1000 21 730 2654 4055
1973 2 2 1000 21 731 2655 4056
1974 2 2 1000 21 732 2656 4057
1975 2 2 1000 21 795 1783 1931
1976 2 2 1000 21 796 1784 1932
1977 2 2 1000 21 797 1785 1933
1978 2 2 1000 21 879 3132 3427
1979 2 2 1000 21 875 3428 3136
1980 2 2 1000 21 873 3426 3134
1981 2 2 1000 21 877 3429 3137
1982 2 2 1000 21 202 2563 1588
1983 2 2 1000 21 143 2564 1589
1984 2 2 1000 21 25 1592 2559
1985 2 2 1000 21 84 1593 2560
1986 2 2 1000 21 51 2561 1590
1987 2 2 1000 21 110 2562 1591
1988 2 2 1000 21 228 1594 2557
1989 2 2 1000 21 169 1595 2558
1990 2 2 1000 21 932 1550 2745
1991 2 2 1000 21 933 1551 2746
1992 2 2 1000 21 936 1554 2747
1993 2 2 1000 21 937 1555 2748
1994 2 2 1000 21 288 289 2258
1995 2 2 1000 21 270 271 2259
1996 2 2 1000 21 306 307 2260
1997 2 2 1000 21 252 253 2261
1998 2 2 1000 21 709 1730 3071
1999 2 2 1000 21 710 1731 3072
2000 2 2 1000 21 711 1732 3073
2001 2 2 1000 21 712 1733 3074
2002 2 2 1000 21 1380 2070 3043
2003 2 2 1000 21 1379 2069 3042
2004 2 2 1000 21 1381 3040 2071
2005 2 2 1000 21 1382 3041 2072
2006 2 2 1000 21 297 298 1775
2007 2 2 1000 21 315 316 1776
2008 2 2 1000 21 279 280 1777
2009 2 2 1000 21 261 262 1778
2010 2 2 1000 21 1117 3593 2012
2011 2 2 1000 21 501 2209 3295
2012 2 2 1000 21 502 2210 3296
2013 2 2 1000 21 503 2211 3297
2014 2 2 1000 21 504 2212 3298
2015 2 2 1000 21 641 1451 3955
2016 2 2 1000 21 642 1452 3956
2017 2 2 1000 21 643 1453 3957
2018 2 2 1000 21 644 1454 3958
2019 2 2 1000 21 1043 1451 4271
2020 2 2 1000 21 1044 1452 4272
2021 2 2 1000 21 1045 1453 4273
2022 2 2 1000 21 1046 1454 4274
2023 2 2 1000 21 1221 2514 1666
2024 2 2 1000 21 1222 2515 1667
2025 2 2 1000 21 1223 2516 1668
2026 2 2 1000 21 1224 2517 1669
2027 2 2 1000 21 321 3992 3972
2028 2 2 1000 21 323 3993 3973
2029 2 2 1000 21 325 3994 3974
2030 2 2 1000 21 327 3995 3975
2031 2 2 1000 21 393 2498 1616
2032 2 2 1000 21 394 2499 1617
2033 2 2 1000 21 395 2500 1618
2034 2 2 1000 21 396 2501 1619
2035 2 2 1000 21 1678 4054 2653
2036 2 2 1000 21 1679 4055 2654
2037 2 2 1000 21 1680 4056 2655
2038 2 2 1000 21 1681 4057 2656
2039 2 2 1000 21 321 2008 3992
2040 2 2 1000 21 323 2009 3993
2041 2 2 1000 21 325 2010 3994
2042 2 2 1000 21 327 2011 3995
2043 2 2 1000 21 134 2582 2251
2044 2 2 1000 21 193 2581 2250
2045 2 2 1000 21 75 2255 2584
2046 2 2 1000 21 16 2253 2583
2047 2 2 1000 21 119 2586 2254
2048 2 2 1000 21 60 2585 2252
2049 2 2 1000 21 178 2257 2588
2050 2 2 1000 21 237 2256 2587
2051 2 2 1000 21 853 1616 2498
2052 2 2 1000 21 854 1617 2499
2053 2 2 1000 21 855 1618 2500
2054 2 2 1000 21 856 1619 2501
2055 2 2 1000 21 687 2362 3059
2056 2 2 1000 21 688 2363 3060
2057 2 2 1000 21 689 2364 3061
2058 2 2 1000 21 690 2365 3062
2059 2 2 1000 21 1683 2268 3228
2060 2 2 1000 21 1684 2269 3229
2061 2 2 1000 21 1687 2272 3232
2062 2 2 1000 21 1688 2273 3233
2063 2 2 1000 21 1685 3226 2266
2064 2 2 1000 21 1686 3227 2267
2065 2 2 1000 21 1689 3230 2270
2066 2 2 1000 21 1690 3231 2271
2067 2 2 1000 21 680 2056 3178
2068 2 2 1000 21 679 2054 3179
2069 2 2 1000 21 682 2055 3180
2070 2 2 1000 21 681 2053 3181
2071 2 2 1000 21 655 1682 2102
2072 2 2 1000 21 802 2102 1682
2073 2 2 1000 21 606 1603 2199
2074 2 2 1000 21 609 2200 1604
2075 2 2 1000 21 285 286 1766
2076 2 2 1000 21 267 268 1767
2077 2 2 1000 21 303 304 1768
2078 2 2 1000 21 249 250 1769
2079 2 2 1000 21 661 1786 2333
2080 2 2 1000 21 662 1787 2334
2081 2 2 1000 21 663 1788 2335
2082 2 2 1000 21 664 1789 2336
2083 2 2 1000 21 437 1931 1783
2084 2 2 1000 21 439 1932 1784
2085 2 2 1000 21 440 1933 1785
2086 2 2 1000 21 894 1876 1896
2087 2 2 1000 21 893 1875 1895
2088 2 2 1000 21 896 1878 1898
2089 2 2 1000 21 895 1877 1897
2090 2 2 1000 21 687 1691 2725
2091 2 2 1000 21 688 1692 2727
2092 2 2 1000 21 689 1693 2726
2093 2 2 1000 21 690 1694 2728
2094 2 2 1000 21 403 3450 2356
2095 2 2 1000 21 404 3451 2357
2096 2 2 1000 21 401 2992 4182
2097 2 2 1000 21 402 2993 4183
2098 2 2 1000 21 725 1616 2193
2099 2 2 1000 21 726 1617 2194
2100 2 2 1000 21 727 1618 2195
2101 2 2 1000 21 728 1619 2196
2102 2 2 1000 21 88 2277 89
2103 2 2 1000 21 29 2276 30
2104 2 2 1000 21 206 207 2274
2105 2 2 1000 21 147 148 2275
2106 2 2 1000 21 597 1455 3138
2107 2 2 1000 21 598 1456 3139
2108 2 2 1000 21 599 1457 3140
2109 2 2 1000 21 600 1458 3141
2110 2 2 1000 21 493 2213 3110
2111 2 2 1000 21 494 2214 3111
2112 2 2 1000 21 495 2215 3112
2113 2 2 1000 21 496 2216 3113
2114 2 2 1000 21 134 135 2582
2115 2 2 1000 21 193 194 2581
2116 2 2 1000 21 75 2584 76
2117 2 2 1000 21 16 2583 17
2118 2 2 1000 21 118 2586 119
2119 2 2 1000 21 59 2585 60
2120 2 2 1000 21 177 178 2588
2121 2 2 1000 21 236 237 2587
2122 2 2 1000 21 1311 3703 1939
2123 2 2 1000 21 1312 3704 1940
2124 2 2 1000 21 1313 3705 1941
2125 2 2 1000 21 1314 3706 1942
2126 2 2 1000 21 1550 3498 2745
2127 2 2 1000 21 1554 3500 2747
2128 2 2 1000 21 1551 3499 2746
2129 2 2 1000 21 1555 3501 2748
2130 2 2 1000 21 1059 1846 3064
2131 2 2 1000 21 1060 1847 3063
2132 2 2 1000 21 1061 3065 1848
2133 2 2 1000 21 1062 3066 1849
2134 2 2 1000 21 1436 3570 3359
2135 2 2 1000 21 511 3788 1466
2136 2 2 1000 21 512 3789 1468
2137 2 2 1000 21 924 2757 1461
2138 2 2 1000 21 925 2758 1462
2139 2 2 1000 21 926 1463 2759
2140 2 2 1000 21 927 1464 2760
2141 2 2 1000 21 1955 2425 3075
2142 2 2 1000 21 1956 2426 3076
2143 2 2 1000 21 220 2263 1572
2144 2 2 1000 21 161 2262 1573
2145 2 2 1000 21 43 1574 2264
2146 2 2 1000 21 102 1575 2265
2147 2 2 1000 21 515 3820 1465
2148 2 2 1000 21 516 3821 1467
2149 2 2 1000 21 449 2747 3500
2150 2 2 1000 21 450 2748 3501
2151 2 2 1000 21 445 2745 3498
2152 2 2 1000 21 446 2746 3499
2153 2 2 1000 21 753 1722 2942
2154 2 2 1000 21 754 1723 2943
2155 2 2 1000 21 755 1724 2944
2156 2 2 1000 21 756 1725 2945
2157 2 2 1000 21 815 1689 2163
2158 2 2 1000 21 816 1690 2164
2159 2 2 1000 21 817 2165 1687
2160 2 2 1000 21 818 2166 1688
2161 2 2 1000 21 1093 3242 2105
2162 2 2 1000 21 1094 3243 2106
2163 2 2 1000 21 479 2163 1689
2164 2 2 1000 21 480 2164 1690
2165 2 2 1000 21 477 1687 2165
2166 2 2 1000 21 478 1688 2166
2167 2 2 1000 21 521 1622 2201
2168 2 2 1000 21 522 1623 2202
2169 2 2 1000 21 523 1624 2203
2170 2 2 1000 21 524 1625 2204
2171 2 2 1000 21 915 2518 3116
2172 2 2 1000 21 916 2519 3117
2173 2 2 1000 21 917 2520 3118
2174 2 2 1000 21 918 2521 3119
2175 2 2 1000 21 385 1504 2963
2176 2 2 1000 21 386 1505 2964
2177 2 2 1000 21 387 1506 2965
2178 2 2 1000 21 388 1507 2966
2179 2 2 1000 21 587 2731 1554
2180 2 2 1000 21 588 2732 1555
2181 2 2 1000 21 585 2729 1550
2182 2 2 1000 21 586 2730 1551
2183 2 2 1000 21 591 1556 2735
2184 2 2 1000 21 592 1557 2736
2185 2 2 1000 21 589 1552 2733
2186 2 2 1000 21 590 1553 2734
2187 2 2 1000 21 1005 2514 2837
2188 2 2 1000 21 1006 2515 2838
2189 2 2 1000 21 1007 2516 2839
2190 2 2 1000 21 1008 2517 2840
2191 2 2 1000 21 3566 2358 889
2192 2 2 1000 21 3567 2359 890
2193 2 2 1000 21 3568 2360 891
2194 2 2 1000 21 3569 2361 892
2195 2 2 1000 21 807 2151 2057
2196 2 2 1000 21 809 2153 2058
2197 2 2 1000 21 808 2152 2059
2198 2 2 1000 21 810 2154 2060
2199 2 2 1000 21 1436 2687 2685
2200 2 2 1000 21 1437 2688 2686
2201 2 2 1000 21 1434 2689 2683
2202 2 2 1000 21 1435 2690 2684
2203 2 2 1000 21 571 2685 2687
2204 2 2 1000 21 572 2686 2688
2205 2 2 1000 21 569 2683 2689
2206 2 2 1000 21 570 2684 2690
2207 2 2 1000 21 779 3479 3148
2208 2 2 1000 21 780 3480 3149
2209 2 2 1000 21 777 3147 3478
2210 2 2 1000 21 778 3146 3477
2211 2 2 1000 21 980 2057 2151
2212 2 2 1000 21 982 2058 2153
2213 2 2 1000 21 981 2059 2152
2214 2 2 1000 21 983 2060 2154
2215 2 2 1000 21 1023 1678 2397
2216 2 2 1000 21 1025 1680 2399
2217 2 2 1000 21 1024 1679 2398
2218 2 2 1000 21 1026 1681 2400
2219 2 2 1000 21 837 2205 1622
2220 2 2 1000 21 838 2206 1623
2221 2 2 1000 21 839 2207 1624
2222 2 2 1000 21 840 2208 1625
2223 2 2 1000 21 353 1860 1943
2224 2 2 1000 21 354 1861 1944
2225 2 2 1000 21 355 1862 1945
2226 2 2 1000 21 356 1863 1946
2227 2 2 1000 21 294 3707 1714
2228 2 2 1000 21 312 3708 1715
2229 2 2 1000 21 276 3709 1716
2230 2 2 1000 21 258 3710 1717
2231 2 2 1000 21 1083 3515 2793
2232 2 2 1000 21 1084 3516 2794
2233 2 2 1000 21 1085 3517 2795
2234 2 2 1000 21 1086 3518 2796
2235 2 2 1000 21 783 2213 1626
2236 2 2 1000 21 784 2214 1627
2237 2 2 1000 21 785 2215 1628
2238 2 2 1000 21 786 2216 1629
2239 2 2 1000 21 653 2278 1596
2240 2 2 1000 21 654 2279 1597
2241 2 2 1000 21 656 2280 1598
2242 2 2 1000 21 2526 3566 889
2243 2 2 1000 21 2527 3567 890
2244 2 2 1000 21 2528 3568 891
2245 2 2 1000 21 2529 3569 892
2246 2 2 1000 21 930 2492 2067
2247 2 2 1000 21 928 2490 2065
2248 2 2 1000 21 931 2493 2068
2249 2 2 1000 21 929 2491 2066
2250 2 2 1000 21 409 1492 2938
2251 2 2 1000 21 410 1493 2939
2252 2 2 1000 21 411 1494 2940
2253 2 2 1000 21 412 1495 2941
2254 2 2 1000 21 932 2819 1550
2255 2 2 1000 21 933 2820 1551
2256 2 2 1000 21 934 1552 2821
2257 2 2 1000 21 935 1553 2822
2258 2 2 1000 21 936 2823 1554
2259 2 2 1000 21 937 2824 1555
2260 2 2 1000 21 938 1556 2825
2261 2 2 1000 21 939 1557 2826
2262 2 2 1000 21 601 3077 1576
2263 2 2 1000 21 602 3078 1577
2264 2 2 1000 21 603 3079 1578
2265 2 2 1000 21 604 3080 1579
2266 2 2 1000 21 509 2378 1500
2267 2 2 1000 21 510 2379 1501
2268 2 2 1000 21 665 1530 4166
2269 2 2 1000 21 666 1531 4167
2270 2 2 1000 21 667 4168 1532
2271 2 2 1000 21 668 4169 1533
2272 2 2 1000 21 1067 3025 1473
2273 2 2 1000 21 1068 3026 1474
2274 2 2 1000 21 1069 3027 1475
2275 2 2 1000 21 1070 3028 1476
2276 2 2 1000 21 1274 3178 2056
2277 2 2 1000 21 1273 3179 2054
2278 2 2 1000 21 1276 3180 2055
2279 2 2 1000 21 1275 3181 2053
2280 2 2 1000 21 749 1895 1875
2281 2 2 1000 21 750 1896 1876
2282 2 2 1000 21 751 1897 1877
2283 2 2 1000 21 752 1898 1878
2284 2 2 1000 21 349 2522 1626
2285 2 2 1000 21 350 2523 1627
2286 2 2 1000 21 351 2524 1628
2287 2 2 1000 21 352 2525 1629
2288 2 2 1000 21 1584 3071 2600
2289 2 2 1000 21 1585 3072 2601
2290 2 2 1000 21 1586 3073 2602
2291 2 2 1000 21 1587 3074 2603
2292 2 2 1000 21 1027 2117 2553
2293 2 2 1000 21 1028 2118 2554
2294 2 2 1000 21 1029 2119 2555
2295 2 2 1000 21 1030 2120 2556
2296 2 2 1000 21 3071 339 2600
2297 2 2 1000 21 3072 340 2601
2298 2 2 1000 21 3073 343 2602
2299 2 2 1000 21 3074 344 2603
2300 2 2 1000 21 807 2057 3794
2301 2 2 1000 21 808 2059 3795
2302 2 2 1000 21 809 2058 3796
2303 2 2 1000 21 810 2060 3797
2304 2 2 1000 21 329 1558 2320
2305 2 2 1000 21 331 1559 2321
2306 2 2 1000 21 954 3598 1465
2307 2 2 1000 21 955 3599 1467
2308 2 2 1000 21 952 3600 1466
2309 2 2 1000 21 953 3601 1468
2310 2 2 1000 21 649 1484 3581
2311 2 2 1000 21 650 1485 3582
2312 2 2 1000 21 651 1486 3583
2313 2 2 1000 21 652 1487 3584
2314 2 2 1000 21 729 4083 3295
2315 2 2 1000 21 731 4085 3297
2316 2 2 1000 21 730 4084 3296
2317 2 2 1000 21 732 4086 3298
2318 2 2 1000 21 581 4136 2346
2319 2 2 1000 21 582 4137 2347
2320 2 2 1000 21 583 4138 2348
2321 2 2 1000 21 584 4139 2349
2322 2 2 1000 21 781 1829 3744
2323 2 2 1000 21 782 1830 3745
2324 2 2 1000 21 1413 3166 2676
2325 2 2 1000 21 1412 2675 3168
2326 2 2 1000 21 1414 3167 2677
2327 2 2 1000 21 1418 3169 2678
2328 2 2 1000 21 433 1496 2439
2329 2 2 1000 21 434 1497 2440
2330 2 2 1000 21 436 1499 2441
2331 2 2 1000 21 3672 1118 2326
2332 2 2 1000 21 3673 1119 2327
2333 2 2 1000 21 3674 1120 2328
2334 2 2 1000 21 653 3638 1605
2335 2 2 1000 21 656 3639 1607
2336 2 2 1000 21 1230 1974 3056
2337 2 2 1000 21 1229 1973 3055
2338 2 2 1000 21 1232 1976 3058
2339 2 2 1000 21 1231 1975 3057
2340 2 2 1000 21 2913 1118 3672
2341 2 2 1000 21 2914 1119 3673
2342 2 2 1000 21 2915 1120 3674
2343 2 2 1000 21 513 2380 3242
2344 2 2 1000 21 514 2381 3243
2345 2 2 1000 21 1502 3242 2380
2346 2 2 1000 21 1503 3243 2381
2347 2 2 1000 21 653 1596 2928
2348 2 2 1000 21 656 1598 2929
2349 2 2 1000 21 337 1608 4148
2350 2 2 1000 21 338 1609 4149
2351 2 2 1000 21 341 1610 4150
2352 2 2 1000 21 342 1611 4151
2353 2 2 1000 21 1155 1477 2985
2354 2 2 1000 21 1159 1478 2986
2355 2 2 1000 21 1160 1479 2987
2356 2 2 1000 21 968 2450 2189
2357 2 2 1000 21 969 2451 2190
2358 2 2 1000 21 970 2452 2191
2359 2 2 1000 21 971 2453 2192
2360 2 2 1000 21 1197 1646 3778
2361 2 2 1000 21 1198 1647 3779
2362 2 2 1000 21 1199 1648 3780
2363 2 2 1000 21 1200 1649 3781
2364 2 2 1000 21 823 3125 3748
2365 2 2 1000 21 824 3124 3749
2366 2 2 1000 21 629 2510 1492
2367 2 2 1000 21 631 2511 1493
2368 2 2 1000 21 630 2512 1494
2369 2 2 1000 21 632 2513 1495
2370 2 2 1000 21 657 2033 2549
2371 2 2 1000 21 658 2034 2550
2372 2 2 1000 21 659 2035 2551
2373 2 2 1000 21 660 2036 2552
2374 2 2 1000 21 1095 2549 2033
2375 2 2 1000 21 1096 2550 2034
2376 2 2 1000 21 1097 2551 2035
2377 2 2 1000 21 1098 2552 2036
2378 2 2 1000 21 385 2807 1504
2379 2 2 1000 21 386 2808 1505
2380 2 2 1000 21 387 2809 1506
2381 2 2 1000 21 388 2810 1507
2382 2 2 1000 21 298 2017 1775
2383 2 2 1000 21 316 2018 1776
2384 2 2 1000 21 280 2019 1777
2385 2 2 1000 21 262 2020 1778
2386 2 2 1000 21 4141 1813 3279
2387 2 2 1000 21 4140 1812 3278
2388 2 2 1000 21 435 2101 1709
2389 2 2 1000 21 773 3436 1704
2390 2 2 1000 21 774 3437 1705
2391 2 2 1000 21 775 3438 1706
2392 2 2 1000 21 776 3439 1707
2393 2 2 1000 21 1469 2346 4136
2394 2 2 1000 21 1470 2347 4137
2395 2 2 1000 21 1471 2348 4138
2396 2 2 1000 21 1472 2349 4139
2397 2 2 1000 21 1341 3116 2518
2398 2 2 1000 21 1342 3117 2519
2399 2 2 1000 21 1343 3118 2520
2400 2 2 1000 21 1344 3119 2521
2401 2 2 1000 21 607 2634 1477
2402 2 2 1000 21 611 2635 1478
2403 2 2 1000 21 612 2636 1479
2404 2 2 1000 21 4205 1014 2438
2405 2 2 1000 21 4204 1013 2437
2406 2 2 1000 21 1605 1839 3690
2407 2 2 1000 21 1606 1840 3691
2408 2 2 1000 21 1607 1841 3692
2409 2 2 1000 21 1191 3325 1850
2410 2 2 1000 21 1192 3326 1851
2411 2 2 1000 21 1193 3327 1852
2412 2 2 1000 21 1194 3328 1853
2413 2 2 1000 21 795 1864 2326
2414 2 2 1000 21 796 1865 2327
2415 2 2 1000 21 797 1866 2328
2416 2 2 1000 21 1021 2811 1756
2417 2 2 1000 21 1022 2812 1757
2418 2 2 1000 21 1019 1754 2813
2419 2 2 1000 21 1020 1755 2814
2420 2 2 1000 21 1139 2309 1603
2421 2 2 1000 21 405 2618 3554
2422 2 2 1000 21 406 2620 3555
2423 2 2 1000 21 407 2619 3556
2424 2 2 1000 21 408 2621 3557
2425 2 2 1000 21 551 1812 4140
2426 2 2 1000 21 552 1813 4141
2427 2 2 1000 21 1179 1779 2048
2428 2 2 1000 21 1180 1780 2047
2429 2 2 1000 21 1181 2045 1781
2430 2 2 1000 21 1182 2046 1782
2431 2 2 1000 21 629 3347 3550
2432 2 2 1000 21 630 3348 3551
2433 2 2 1000 21 631 3349 3552
2434 2 2 1000 21 632 3350 3553
2435 2 2 1000 21 93 1809 3523
2436 2 2 1000 21 34 1808 3524
2437 2 2 1000 21 211 3522 1810
2438 2 2 1000 21 152 3521 1811
2439 2 2 1000 21 1951 4204 2437
2440 2 2 1000 21 1952 4205 2438
2441 2 2 1000 21 699 1977 2320
2442 2 2 1000 21 700 1978 2321
2443 2 2 1000 21 577 2676 3166
2444 2 2 1000 21 578 3168 2675
2445 2 2 1000 21 579 2677 3167
2446 2 2 1000 21 580 2678 3169
2447 2 2 1000 21 715 1913 3396
2448 2 2 1000 21 716 1914 3397
2449 2 2 1000 21 719 1909 3377
2450 2 2 1000 21 720 1910 3378
2451 2 2 1000 21 988 2930 2891
2452 2 2 1000 21 989 2931 2892
2453 2 2 1000 21 990 2932 2893
2454 2 2 1000 21 991 2933 2894
2455 2 2 1000 21 819 1943 1860
2456 2 2 1000 21 820 1944 1861
2457 2 2 1000 21 821 1945 1862
2458 2 2 1000 21 822 1946 1863
2459 2 2 1000 21 3317 204 1512
2460 2 2 1000 21 3318 145 1513
2461 2 2 1000 21 3319 1508 27
2462 2 2 1000 21 3320 1509 86
2463 2 2 1000 21 3322 108 1515
2464 2 2 1000 21 3321 49 1514
2465 2 2 1000 21 3323 1510 226
2466 2 2 1000 21 3324 1511 167
2467 2 2 1000 21 1482 3148 3479
2468 2 2 1000 21 1483 3149 3480
2469 2 2 1000 21 1480 3478 3147
2470 2 2 1000 21 1481 3477 3146
2471 2 2 1000 21 42 2408 1574
2472 2 2 1000 21 101 2407 1575
2473 2 2 1000 21 219 1572 2409
2474 2 2 1000 21 160 1573 2410
2475 2 2 1000 21 919 3093 1934
2476 2 2 1000 21 1156 1498 3048
2477 2 2 1000 21 1052 2974 3056
2478 2 2 1000 21 1051 2973 3055
2479 2 2 1000 21 1054 2976 3058
2480 2 2 1000 21 1053 2975 3057
2481 2 2 1000 21 156 157 1882
2482 2 2 1000 21 215 216 1881
2483 2 2 1000 21 38 1880 39
2484 2 2 1000 21 97 1879 98
2485 2 2 1000 21 911 1492 2951
2486 2 2 1000 21 913 1493 2953
2487 2 2 1000 21 912 1494 2952
2488 2 2 1000 21 914 1495 2954
2489 2 2 1000 21 509 1500 3701
2490 2 2 1000 21 510 1501 3702
2491 2 2 1000 21 944 2799 1992
2492 2 2 1000 21 945 2800 1993
2493 2 2 1000 21 946 2801 1994
2494 2 2 1000 21 947 2802 1995
2495 2 2 1000 21 601 1516 3077
2496 2 2 1000 21 602 1517 3078
2497 2 2 1000 21 603 1518 3079
2498 2 2 1000 21 604 1519 3080
2499 2 2 1000 21 505 2518 1742
2500 2 2 1000 21 506 2519 1743
2501 2 2 1000 21 507 2520 1744
2502 2 2 1000 21 508 2521 1745
2503 2 2 1000 21 915 1742 2518
2504 2 2 1000 21 916 1743 2519
2505 2 2 1000 21 917 1744 2520
2506 2 2 1000 21 918 1745 2521
2507 2 2 1000 21 409 3630 1492
2508 2 2 1000 21 410 3631 1493
2509 2 2 1000 21 411 3632 1494
2510 2 2 1000 21 412 3633 1495
2511 2 2 1000 21 501 1630 3469
2512 2 2 1000 21 502 1631 3470
2513 2 2 1000 21 503 1632 3471
2514 2 2 1000 21 504 1633 3472
2515 2 2 1000 21 1508 3208 27
2516 2 2 1000 21 1509 3209 86
2517 2 2 1000 21 1512 204 3212
2518 2 2 1000 21 1513 145 3213
2519 2 2 1000 21 1510 3206 226
2520 2 2 1000 21 1511 3207 167
2521 2 2 1000 21 1514 49 3210
2522 2 2 1000 21 1515 108 3211
2523 2 2 1000 21 447 1939 3703
2524 2 2 1000 21 448 1940 3704
2525 2 2 1000 21 451 1941 3705
2526 2 2 1000 21 452 1942 3706
2527 2 2 1000 21 1153 3188 1496
2528 2 2 1000 21 1154 3189 1497
2529 2 2 1000 21 1158 3190 1499
2530 2 2 1000 21 425 2139 1720
2531 2 2 1000 21 426 2140 1721
2532 2 2 1000 21 465 2815 1850
2533 2 2 1000 21 466 2816 1851
2534 2 2 1000 21 467 2817 1852
2535 2 2 1000 21 468 2818 1853
2536 2 2 1000 21 621 2959 1504
2537 2 2 1000 21 622 2960 1505
2538 2 2 1000 21 623 2961 1506
2539 2 2 1000 21 624 2962 1507
2540 2 2 1000 21 1311 1939 4240
2541 2 2 1000 21 1313 1941 4242
2542 2 2 1000 21 1312 1940 4241
2543 2 2 1000 21 1314 1942 4243
2544 2 2 1000 21 525 3871 1831
2545 2 2 1000 21 526 3872 1832
2546 2 2 1000 21 527 1833 3870
2547 2 2 1000 21 528 1834 3869
2548 2 2 1000 21 1498 3491 4181
2549 2 2 1000 21 1015 2224 1850
2550 2 2 1000 21 1016 2225 1851
2551 2 2 1000 21 1017 2226 1852
2552 2 2 1000 21 1018 2227 1853
2553 2 2 1000 21 683 2217 3690
2554 2 2 1000 21 684 2218 3691
2555 2 2 1000 21 686 2219 3692
2556 2 2 1000 21 645 1850 2224
2557 2 2 1000 21 646 1851 2225
2558 2 2 1000 21 647 1852 2226
2559 2 2 1000 21 648 1853 2227
2560 2 2 1000 21 1249 3059 2362
2561 2 2 1000 21 1250 3060 2363
2562 2 2 1000 21 1251 3061 2364
2563 2 2 1000 21 1252 3062 2365
2564 2 2 1000 21 1734 3255 3924
2565 2 2 1000 21 1735 3256 3925
2566 2 2 1000 21 956 1500 3716
2567 2 2 1000 21 957 1501 3717
2568 2 2 1000 21 958 1502 3718
2569 2 2 1000 21 959 1503 3719
2570 2 2 1000 21 739 3542 2803
2571 2 2 1000 21 740 3543 2804
2572 2 2 1000 21 743 3544 2805
2573 2 2 1000 21 744 3545 2806
2574 2 2 1000 21 881 2729 1508
2575 2 2 1000 21 882 2730 1509
2576 2 2 1000 21 883 2731 1510
2577 2 2 1000 21 884 2732 1511
2578 2 2 1000 21 885 1512 2733
2579 2 2 1000 21 886 1513 2734
2580 2 2 1000 21 887 1514 2735
2581 2 2 1000 21 888 1515 2736
2582 2 2 1000 21 601 3001 1524
2583 2 2 1000 21 602 3002 1525
2584 2 2 1000 21 603 3003 1526
2585 2 2 1000 21 604 3004 1527
2586 2 2 1000 21 1650 2339 3724
2587 2 2 1000 21 1651 2340 3725
2588 2 2 1000 21 661 2333 1630
2589 2 2 1000 21 662 2334 1631
2590 2 2 1000 21 663 2335 1632
2591 2 2 1000 21 664 2336 1633
2592 2 2 1000 21 552 3493 1813
2593 2 2 1000 21 551 3492 1812
2594 2 2 1000 21 393 2033 3248
2595 2 2 1000 21 394 2034 3249
2596 2 2 1000 21 395 2035 3250
2597 2 2 1000 21 396 2036 3251
2598 2 2 1000 21 3724 2339 815
2599 2 2 1000 21 3725 2340 816
2600 2 2 1000 21 1237 2777 2307
2601 2 2 1000 21 1238 2778 2308
2602 2 2 1000 21 1235 2305 2775
2603 2 2 1000 21 1236 2306 2776
2604 2 2 1000 21 469 2307 2777
2605 2 2 1000 21 470 2308 2778
2606 2 2 1000 21 471 2775 2305
2607 2 2 1000 21 472 2776 2306
2608 2 2 1000 21 1375 1758 3257
2609 2 2 1000 21 1376 1759 3258
2610 2 2 1000 21 1377 1760 3259
2611 2 2 1000 21 1378 1761 3260
2612 2 2 1000 21 886 2564 3318
2613 2 2 1000 21 885 2563 3317
2614 2 2 1000 21 881 3319 2559
2615 2 2 1000 21 882 3320 2560
2616 2 2 1000 21 888 2562 3322
2617 2 2 1000 21 887 2561 3321
2618 2 2 1000 21 883 3323 2557
2619 2 2 1000 21 884 3324 2558
2620 2 2 1000 21 950 1528 2659
2621 2 2 1000 21 951 1529 2660
2622 2 2 1000 21 417 1516 2761
2623 2 2 1000 21 418 1517 2762
2624 2 2 1000 21 419 1518 2763
2625 2 2 1000 21 420 1519 2764
2626 2 2 1000 21 1734 3930 3125
2627 2 2 1000 21 1735 3931 3124
2628 2 2 1000 21 429 3120 2205
2629 2 2 1000 21 430 3122 2206
2630 2 2 1000 21 431 3121 2207
2631 2 2 1000 21 432 3123 2208
2632 2 2 1000 21 717 2401 3150
2633 2 2 1000 21 718 2402 3151
2634 2 2 1000 21 371 1520 2753
2635 2 2 1000 21 372 1521 2754
2636 2 2 1000 21 375 1522 2755
2637 2 2 1000 21 376 1523 2756
2638 2 2 1000 21 779 1781 2045
2639 2 2 1000 21 780 1782 2046
2640 2 2 1000 21 777 2047 1780
2641 2 2 1000 21 778 2048 1779
2642 2 2 1000 21 371 3790 1520
2643 2 2 1000 21 372 3791 1521
2644 2 2 1000 21 375 3792 1522
2645 2 2 1000 21 376 3793 1523
2646 2 2 1000 21 521 2502 1622
2647 2 2 1000 21 522 2503 1623
2648 2 2 1000 21 523 2504 1624
2649 2 2 1000 21 524 2505 1625
2650 2 2 1000 21 825 2969 1626
2651 2 2 1000 21 826 2970 1627
2652 2 2 1000 21 827 2971 1628
2653 2 2 1000 21 828 2972 1629
2654 2 2 1000 21 264 2906 1700
2655 2 2 1000 21 282 2904 1702
2656 2 2 1000 21 246 2905 1701
2657 2 2 1000 21 300 2903 1703
2658 2 2 1000 21 1417 3427 3132
2659 2 2 1000 21 1415 3136 3428
2660 2 2 1000 21 1416 3137 3429
2661 2 2 1000 21 1411 3134 3426
2662 2 2 1000 21 1195 3575 3299
2663 2 2 1000 21 1196 3576 3300
2664 2 2 1000 21 1608 2930 4148
2665 2 2 1000 21 1609 2931 4149
2666 2 2 1000 21 1610 2932 4150
2667 2 2 1000 21 1611 2933 4151
2668 2 2 1000 21 950 3371 1528
2669 2 2 1000 21 951 3372 1529
2670 2 2 1000 21 725 2193 3184
2671 2 2 1000 21 726 2194 3185
2672 2 2 1000 21 727 2195 3186
2673 2 2 1000 21 728 2196 3187
2674 2 2 1000 21 534 4092 1876
2675 2 2 1000 21 533 4091 1875
2676 2 2 1000 21 536 4094 1878
2677 2 2 1000 21 535 4093 1877
2678 2 2 1000 21 802 1682 3345
2679 2 2 1000 21 934 2899 1552
2680 2 2 1000 21 935 2900 1553
2681 2 2 1000 21 938 2901 1556
2682 2 2 1000 21 939 2902 1557
2683 2 2 1000 21 1399 2845 3814
2684 2 2 1000 21 1400 2846 3815
2685 2 2 1000 21 1401 2847 3816
2686 2 2 1000 21 1402 2848 3817
2687 2 2 1000 21 403 2356 4128
2688 2 2 1000 21 404 2357 4129
2689 2 2 1000 21 737 1915 3301
2690 2 2 1000 21 738 1916 3302
2691 2 2 1000 21 739 3305 1917
2692 2 2 1000 21 740 3306 1918
2693 2 2 1000 21 741 1919 3303
2694 2 2 1000 21 742 1920 3304
2695 2 2 1000 21 743 3307 1921
2696 2 2 1000 21 744 3308 1922
2697 2 2 1000 21 318 1546 3089
2698 2 2 1000 21 319 1547 3091
2699 2 2 1000 21 317 1548 3090
2700 2 2 1000 21 320 1549 3092
2701 2 2 1000 21 925 2030 1981
2702 2 2 1000 21 924 2029 1980
2703 2 2 1000 21 926 1982 2031
2704 2 2 1000 21 927 1983 2032
2705 2 2 1000 21 566 4100 1962
2706 2 2 1000 21 565 4099 1961
2707 2 2 1000 21 568 4102 1964
2708 2 2 1000 21 567 4101 1963
2709 2 2 1000 21 369 2771 1534
2710 2 2 1000 21 370 2772 1535
2711 2 2 1000 21 373 2773 1536
2712 2 2 1000 21 374 2774 1537
2713 2 2 1000 21 717 3282 1858
2714 2 2 1000 21 718 3283 1859
2715 2 2 1000 21 369 1534 3760
2716 2 2 1000 21 370 1535 3761
2717 2 2 1000 21 373 1536 3762
2718 2 2 1000 21 374 1537 3763
2719 2 2 1000 21 629 2637 1546
2720 2 2 1000 21 630 2638 1547
2721 2 2 1000 21 631 2639 1548
2722 2 2 1000 21 632 2640 1549
2723 2 2 1000 21 263 1700 3083
2724 2 2 1000 21 245 1701 3084
2725 2 2 1000 21 281 1702 3081
2726 2 2 1000 21 299 1703 3082
2727 2 2 1000 21 1179 3521 1779
2728 2 2 1000 21 1180 3522 1780
2729 2 2 1000 21 1181 1781 3524
2730 2 2 1000 21 1182 1782 3523
2731 2 2 1000 21 629 3550 2510
2732 2 2 1000 21 631 3552 2511
2733 2 2 1000 21 630 3551 2512
2734 2 2 1000 21 632 3553 2513
2735 2 2 1000 21 566 3447 4100
2736 2 2 1000 21 565 3446 4099
2737 2 2 1000 21 568 3449 4102
2738 2 2 1000 21 567 3448 4101
2739 2 2 1000 21 713 3434 1925
2740 2 2 1000 21 714 3435 1926
2741 2 2 1000 21 1002 3049 1596
2742 2 2 1000 21 1004 3050 1598
2743 2 2 1000 21 2510 3550 3756
2744 2 2 1000 21 2511 3552 3758
2745 2 2 1000 21 2512 3551 3757
2746 2 2 1000 21 2513 3553 3759
2747 2 2 1000 21 4214 996 2431
2748 2 2 1000 21 4215 997 2432
2749 2 2 1000 21 1911 4214 2431
2750 2 2 1000 21 1912 4215 2432
2751 2 2 1000 21 980 2151 2177
2752 2 2 1000 21 982 2153 2179
2753 2 2 1000 21 981 2152 2178
2754 2 2 1000 21 983 2154 2180
2755 2 2 1000 21 318 2177 2151
2756 2 2 1000 21 319 2179 2153
2757 2 2 1000 21 317 2178 2152
2758 2 2 1000 21 320 2180 2154
2759 2 2 1000 21 1035 1683 2988
2760 2 2 1000 21 1036 1684 2989
2761 2 2 1000 21 1037 2990 1685
2762 2 2 1000 21 1038 2991 1686
2763 2 2 1000 21 473 2988 1683
2764 2 2 1000 21 474 2989 1684
2765 2 2 1000 21 475 1685 2990
2766 2 2 1000 21 476 1686 2991
2767 2 2 1000 21 883 2557 1594
2768 2 2 1000 21 884 2558 1595
2769 2 2 1000 21 887 1590 2561
2770 2 2 1000 21 888 1591 2562
2771 2 2 1000 21 881 2559 1592
2772 2 2 1000 21 882 2560 1593
2773 2 2 1000 21 885 1588 2563
2774 2 2 1000 21 886 1589 2564
2775 2 2 1000 21 1876 4092 2577
2776 2 2 1000 21 1875 4091 2578
2777 2 2 1000 21 1878 4094 2579
2778 2 2 1000 21 1877 4093 2580
2779 2 2 1000 21 837 3861 2205
2780 2 2 1000 21 838 3862 2206
2781 2 2 1000 21 839 3863 2207
2782 2 2 1000 21 840 3864 2208
2783 2 2 1000 21 3034 972 2673
2784 2 2 1000 21 3035 973 2674
2785 2 2 1000 21 621 1538 2930
2786 2 2 1000 21 622 1539 2931
2787 2 2 1000 21 623 1540 2932
2788 2 2 1000 21 624 1541 2933
2789 2 2 1000 21 1558 3034 2673
2790 2 2 1000 21 1559 3035 2674
2791 2 2 1000 21 1104 3393 1746
2792 2 2 1000 21 1102 3392 1747
2793 2 2 1000 21 1103 3395 1748
2794 2 2 1000 21 1101 3394 1749
2795 2 2 1000 21 881 3498 1550
2796 2 2 1000 21 882 3499 1551
2797 2 2 1000 21 885 1552 3494
2798 2 2 1000 21 886 1553 3495
2799 2 2 1000 21 883 3500 1554
2800 2 2 1000 21 884 3501 1555
2801 2 2 1000 21 887 1556 3496
2802 2 2 1000 21 888 1557 3497
2803 2 2 1000 21 1137 1604 2534
2804 2 2 1000 21 601 1576 3810
2805 2 2 1000 21 602 1577 3811
2806 2 2 1000 21 603 1578 3812
2807 2 2 1000 21 604 1579 3813
2808 2 2 1000 21 829 3261 3903
2809 2 2 1000 21 831 3262 3904
2810 2 2 1000 21 832 3263 3905
2811 2 2 1000 21 1039 1687 3005
2812 2 2 1000 21 1040 1688 3006
2813 2 2 1000 21 1041 3007 1689
2814 2 2 1000 21 1042 3008 1690
2815 2 2 1000 21 477 3005 1687
2816 2 2 1000 21 478 3006 1688
2817 2 2 1000 21 479 1689 3007
2818 2 2 1000 21 480 1690 3008
2819 2 2 1000 21 654 3284 1606
2820 2 2 1000 21 1613 2304 3431
2821 2 2 1000 21 433 1605 3285
2822 2 2 1000 21 436 1607 3286
2823 2 2 1000 21 1580 3861 2386
2824 2 2 1000 21 1581 3862 2387
2825 2 2 1000 21 1582 3863 2388
2826 2 2 1000 21 1583 3864 2389
2827 2 2 1000 21 829 3903 2301
2828 2 2 1000 21 831 3904 2302
2829 2 2 1000 21 832 3905 2303
2830 2 2 1000 21 881 1550 2729
2831 2 2 1000 21 882 1551 2730
2832 2 2 1000 21 885 2733 1552
2833 2 2 1000 21 886 2734 1553
2834 2 2 1000 21 883 1554 2731
2835 2 2 1000 21 884 1555 2732
2836 2 2 1000 21 887 2735 1556
2837 2 2 1000 21 888 2736 1557
2838 2 2 1000 21 398 3268 1603
2839 2 2 1000 21 399 1604 3269
2840 2 2 1000 21 329 3034 1558
2841 2 2 1000 21 331 3035 1559
2842 2 2 1000 21 549 1923 3670
2843 2 2 1000 21 550 1924 3671
2844 2 2 1000 21 1005 2573 1599
2845 2 2 1000 21 1006 2574 1600
2846 2 2 1000 21 1007 2575 1601
2847 2 2 1000 21 1008 2576 1602
2848 2 2 1000 21 901 3571 1564
2849 2 2 1000 21 902 3572 1565
2850 2 2 1000 21 903 3573 1566
2851 2 2 1000 21 904 3574 1567
2852 2 2 1000 21 513 2339 1650
2853 2 2 1000 21 514 2340 1651
2854 2 2 1000 21 1255 2012 1990
2855 2 2 1000 21 627 1572 2813
2856 2 2 1000 21 628 1573 2814
2857 2 2 1000 21 625 2811 1574
2858 2 2 1000 21 626 2812 1575
2859 2 2 1000 21 932 2667 2771
2860 2 2 1000 21 933 2668 2772
2861 2 2 1000 21 936 2665 2773
2862 2 2 1000 21 937 2666 2774
2863 2 2 1000 21 897 2955 2506
2864 2 2 1000 21 898 2956 2507
2865 2 2 1000 21 899 2957 2508
2866 2 2 1000 21 900 2958 2509
2867 2 2 1000 21 779 2405 1781
2868 2 2 1000 21 780 2406 1782
2869 2 2 1000 21 777 1780 2404
2870 2 2 1000 21 778 1779 2403
2871 2 2 1000 21 733 1662 2329
2872 2 2 1000 21 734 1663 2330
2873 2 2 1000 21 735 1664 2331
2874 2 2 1000 21 736 1665 2332
2875 2 2 1000 21 661 3594 1786
2876 2 2 1000 21 662 3595 1787
2877 2 2 1000 21 663 3596 1788
2878 2 2 1000 21 664 3597 1789
2879 2 2 1000 21 1973 3895 4265
2880 2 2 1000 21 1974 3896 4266
2881 2 2 1000 21 1975 3897 4267
2882 2 2 1000 21 1976 3898 4268
2883 2 2 1000 21 1239 1786 3594
2884 2 2 1000 21 1240 1787 3595
2885 2 2 1000 21 1241 1788 3596
2886 2 2 1000 21 1242 1789 3597
2887 2 2 1000 21 1243 2779 3142
2888 2 2 1000 21 1244 2780 3143
2889 2 2 1000 21 1245 2781 3144
2890 2 2 1000 21 1246 2782 3145
2891 2 2 1000 21 765 1927 2141
2892 2 2 1000 21 766 1928 2142
2893 2 2 1000 21 767 1929 2143
2894 2 2 1000 21 768 1930 2144
2895 2 2 1000 21 1431 3690 2217
2896 2 2 1000 21 1432 3691 2218
2897 2 2 1000 21 1433 3692 2219
2898 2 2 1000 21 3924 3255 427
2899 2 2 1000 21 3925 3256 428
2900 2 2 1000 21 721 4142 2474
2901 2 2 1000 21 722 4143 2475
2902 2 2 1000 21 723 4144 2476
2903 2 2 1000 21 724 4145 2477
2904 2 2 1000 21 837 1622 2502
2905 2 2 1000 21 838 1623 2503
2906 2 2 1000 21 839 1624 2504
2907 2 2 1000 21 840 1625 2505
2908 2 2 1000 21 3930 669 3125
2909 2 2 1000 21 3931 670 3124
2910 2 2 1000 21 445 1568 2745
2911 2 2 1000 21 446 1569 2746
2912 2 2 1000 21 449 1570 2747
2913 2 2 1000 21 450 1571 2748
2914 2 2 1000 21 817 2157 2165
2915 2 2 1000 21 818 2158 2166
2916 2 2 1000 21 815 2163 2155
2917 2 2 1000 21 816 2164 2156
2918 2 2 1000 21 1011 2165 2157
2919 2 2 1000 21 1012 2166 2158
2920 2 2 1000 21 1009 2155 2163
2921 2 2 1000 21 1010 2156 2164
2922 2 2 1000 21 825 2934 2013
2923 2 2 1000 21 826 2935 2014
2924 2 2 1000 21 827 2936 2015
2925 2 2 1000 21 828 2937 2016
2926 2 2 1000 21 1043 2125 3351
2927 2 2 1000 21 1044 2127 3352
2928 2 2 1000 21 1045 2126 3353
2929 2 2 1000 21 1046 2128 3354
2930 2 2 1000 21 1331 1736 4152
2931 2 2 1000 21 1332 1737 4153
2932 2 2 1000 21 783 1626 2522
2933 2 2 1000 21 784 1627 2523
2934 2 2 1000 21 785 1628 2524
2935 2 2 1000 21 786 1629 2525
2936 2 2 1000 21 627 2879 1572
2937 2 2 1000 21 628 2880 1573
2938 2 2 1000 21 625 1574 2877
2939 2 2 1000 21 626 1575 2878
2940 2 2 1000 21 703 1818 3252
2941 2 2 1000 21 704 1819 3253
2942 2 2 1000 21 1832 3872 2487
2943 2 2 1000 21 1831 3871 2486
2944 2 2 1000 21 1833 2488 3870
2945 2 2 1000 21 1834 2489 3869
2946 2 2 1000 21 1533 2233 3694
2947 2 2 1000 21 1532 2232 3693
2948 2 2 1000 21 1530 3695 2234
2949 2 2 1000 21 1531 3696 2235
2950 2 2 1000 21 919 2341 3093
2951 2 2 1000 21 1320 4156 2921
2952 2 2 1000 21 905 1652 2401
2953 2 2 1000 21 906 1653 2402
2954 2 2 1000 21 1542 2789 4124
2955 2 2 1000 21 1543 2790 4125
2956 2 2 1000 21 1544 2791 4126
2957 2 2 1000 21 1545 2792 4127
2958 2 2 1000 21 1239 4113 1786
2959 2 2 1000 21 1240 4114 1787
2960 2 2 1000 21 1241 4115 1788
2961 2 2 1000 21 1242 4116 1789
2962 2 2 1000 21 1169 2466 3461
2963 2 2 1000 21 1170 2467 3462
2964 2 2 1000 21 1171 2468 3463
2965 2 2 1000 21 1172 2469 3464
2966 2 2 1000 21 1247 3688 3182
2967 2 2 1000 21 1248 3689 3183
2968 2 2 1000 21 817 2875 1951
2969 2 2 1000 21 818 2876 1952
2970 2 2 1000 21 438 1979 3850
2971 2 2 1000 21 669 3930 2240
2972 2 2 1000 21 670 3931 2241
2973 2 2 1000 21 695 3461 1642
2974 2 2 1000 21 696 3462 1643
2975 2 2 1000 21 697 3463 1644
2976 2 2 1000 21 698 3464 1645
2977 2 2 1000 21 297 1775 3626
2978 2 2 1000 21 315 1776 3627
2979 2 2 1000 21 279 1777 3628
2980 2 2 1000 21 261 1778 3629
2981 2 2 1000 21 493 2093 3218
2982 2 2 1000 21 494 2094 3219
2983 2 2 1000 21 495 2095 3220
2984 2 2 1000 21 496 2096 3221
2985 2 2 1000 21 465 3325 3940
2986 2 2 1000 21 466 3326 3941
2987 2 2 1000 21 467 3327 3942
2988 2 2 1000 21 468 3328 3943
2989 2 2 1000 21 607 2616 1620
2990 2 2 1000 21 612 2617 1621
2991 2 2 1000 21 825 2093 2934
2992 2 2 1000 21 826 2094 2935
2993 2 2 1000 21 827 2095 2936
2994 2 2 1000 21 828 2096 2937
2995 2 2 1000 21 1385 3114 2344
2996 2 2 1000 21 1386 3115 2345
2997 2 2 1000 21 930 2861 2492
2998 2 2 1000 21 931 2863 2493
2999 2 2 1000 21 928 2862 2490
3000 2 2 1000 21 929 2864 2491
3001 2 2 1000 21 837 2386 3861
3002 2 2 1000 21 838 2387 3862
3003 2 2 1000 21 839 2388 3863
3004 2 2 1000 21 840 2389 3864
3005 2 2 1000 21 637 3214 1742
3006 2 2 1000 21 638 3215 1743
3007 2 2 1000 21 639 3216 1744
3008 2 2 1000 21 640 3217 1745
3009 2 2 1000 21 294 295 3707
3010 2 2 1000 21 312 313 3708
3011 2 2 1000 21 276 277 3709
3012 2 2 1000 21 258 259 3710
3013 2 2 1000 21 434 1606 3502
3014 2 2 1000 21 617 4257 2667
3015 2 2 1000 21 618 4258 2668
3016 2 2 1000 21 619 4259 2665
3017 2 2 1000 21 620 4260 2666
3018 2 2 1000 21 813 2835 1911
3019 2 2 1000 21 814 2836 1912
3020 2 2 1000 21 607 1620 4146
3021 2 2 1000 21 612 1621 4147
3022 2 2 1000 21 4230 2444 978
3023 2 2 1000 21 4231 2445 979
3024 2 2 1000 21 1893 2444 4230
3025 2 2 1000 21 1894 2445 4231
3026 2 2 1000 21 1125 3162 1599
3027 2 2 1000 21 1126 3163 1600
3028 2 2 1000 21 1127 3164 1601
3029 2 2 1000 21 1128 3165 1602
3030 2 2 1000 21 1630 3295 4083
3031 2 2 1000 21 1632 3297 4085
3032 2 2 1000 21 1631 3296 4084
3033 2 2 1000 21 1633 3298 4086
3034 2 2 1000 21 242 243 2701
3035 2 2 1000 21 65 2697 66
3036 2 2 1000 21 183 184 2702
3037 2 2 1000 21 124 2699 125
3038 2 2 1000 21 10 2698 11
3039 2 2 1000 21 187 188 2695
3040 2 2 1000 21 69 2700 70
3041 2 2 1000 21 128 129 2696
3042 2 2 1000 21 683 3690 1839
3043 2 2 1000 21 684 3691 1840
3044 2 2 1000 21 686 3692 1841
3045 2 2 1000 21 685 1990 2012
3046 2 2 1000 21 501 3295 1630
3047 2 2 1000 21 502 3296 1631
3048 2 2 1000 21 503 3297 1632
3049 2 2 1000 21 504 3298 1633
3050 2 2 1000 21 561 3068 1953
3051 2 2 1000 21 562 3067 1954
3052 2 2 1000 21 563 3070 1955
3053 2 2 1000 21 564 3069 1956
3054 2 2 1000 21 2125 2711 3351
3055 2 2 1000 21 2127 2712 3352
3056 2 2 1000 21 2126 2713 3353
3057 2 2 1000 21 2128 2714 3354
3058 2 2 1000 21 811 1893 2797
3059 2 2 1000 21 812 1894 2798
3060 2 2 1000 21 1369 3238 1887
3061 2 2 1000 21 1372 3239 1888
3062 2 2 1000 21 709 4087 1730
3063 2 2 1000 21 710 4088 1731
3064 2 2 1000 21 711 4089 1732
3065 2 2 1000 21 712 4090 1733
3066 2 2 1000 21 537 1758 2849
3067 2 2 1000 21 538 1759 2851
3068 2 2 1000 21 539 1760 2850
3069 2 2 1000 21 540 1761 2852
3070 2 2 1000 21 787 1654 4130
3071 2 2 1000 21 788 1655 4131
3072 2 2 1000 21 789 1656 4132
3073 2 2 1000 21 790 1657 4133
3074 2 2 1000 21 393 3604 2033
3075 2 2 1000 21 394 3605 2034
3076 2 2 1000 21 395 3606 2035
3077 2 2 1000 21 396 3607 2036
3078 2 2 1000 21 493 3218 2213
3079 2 2 1000 21 494 3219 2214
3080 2 2 1000 21 495 3220 2215
3081 2 2 1000 21 496 3221 2216
3082 2 2 1000 21 337 2767 1608
3083 2 2 1000 21 338 2768 1609
3084 2 2 1000 21 341 2769 1610
3085 2 2 1000 21 342 2770 1611
3086 2 2 1000 21 367 2657 1899
3087 2 2 1000 21 368 2658 1900
3088 2 2 1000 21 228 229 3307
3089 2 2 1000 21 169 170 3308
3090 2 2 1000 21 51 3303 52
3091 2 2 1000 21 110 3304 111
3092 2 2 1000 21 24 3305 25
3093 2 2 1000 21 83 3306 84
3094 2 2 1000 21 201 202 3301
3095 2 2 1000 21 142 143 3302
3096 2 2 1000 21 980 2177 2462
3097 2 2 1000 21 981 2178 2463
3098 2 2 1000 21 982 2179 2464
3099 2 2 1000 21 983 2180 2465
3100 2 2 1000 21 649 1638 2612
3101 2 2 1000 21 650 1639 2613
3102 2 2 1000 21 651 1640 2614
3103 2 2 1000 21 652 1641 2615
3104 2 2 1000 21 807 2761 3465
3105 2 2 1000 21 808 2763 3466
3106 2 2 1000 21 809 2762 3467
3107 2 2 1000 21 810 2764 3468
3108 2 2 1000 21 721 1622 3120
3109 2 2 1000 21 722 1623 3122
3110 2 2 1000 21 723 1624 3121
3111 2 2 1000 21 724 1625 3123
3112 2 2 1000 21 1213 3626 1775
3113 2 2 1000 21 1214 3627 1776
3114 2 2 1000 21 1215 3628 1777
3115 2 2 1000 21 1216 3629 1778
3116 2 2 1000 21 1014 1910 3735
3117 2 2 1000 21 1013 1909 3734
3118 2 2 1000 21 905 1650 2539
3119 2 2 1000 21 906 1651 2540
3120 2 2 1000 21 1209 3036 3094
3121 2 2 1000 21 1210 3038 3095
3122 2 2 1000 21 1211 3037 3096
3123 2 2 1000 21 1212 3039 3097
3124 2 2 1000 21 435 1709 2643
3125 2 2 1000 21 1181 3524 1808
3126 2 2 1000 21 1182 3523 1809
3127 2 2 1000 21 1180 1810 3522
3128 2 2 1000 21 1179 1811 3521
3129 2 2 1000 21 843 3359 1708
3130 2 2 1000 21 669 1736 3125
3131 2 2 1000 21 670 1737 3124
3132 2 2 1000 21 837 2502 2386
3133 2 2 1000 21 838 2503 2387
3134 2 2 1000 21 839 2504 2388
3135 2 2 1000 21 840 2505 2389
3136 2 2 1000 21 1183 2386 2502
3137 2 2 1000 21 1184 2387 2503
3138 2 2 1000 21 1185 2388 2504
3139 2 2 1000 21 1186 2389 2505
3140 2 2 1000 21 423 1829 3410
3141 2 2 1000 21 424 1830 3411
3142 2 2 1000 21 100 2296 2407
3143 2 2 1000 21 41 2295 2408
3144 2 2 1000 21 218 2409 2294
3145 2 2 1000 21 159 2410 2293
3146 2 2 1000 21 853 2887 1616
3147 2 2 1000 21 854 2888 1617
3148 2 2 1000 21 855 2889 1618
3149 2 2 1000 21 856 2890 1619
3150 2 2 1000 21 661 1634 2661
3151 2 2 1000 21 662 1635 2662
3152 2 2 1000 21 663 1636 2663
3153 2 2 1000 21 664 1637 2664
3154 2 2 1000 21 365 1901 2659
3155 2 2 1000 21 366 1902 2660
3156 2 2 1000 21 1992 2799 3244
3157 2 2 1000 21 1994 2801 3246
3158 2 2 1000 21 1993 2800 3245
3159 2 2 1000 21 1995 2802 3247
3160 2 2 1000 21 4028 675 2591
3161 2 2 1000 21 4029 676 2592
3162 2 2 1000 21 4030 677 2593
3163 2 2 1000 21 4031 678 2594
3164 2 2 1000 21 1087 3228 2268
3165 2 2 1000 21 1088 3229 2269
3166 2 2 1000 21 1091 3232 2272
3167 2 2 1000 21 1092 3233 2273
3168 2 2 1000 21 1089 2266 3226
3169 2 2 1000 21 1090 2267 3227
3170 2 2 1000 21 1093 2270 3230
3171 2 2 1000 21 1094 2271 3231
3172 2 2 1000 21 683 1988 2217
3173 2 2 1000 21 684 1989 2218
3174 2 2 1000 21 686 1991 2219
3175 2 2 1000 21 825 1626 3218
3176 2 2 1000 21 826 1627 3219
3177 2 2 1000 21 827 1628 3220
3178 2 2 1000 21 828 1629 3221
3179 2 2 1000 21 857 2025 2041
3180 2 2 1000 21 858 2026 2042
3181 2 2 1000 21 859 2027 2043
3182 2 2 1000 21 860 2028 2044
3183 2 2 1000 21 554 3721 3819
3184 2 2 1000 21 553 3720 3818
3185 2 2 1000 21 1825 4028 2591
3186 2 2 1000 21 1826 4029 2592
3187 2 2 1000 21 1827 4030 2593
3188 2 2 1000 21 1828 4031 2594
3189 2 2 1000 21 1371 2995 2648
3190 2 2 1000 21 291 1695 2474
3191 2 2 1000 21 309 1696 2475
3192 2 2 1000 21 273 1697 2476
3193 2 2 1000 21 255 1698 2477
3194 2 2 1000 21 813 1980 2029
3195 2 2 1000 21 814 1981 2030
3196 2 2 1000 21 811 2031 1982
3197 2 2 1000 21 812 2032 1983
3198 2 2 1000 21 1297 2767 4196
3199 2 2 1000 21 1298 2768 4197
3200 2 2 1000 21 1299 2769 4198
3201 2 2 1000 21 1300 2770 4199
3202 2 2 1000 21 668 3694 1879
3203 2 2 1000 21 667 3693 1880
3204 2 2 1000 21 665 1881 3695
3205 2 2 1000 21 666 1882 3696
3206 2 2 1000 21 349 1626 2969
3207 2 2 1000 21 350 1627 2970
3208 2 2 1000 21 351 1628 2971
3209 2 2 1000 21 352 1629 2972
3210 2 2 1000 21 435 3570 2101
3211 2 2 1000 21 1121 2008 3152
3212 2 2 1000 21 1122 2009 3153
3213 2 2 1000 21 1123 2010 3154
3214 2 2 1000 21 1124 2011 3155
3215 2 2 1000 21 3936 3341 907
3216 2 2 1000 21 3937 3342 908
3217 2 2 1000 21 3938 3343 909
3218 2 2 1000 21 3939 3344 910
3219 2 2 1000 21 773 3881 3436
3220 2 2 1000 21 774 3882 3437
3221 2 2 1000 21 775 3883 3438
3222 2 2 1000 21 776 3884 3439
3223 2 2 1000 21 358 3896 1974
3224 2 2 1000 21 357 3895 1973
3225 2 2 1000 21 360 3898 1976
3226 2 2 1000 21 359 3897 1975
3227 2 2 1000 21 179 180 2484
3228 2 2 1000 21 238 239 2485
3229 2 2 1000 21 120 2482 121
3230 2 2 1000 21 61 2483 62
3231 2 2 1000 21 73 2480 74
3232 2 2 1000 21 14 2481 15
3233 2 2 1000 21 132 133 2478
3234 2 2 1000 21 191 192 2479
3235 2 2 1000 21 1718 3341 3936
3236 2 2 1000 21 1719 3342 3937
3237 2 2 1000 21 1720 3343 3938
3238 2 2 1000 21 1721 3344 3939
3239 2 2 1000 21 699 2853 1977
3240 2 2 1000 21 700 2854 1978
3241 2 2 1000 21 1221 1666 3446
3242 2 2 1000 21 1222 1667 3447
3243 2 2 1000 21 1223 1668 3448
3244 2 2 1000 21 1224 1669 3449
3245 2 2 1000 21 819 1860 2167
3246 2 2 1000 21 820 1861 2168
3247 2 2 1000 21 821 1862 2169
3248 2 2 1000 21 822 1863 2170
3249 2 2 1000 21 485 2725 1691
3250 2 2 1000 21 486 2727 1692
3251 2 2 1000 21 487 2726 1693
3252 2 2 1000 21 488 2728 1694
3253 2 2 1000 21 1703 3394 3082
3254 2 2 1000 21 1701 3395 3084
3255 2 2 1000 21 1702 3392 3081
3256 2 2 1000 21 1700 3393 3083
3257 2 2 1000 21 701 2421 1710
3258 2 2 1000 21 702 2422 1711
3259 2 2 1000 21 156 1882 4180
3260 2 2 1000 21 215 1881 4179
3261 2 2 1000 21 38 4178 1880
3262 2 2 1000 21 97 4177 1879
3263 2 2 1000 21 1746 3393 3858
3264 2 2 1000 21 1747 3392 3857
3265 2 2 1000 21 1748 3395 3860
3266 2 2 1000 21 1749 3394 3859
3267 2 2 1000 21 1333 4265 3895
3268 2 2 1000 21 1335 4267 3897
3269 2 2 1000 21 1334 4266 3896
3270 2 2 1000 21 1336 4268 3898
3271 2 2 1000 21 398 2648 2995
3272 2 2 1000 21 733 3546 1662
3273 2 2 1000 21 734 3547 1663
3274 2 2 1000 21 735 3548 1664
3275 2 2 1000 21 736 3549 1665
3276 2 2 1000 21 1516 3465 2761
3277 2 2 1000 21 1518 3466 2763
3278 2 2 1000 21 1517 3467 2762
3279 2 2 1000 21 1519 3468 2764
3280 2 2 1000 21 1166 2282 3874
3281 2 2 1000 21 1165 2281 3873
3282 2 2 1000 21 1168 2284 3876
3283 2 2 1000 21 1167 2283 3875
3284 2 2 1000 21 505 2749 2021
3285 2 2 1000 21 506 2750 2022
3286 2 2 1000 21 507 2751 2023
3287 2 2 1000 21 508 2752 2024
3288 2 2 1000 21 154 2403 1779
3289 2 2 1000 21 213 2404 1780
3290 2 2 1000 21 36 1781 2405
3291 2 2 1000 21 95 1782 2406
3292 2 2 1000 21 1095 2021 2749
3293 2 2 1000 21 1096 2022 2750
3294 2 2 1000 21 1097 2023 2751
3295 2 2 1000 21 1098 2024 2752
3296 2 2 1000 21 361 2444 1982
3297 2 2 1000 21 362 2445 1983
3298 2 2 1000 21 1349 2427 3485
3299 2 2 1000 21 1350 2428 3486
3300 2 2 1000 21 1351 2429 3487
3301 2 2 1000 21 1352 2430 3488
3302 2 2 1000 21 905 3889 1652
3303 2 2 1000 21 906 3890 1653
3304 2 2 1000 21 1055 2346 2013
3305 2 2 1000 21 1056 2347 2014
3306 2 2 1000 21 1057 2348 2015
3307 2 2 1000 21 1058 2349 2016
3308 2 2 1000 21 1055 1654 3355
3309 2 2 1000 21 1056 1655 3356
3310 2 2 1000 21 1057 1656 3357
3311 2 2 1000 21 1058 1657 3358
3312 2 2 1000 21 457 2189 2450
3313 2 2 1000 21 458 2190 2451
3314 2 2 1000 21 459 2191 2452
3315 2 2 1000 21 460 2192 2453
3316 2 2 1000 21 1692 3060 2172
3317 2 2 1000 21 1691 3059 2171
3318 2 2 1000 21 1694 3062 2174
3319 2 2 1000 21 1693 3061 2173
3320 2 2 1000 21 385 3355 1654
3321 2 2 1000 21 386 3356 1655
3322 2 2 1000 21 387 3357 1656
3323 2 2 1000 21 388 3358 1657
3324 2 2 1000 21 1047 3142 2779
3325 2 2 1000 21 1048 3143 2780
3326 2 2 1000 21 1049 3144 2781
3327 2 2 1000 21 1050 3145 2782
3328 2 2 1000 21 749 2691 1895
3329 2 2 1000 21 750 2692 1896
3330 2 2 1000 21 751 2693 1897
3331 2 2 1000 21 752 2694 1898
3332 2 2 1000 21 753 2942 3834
3333 2 2 1000 21 754 2943 3835
3334 2 2 1000 21 755 2944 3836
3335 2 2 1000 21 756 2945 3837
3336 2 2 1000 21 802 3345 1820
3337 2 2 1000 21 787 2159 2807
3338 2 2 1000 21 788 2160 2808
3339 2 2 1000 21 789 2161 2809
3340 2 2 1000 21 790 2162 2810
3341 2 2 1000 21 920 2141 1927
3342 2 2 1000 21 921 2142 1928
3343 2 2 1000 21 922 2143 1929
3344 2 2 1000 21 923 2144 1930
3345 2 2 1000 21 996 1913 3746
3346 2 2 1000 21 997 1914 3747
3347 2 2 1000 21 1359 3744 2589
3348 2 2 1000 21 1360 3745 2590
3349 2 2 1000 21 853 2041 2025
3350 2 2 1000 21 854 2042 2026
3351 2 2 1000 21 855 2043 2027
3352 2 2 1000 21 856 2044 2028
3353 2 2 1000 21 1786 3248 2333
3354 2 2 1000 21 1787 3249 2334
3355 2 2 1000 21 1788 3250 2335
3356 2 2 1000 21 1789 3251 2336
3357 2 2 1000 21 447 2899 1646
3358 2 2 1000 21 448 2900 1647
3359 2 2 1000 21 451 2901 1648
3360 2 2 1000 21 452 2902 1649
3361 2 2 1000 21 2920 3672 4154
3362 2 2 1000 21 2922 3673 4155
3363 2 2 1000 21 2923 3674 4157
3364 2 2 1000 21 749 2578 1775
3365 2 2 1000 21 750 2577 1776
3366 2 2 1000 21 751 2580 1777
3367 2 2 1000 21 752 2579 1778
3368 2 2 1000 21 1385 2344 3764
3369 2 2 1000 21 1386 2345 3765
3370 2 2 1000 21 1438 3033 4220
3371 2 2 1000 21 636 2599 2642
3372 2 2 1000 21 635 2598 2641
3373 2 2 1000 21 1248 2642 2599
3374 2 2 1000 21 1247 2641 2598
3375 2 2 1000 21 339 3577 2600
3376 2 2 1000 21 340 3578 2601
3377 2 2 1000 21 343 3579 2602
3378 2 2 1000 21 344 3580 2603
3379 2 2 1000 21 849 3068 2366
3380 2 2 1000 21 850 3067 2367
3381 2 2 1000 21 851 3070 2368
3382 2 2 1000 21 852 3069 2369
3383 2 2 1000 21 843 1708 3711
3384 2 2 1000 21 1428 3551 3348
3385 2 2 1000 21 1427 3550 3347
3386 2 2 1000 21 1430 3553 3350
3387 2 2 1000 21 1429 3552 3349
3388 2 2 1000 21 1015 1850 2815
3389 2 2 1000 21 1016 1851 2816
3390 2 2 1000 21 1017 1852 2817
3391 2 2 1000 21 1018 1853 2818
3392 2 2 1000 21 429 2907 1738
3393 2 2 1000 21 431 2908 1739
3394 2 2 1000 21 430 2909 1740
3395 2 2 1000 21 432 2910 1741
3396 2 2 1000 21 725 2021 2121
3397 2 2 1000 21 726 2022 2122
3398 2 2 1000 21 727 2023 2123
3399 2 2 1000 21 728 2024 2124
3400 2 2 1000 21 1161 3440 2417
3401 2 2 1000 21 1162 3441 2419
3402 2 2 1000 21 1163 3442 2418
3403 2 2 1000 21 1164 3443 2420
3404 2 2 1000 21 385 1654 2807
3405 2 2 1000 21 386 1655 2808
3406 2 2 1000 21 387 1656 2809
3407 2 2 1000 21 388 1657 2810
3408 2 2 1000 21 1015 2815 3594
3409 2 2 1000 21 1016 2816 3595
3410 2 2 1000 21 1017 2817 3596
3411 2 2 1000 21 1018 2818 3597
3412 2 2 1000 21 1009 2624 1901
3413 2 2 1000 21 1010 2625 1902
3414 2 2 1000 21 1011 1899 2622
3415 2 2 1000 21 1012 1900 2623
3416 2 2 1000 21 1235 1901 2624
3417 2 2 1000 21 1236 1902 2625
3418 2 2 1000 21 1237 2622 1899
3419 2 2 1000 21 1238 2623 1900
3420 2 2 1000 21 1319 3672 2920
3421 2 2 1000 21 1321 3673 2922
3422 2 2 1000 21 1322 3674 2923
3423 2 2 1000 21 1484 3940 3325
3424 2 2 1000 21 1485 3941 3326
3425 2 2 1000 21 1486 3942 3327
3426 2 2 1000 21 1487 3943 3328
3427 2 2 1000 21 382 3431 2304
3428 2 2 1000 21 363 1980 2431
3429 2 2 1000 21 364 1981 2432
3430 2 2 1000 21 537 2057 2125
3431 2 2 1000 21 538 2059 2127
3432 2 2 1000 21 539 2058 2126
3433 2 2 1000 21 540 2060 2128
3434 2 2 1000 21 980 2125 2057
3435 2 2 1000 21 981 2127 2059
3436 2 2 1000 21 982 2126 2058
3437 2 2 1000 21 983 2128 2060
3438 2 2 1000 21 861 1714 3707
3439 2 2 1000 21 862 1715 3708
3440 2 2 1000 21 863 1716 3709
3441 2 2 1000 21 864 1717 3710
3442 2 2 1000 21 1071 1670 3776
3443 2 2 1000 21 1072 1671 3777
3444 2 2 1000 21 1075 3774 1672
3445 2 2 1000 21 1076 3775 1674
3446 2 2 1000 21 1073 1673 3772
3447 2 2 1000 21 1074 1675 3773
3448 2 2 1000 21 1077 3770 1676
3449 2 2 1000 21 1078 3771 1677
3450 2 2 1000 21 1055 3085 1654
3451 2 2 1000 21 1056 3086 1655
3452 2 2 1000 21 1057 3087 1656
3453 2 2 1000 21 1058 3088 1657
3454 2 2 1000 21 791 2350 3600
3455 2 2 1000 21 792 2351 3601
3456 2 2 1000 21 793 2352 3598
3457 2 2 1000 21 794 2353 3599
3458 2 2 1000 21 291 4236 1695
3459 2 2 1000 21 309 4237 1696
3460 2 2 1000 21 273 4238 1697
3461 2 2 1000 21 255 4239 1698
3462 2 2 1000 21 1786 4113 2498
3463 2 2 1000 21 1787 4114 2499
3464 2 2 1000 21 1788 4115 2500
3465 2 2 1000 21 1789 4116 2501
3466 2 2 1000 21 335 3346 2012
3467 2 2 1000 21 413 1662 2871
3468 2 2 1000 21 414 1663 2872
3469 2 2 1000 21 415 1664 2873
3470 2 2 1000 21 416 1665 2874
3471 2 2 1000 21 703 3252 4175
3472 2 2 1000 21 704 3253 4176
3473 2 2 1000 21 1899 2657 3806
3474 2 2 1000 21 1900 2658 3808
3475 2 2 1000 21 763 2133 4081
3476 2 2 1000 21 764 2134 4082
3477 2 2 1000 21 761 4079 2135
3478 2 2 1000 21 762 4080 2136
3479 2 2 1000 21 481 2167 2358
3480 2 2 1000 21 482 2168 2359
3481 2 2 1000 21 483 2169 2360
3482 2 2 1000 21 484 2170 2361
3483 2 2 1000 21 1500 2103 3701
3484 2 2 1000 21 1501 2104 3702
3485 2 2 1000 21 919 1699 3533
3486 2 2 1000 21 8 2017 298
3487 2 2 1000 21 5 2018 316
3488 2 2 1000 21 6 2019 280
3489 2 2 1000 21 7 2020 262
3490 2 2 1000 21 757 2274 1846
3491 2 2 1000 21 758 2275 1847
3492 2 2 1000 21 759 1848 2276
3493 2 2 1000 21 760 1849 2277
3494 2 2 1000 21 287 288 3025
3495 2 2 1000 21 269 270 3026
3496 2 2 1000 21 305 306 3027
3497 2 2 1000 21 251 252 3028
3498 2 2 1000 21 1095 2121 2021
3499 2 2 1000 21 1096 2122 2022
3500 2 2 1000 21 1097 2123 2023
3501 2 2 1000 21 1098 2124 2024
3502 2 2 1000 21 769 1738 2907
3503 2 2 1000 21 770 1739 2908
3504 2 2 1000 21 771 1740 2909
3505 2 2 1000 21 772 1741 2910
3506 2 2 1000 21 399 3345 1682
3507 2 2 1000 21 803 2344 3114
3508 2 2 1000 21 804 2345 3115
3509 2 2 1000 21 2366 3068 3895
3510 2 2 1000 21 2367 3067 3896
3511 2 2 1000 21 2368 3070 3897
3512 2 2 1000 21 2369 3069 3898
3513 2 2 1000 21 978 3754 1925
3514 2 2 1000 21 979 3755 1926
3515 2 2 1000 21 685 3593 1709
3516 2 2 1000 21 1466 3600 2350
3517 2 2 1000 21 1468 3601 2351
3518 2 2 1000 21 1465 3598 2352
3519 2 2 1000 21 1467 3599 2353
3520 2 2 1000 21 438 3491 1699
3521 2 2 1000 21 972 1818 2673
3522 2 2 1000 21 973 1819 2674
3523 2 2 1000 21 798 3716 2378
3524 2 2 1000 21 799 3717 2379
3525 2 2 1000 21 800 3718 2380
3526 2 2 1000 21 801 3719 2381
3527 2 2 1000 21 531 2673 1818
3528 2 2 1000 21 532 2674 1819
3529 2 2 1000 21 717 1858 2401
3530 2 2 1000 21 718 1859 2402
3531 2 2 1000 21 1700 2906 3215
3532 2 2 1000 21 1702 2904 3214
3533 2 2 1000 21 1701 2905 3217
3534 2 2 1000 21 1703 2903 3216
3535 2 2 1000 21 905 2401 1858
3536 2 2 1000 21 906 2402 1859
3537 2 2 1000 21 907 2433 1771
3538 2 2 1000 21 908 2434 1772
3539 2 2 1000 21 909 2435 1773
3540 2 2 1000 21 910 2436 1774
3541 2 2 1000 21 1901 3807 2659
3542 2 2 1000 21 1902 3809 2660
3543 2 2 1000 21 795 2278 1864
3544 2 2 1000 21 796 2279 1865
3545 2 2 1000 21 797 2280 1866
3546 2 2 1000 21 433 3203 1839
3547 2 2 1000 21 434 3204 1840
3548 2 2 1000 21 436 3205 1841
3549 2 2 1000 21 1447 4251 1790
3550 2 2 1000 21 1449 4252 1791
3551 2 2 1000 21 1063 2117 2604
3552 2 2 1000 21 1064 2118 2605
3553 2 2 1000 21 1065 2119 2606
3554 2 2 1000 21 1066 2120 2607
3555 2 2 1000 21 1027 2604 2117
3556 2 2 1000 21 1028 2605 2118
3557 2 2 1000 21 1029 2606 2119
3558 2 2 1000 21 1030 2607 2120
3559 2 2 1000 21 1385 3764 3754
3560 2 2 1000 21 1386 3765 3755
3561 2 2 1000 21 1488 2474 4142
3562 2 2 1000 21 1490 2475 4143
3563 2 2 1000 21 1489 2476 4144
3564 2 2 1000 21 1491 2477 4145
3565 2 2 1000 21 1391 4180 1882
3566 2 2 1000 21 1392 4179 1881
3567 2 2 1000 21 1393 1880 4178
3568 2 2 1000 21 1394 1879 4177
3569 2 2 1000 21 1 3051 9
3570 2 2 1000 21 1 186 3051
3571 2 2 1000 21 4 127 3052
3572 2 2 1000 21 2 3053 68
3573 2 2 1000 21 4 3052 244
3574 2 2 1000 21 2 67 3053
3575 2 2 1000 21 3 126 3054
3576 2 2 1000 21 3 3054 185
3577 2 2 1000 21 733 1714 3546
3578 2 2 1000 21 734 1715 3547
3579 2 2 1000 21 735 1716 3548
3580 2 2 1000 21 736 1717 3549
3581 2 2 1000 21 1023 4054 1678
3582 2 2 1000 21 1024 4055 1679
3583 2 2 1000 21 1025 4056 1680
3584 2 2 1000 21 1026 4057 1681
3585 2 2 1000 21 337 4148 2895
3586 2 2 1000 21 338 4149 2896
3587 2 2 1000 21 341 4150 2897
3588 2 2 1000 21 342 4151 2898
3589 2 2 1000 21 1129 2506 2955
3590 2 2 1000 21 1130 2507 2956
3591 2 2 1000 21 1131 2508 2957
3592 2 2 1000 21 1132 2509 2958
3593 2 2 1000 21 998 2446 1935
3594 2 2 1000 21 1000 2448 1937
3595 2 2 1000 21 999 2447 1936
3596 2 2 1000 21 1001 2449 1938
3597 2 2 1000 21 990 2893 2717
3598 2 2 1000 21 988 2891 2715
3599 2 2 1000 21 991 2894 2718
3600 2 2 1000 21 989 2892 2716
3601 2 2 1000 21 980 2462 2711
3602 2 2 1000 21 981 2463 2712
3603 2 2 1000 21 982 2464 2713
3604 2 2 1000 21 983 2465 2714
3605 2 2 1000 21 1361 3853 2427
3606 2 2 1000 21 1362 3854 2428
3607 2 2 1000 21 1363 3855 2429
3608 2 2 1000 21 1364 3856 2430
3609 2 2 1000 21 948 2657 2967
3610 2 2 1000 21 949 2658 2968
3611 2 2 1000 21 1500 2378 3716
3612 2 2 1000 21 1501 2379 3717
3613 2 2 1000 21 1502 2380 3718
3614 2 2 1000 21 1503 2381 3719
3615 2 2 1000 21 940 2916 1691
3616 2 2 1000 21 941 2917 1692
3617 2 2 1000 21 942 2918 1693
3618 2 2 1000 21 943 2919 1694
3619 2 2 1000 21 485 1691 2916
3620 2 2 1000 21 486 1692 2917
3621 2 2 1000 21 487 1693 2918
3622 2 2 1000 21 488 1694 2919
3623 2 2 1000 21 874 3135 2371
3624 2 2 1000 21 873 3134 2370
3625 2 2 1000 21 877 3137 2375
3626 2 2 1000 21 875 3136 2374
3627 2 2 1000 21 878 2373 3131
3628 2 2 1000 21 876 2372 3130
3629 2 2 1000 21 880 2377 3133
3630 2 2 1000 21 879 2376 3132
3631 2 2 1000 21 889 4063 1722
3632 2 2 1000 21 890 4064 1723
3633 2 2 1000 21 891 4065 1724
3634 2 2 1000 21 892 4066 1725
3635 2 2 1000 21 1361 2427 2297
3636 2 2 1000 21 1362 2428 2298
3637 2 2 1000 21 1363 2429 2299
3638 2 2 1000 21 1364 2430 2300
3639 2 2 1000 21 1652 3182 3150
3640 2 2 1000 21 1653 3183 3151
3641 2 2 1000 21 2137 3851 3658
3642 2 2 1000 21 2138 3852 3659
3643 2 2 1000 21 4200 2591 675
3644 2 2 1000 21 4201 2592 676
3645 2 2 1000 21 4202 2593 677
3646 2 2 1000 21 4203 2594 678
3647 2 2 1000 21 645 1750 3826
3648 2 2 1000 21 646 1751 3827
3649 2 2 1000 21 647 1752 3828
3650 2 2 1000 21 648 1753 3829
3651 2 2 1000 21 1141 3684 2201
3652 2 2 1000 21 1142 3685 2202
3653 2 2 1000 21 1143 3686 2203
3654 2 2 1000 21 1144 3687 2204
3655 2 2 1000 21 1854 2591 4200
3656 2 2 1000 21 1855 2592 4201
3657 2 2 1000 21 1856 2593 4202
3658 2 2 1000 21 1857 2594 4203
3659 2 2 1000 21 1821 4000 3013
3660 2 2 1000 21 1823 4002 3014
3661 2 2 1000 21 1822 4001 3015
3662 2 2 1000 21 1824 4003 3016
3663 2 2 1000 21 1652 3889 4175
3664 2 2 1000 21 1653 3890 4176
3665 2 2 1000 21 437 1783 2595
3666 2 2 1000 21 439 1784 2596
3667 2 2 1000 21 440 1785 2597
3668 2 2 1000 21 773 1704 3440
3669 2 2 1000 21 774 1705 3441
3670 2 2 1000 21 775 1706 3442
3671 2 2 1000 21 776 1707 3443
3672 2 2 1000 21 425 3150 3182
3673 2 2 1000 21 426 3151 3183
3674 2 2 1000 21 830 1934 2950
3675 2 2 1000 21 1253 2217 1988
3676 2 2 1000 21 1254 2218 1989
3677 2 2 1000 21 1256 2219 1991
3678 2 2 1000 21 813 1683 3228
3679 2 2 1000 21 811 3226 1685
3680 2 2 1000 21 814 1684 3229
3681 2 2 1000 21 812 3227 1686
3682 2 2 1000 21 817 1687 3232
3683 2 2 1000 21 818 1688 3233
3684 2 2 1000 21 815 3230 1689
3685 2 2 1000 21 816 3231 1690
3686 2 2 1000 21 889 1722 3654
3687 2 2 1000 21 890 1723 3655
3688 2 2 1000 21 891 1724 3656
3689 2 2 1000 21 892 1725 3657
3690 2 2 1000 21 753 3658 1722
3691 2 2 1000 21 754 3659 1723
3692 2 2 1000 21 755 3660 1724
3693 2 2 1000 21 756 3661 1725
3694 2 2 1000 21 577 3503 3426
3695 2 2 1000 21 579 3504 3428
3696 2 2 1000 21 580 3505 3429
3697 2 2 1000 21 578 3427 3506
3698 2 2 1000 21 2354 3452 4182
3699 2 2 1000 21 2355 3453 4183
3700 2 2 1000 21 265 266 2118
3701 2 2 1000 21 283 284 2117
3702 2 2 1000 21 247 248 2120
3703 2 2 1000 21 301 302 2119
3704 2 2 1000 21 330 3475 1710
3705 2 2 1000 21 332 3476 1711
3706 2 2 1000 21 817 3232 2875
3707 2 2 1000 21 818 3233 2876
3708 2 2 1000 21 757 2061 3193
3709 2 2 1000 21 758 2062 3194
3710 2 2 1000 21 759 3191 2063
3711 2 2 1000 21 760 3192 2064
3712 2 2 1000 21 893 4016 1726
3713 2 2 1000 21 894 4017 1727
3714 2 2 1000 21 895 4018 1728
3715 2 2 1000 21 896 4019 1729
3716 2 2 1000 21 713 1718 3936
3717 2 2 1000 21 714 1719 3937
3718 2 2 1000 21 717 1720 3938
3719 2 2 1000 21 718 1721 3939
3720 2 2 1000 21 1375 3881 1758
3721 2 2 1000 21 1376 3882 1759
3722 2 2 1000 21 1377 3883 1760
3723 2 2 1000 21 1378 3884 1761
3724 2 2 1000 21 637 1742 2741
3725 2 2 1000 21 638 1743 2742
3726 2 2 1000 21 639 1744 2743
3727 2 2 1000 21 640 1745 2744
3728 2 2 1000 21 285 1766 2553
3729 2 2 1000 21 267 1767 2554
3730 2 2 1000 21 303 1768 2555
3731 2 2 1000 21 249 1769 2556
3732 2 2 1000 21 915 2741 1742
3733 2 2 1000 21 916 2742 1743
3734 2 2 1000 21 917 2743 1744
3735 2 2 1000 21 918 2744 1745
3736 2 2 1000 21 749 1875 2578
3737 2 2 1000 21 750 1876 2577
3738 2 2 1000 21 751 1877 2580
3739 2 2 1000 21 752 1878 2579
3740 2 2 1000 21 683 1839 2506
3741 2 2 1000 21 684 1840 2507
3742 2 2 1000 21 686 1841 2509
3743 2 2 1000 21 897 2506 1839
3744 2 2 1000 21 898 2507 1840
3745 2 2 1000 21 900 2509 1841
3746 2 2 1000 21 329 2719 1712
3747 2 2 1000 21 331 2720 1713
3748 2 2 1000 21 1382 2136 3959
3749 2 2 1000 21 1381 2135 3960
3750 2 2 1000 21 1379 3961 2133
3751 2 2 1000 21 1380 3962 2134
3752 2 2 1000 21 1331 2967 2657
3753 2 2 1000 21 1332 2968 2658
3754 2 2 1000 21 968 2242 2450
3755 2 2 1000 21 969 2243 2451
3756 2 2 1000 21 970 2244 2452
3757 2 2 1000 21 971 2245 2453
3758 2 2 1000 21 329 1712 3034
3759 2 2 1000 21 331 1713 3035
3760 2 2 1000 21 715 2342 3746
3761 2 2 1000 21 716 2343 3747
3762 2 2 1000 21 393 1786 2498
3763 2 2 1000 21 394 1787 2499
3764 2 2 1000 21 395 1788 2500
3765 2 2 1000 21 396 1789 2501
3766 2 2 1000 21 1634 3126 2661
3767 2 2 1000 21 1635 3127 2662
3768 2 2 1000 21 1636 3128 2663
3769 2 2 1000 21 1637 3129 2664
3770 2 2 1000 21 687 3059 1691
3771 2 2 1000 21 688 3060 1692
3772 2 2 1000 21 689 3061 1693
3773 2 2 1000 21 690 3062 1694
3774 2 2 1000 21 1742 3214 4188
3775 2 2 1000 21 1743 3215 4189
3776 2 2 1000 21 1744 3216 4190
3777 2 2 1000 21 1745 3217 4191
3778 2 2 1000 21 1708 4220 3033
3779 2 2 1000 21 333 2326 1864
3780 2 2 1000 21 334 2327 1865
3781 2 2 1000 21 336 2328 1866
3782 2 2 1000 21 1247 2598 3688
3783 2 2 1000 21 1248 2599 3689
3784 2 2 1000 21 654 2309 3284
3785 2 2 1000 21 321 2865 1762
3786 2 2 1000 21 323 2866 1763
3787 2 2 1000 21 325 2867 1764
3788 2 2 1000 21 327 2868 1765
3789 2 2 1000 21 763 3195 2069
3790 2 2 1000 21 764 3196 2070
3791 2 2 1000 21 761 2071 3197
3792 2 2 1000 21 762 2072 3198
3793 2 2 1000 21 573 3485 2427
3794 2 2 1000 21 574 3486 2428
3795 2 2 1000 21 575 3487 2429
3796 2 2 1000 21 576 3488 2430
3797 2 2 1000 21 995 2407 2296
3798 2 2 1000 21 994 2408 2295
3799 2 2 1000 21 992 2294 2409
3800 2 2 1000 21 993 2293 2410
3801 2 2 1000 21 1141 1695 4236
3802 2 2 1000 21 1142 1696 4237
3803 2 2 1000 21 1143 1697 4238
3804 2 2 1000 21 1144 1698 4239
3805 2 2 1000 21 1243 1965 2779
3806 2 2 1000 21 1244 1966 2780
3807 2 2 1000 21 1245 1967 2781
3808 2 2 1000 21 1246 1968 2782
3809 2 2 1000 21 861 3546 1714
3810 2 2 1000 21 862 3547 1715
3811 2 2 1000 21 863 3548 1716
3812 2 2 1000 21 864 3549 1717
3813 2 2 1000 21 4000 545 3013
3814 2 2 1000 21 4002 546 3014
3815 2 2 1000 21 4001 547 3015
3816 2 2 1000 21 4003 548 3016
3817 2 2 1000 21 479 3040 1756
3818 2 2 1000 21 480 3041 1757
3819 2 2 1000 21 477 1754 3042
3820 2 2 1000 21 478 1755 3043
3821 2 2 1000 21 521 2109 3044
3822 2 2 1000 21 522 2110 3045
3823 2 2 1000 21 523 2111 3046
3824 2 2 1000 21 524 2112 3047
3825 2 2 1000 21 1109 3248 2033
3826 2 2 1000 21 1110 3249 2034
3827 2 2 1000 21 1111 3250 2035
3828 2 2 1000 21 1112 3251 2036
3829 2 2 1000 21 1021 1756 3040
3830 2 2 1000 21 1022 1757 3041
3831 2 2 1000 21 1019 3042 1754
3832 2 2 1000 21 1020 3043 1755
3833 2 2 1000 21 377 4171 2955
3834 2 2 1000 21 378 4172 2956
3835 2 2 1000 21 379 4173 2957
3836 2 2 1000 21 380 4174 2958
3837 2 2 1000 21 1149 3044 2109
3838 2 2 1000 21 1150 3045 2110
3839 2 2 1000 21 1151 3046 2111
3840 2 2 1000 21 1152 3047 2112
3841 2 2 1000 21 409 1792 2707
3842 2 2 1000 21 410 1793 2708
3843 2 2 1000 21 411 1794 2709
3844 2 2 1000 21 412 1795 2710
3845 2 2 1000 21 944 2707 1792
3846 2 2 1000 21 945 2708 1793
3847 2 2 1000 21 946 2709 1794
3848 2 2 1000 21 947 2710 1795
3849 2 2 1000 21 1233 2320 1977
3850 2 2 1000 21 1234 2321 1978
3851 2 2 1000 21 1596 2278 2998
3852 2 2 1000 21 1597 2279 2999
3853 2 2 1000 21 1598 2280 3000
3854 2 2 1000 21 1213 1775 2578
3855 2 2 1000 21 1214 1776 2577
3856 2 2 1000 21 1215 1777 2580
3857 2 2 1000 21 1216 1778 2579
3858 2 2 1000 21 746 2487 1809
3859 2 2 1000 21 745 2486 1808
3860 2 2 1000 21 747 1810 2488
3861 2 2 1000 21 748 1811 2489
3862 2 2 1000 21 1399 2390 2301
3863 2 2 1000 21 1401 2391 2302
3864 2 2 1000 21 1402 2392 2303
3865 2 2 1000 21 964 3814 2845
3866 2 2 1000 21 965 3815 2846
3867 2 2 1000 21 966 3816 2847
3868 2 2 1000 21 967 3817 2848
3869 2 2 1000 21 995 2306 2878
3870 2 2 1000 21 994 2305 2877
3871 2 2 1000 21 992 2879 2307
3872 2 2 1000 21 993 2880 2308
3873 2 2 1000 21 897 2683 2147
3874 2 2 1000 21 898 2684 2148
3875 2 2 1000 21 899 2685 2149
3876 2 2 1000 21 900 2686 2150
3877 2 2 1000 21 421 3764 2344
3878 2 2 1000 21 422 3765 2345
3879 2 2 1000 21 357 1726 3614
3880 2 2 1000 21 358 1727 3615
3881 2 2 1000 21 359 1728 3616
3882 2 2 1000 21 360 1729 3617
3883 2 2 1000 21 537 4232 1758
3884 2 2 1000 21 538 4233 1759
3885 2 2 1000 21 539 4234 1760
3886 2 2 1000 21 540 4235 1761
3887 2 2 1000 21 3996 2649 671
3888 2 2 1000 21 3998 2650 672
3889 2 2 1000 21 3997 2651 673
3890 2 2 1000 21 3999 2652 674
3891 2 2 1000 21 1821 2649 3996
3892 2 2 1000 21 1823 2650 3998
3893 2 2 1000 21 1822 2651 3997
3894 2 2 1000 21 1824 2652 3999
3895 2 2 1000 21 1466 3788 2049
3896 2 2 1000 21 1468 3789 2050
3897 2 2 1000 21 1023 1704 3650
3898 2 2 1000 21 1024 1705 3651
3899 2 2 1000 21 1025 1706 3652
3900 2 2 1000 21 1026 1707 3653
3901 2 2 1000 21 1181 1808 2486
3902 2 2 1000 21 1182 1809 2487
3903 2 2 1000 21 1180 2488 1810
3904 2 2 1000 21 1179 2489 1811
3905 2 2 1000 21 655 3490 2534
3906 2 2 1000 21 765 3712 1927
3907 2 2 1000 21 766 3713 1928
3908 2 2 1000 21 767 3714 1929
3909 2 2 1000 21 768 3715 1930
3910 2 2 1000 21 321 1771 2865
3911 2 2 1000 21 323 1772 2866
3912 2 2 1000 21 325 1773 2867
3913 2 2 1000 21 327 1774 2868
3914 2 2 1000 21 613 1796 3778
3915 2 2 1000 21 614 1797 3779
3916 2 2 1000 21 615 1798 3780
3917 2 2 1000 21 616 1799 3781
3918 2 2 1000 21 1197 3778 1796
3919 2 2 1000 21 1198 3779 1797
3920 2 2 1000 21 1199 3780 1798
3921 2 2 1000 21 1200 3781 1799
3922 2 2 1000 21 1612 3963 2390
3923 2 2 1000 21 1614 3964 2391
3924 2 2 1000 21 1615 3965 2392
3925 2 2 1000 21 1101 1749 2691
3926 2 2 1000 21 1103 1748 2692
3927 2 2 1000 21 1104 1746 2694
3928 2 2 1000 21 1102 1747 2693
3929 2 2 1000 21 1274 3819 3721
3930 2 2 1000 21 1273 3818 3720
3931 2 2 1000 21 1191 3826 2630
3932 2 2 1000 21 1192 3827 2631
3933 2 2 1000 21 1193 3828 2632
3934 2 2 1000 21 1194 3829 2633
3935 2 2 1000 21 1750 2630 3826
3936 2 2 1000 21 1751 2631 3827
3937 2 2 1000 21 1752 2632 3828
3938 2 2 1000 21 1753 2633 3829
3939 2 2 1000 21 1678 3666 2397
3940 2 2 1000 21 1680 3667 2399
3941 2 2 1000 21 1679 3668 2398
3942 2 2 1000 21 1681 3669 2400
3943 2 2 1000 21 1531 2090 4167
3944 2 2 1000 21 1530 2089 4166
3945 2 2 1000 21 1532 4168 2091
3946 2 2 1000 21 1533 4169 2092
3947 2 2 1000 21 753 2137 3658
3948 2 2 1000 21 754 2138 3659
3949 2 2 1000 21 755 2139 3660
3950 2 2 1000 21 756 2140 3661
3951 2 2 1000 21 745 1831 2486
3952 2 2 1000 21 746 1832 2487
3953 2 2 1000 21 747 2488 1833
3954 2 2 1000 21 748 2489 1834
3955 2 2 1000 21 899 2508 2101
3956 2 2 1000 21 813 3228 2835
3957 2 2 1000 21 814 3229 2836
3958 2 2 1000 21 1113 3380 4012
3959 2 2 1000 21 1114 3379 4013
3960 2 2 1000 21 1115 3382 4014
3961 2 2 1000 21 1116 3381 4015
3962 2 2 1000 21 4004 1726 357
3963 2 2 1000 21 4005 1727 358
3964 2 2 1000 21 4006 1728 359
3965 2 2 1000 21 4007 1729 360
3966 2 2 1000 21 151 1811 4213
3967 2 2 1000 21 210 1810 4212
3968 2 2 1000 21 33 4211 1808
3969 2 2 1000 21 92 4210 1809
3970 2 2 1000 21 998 2129 2446
3971 2 2 1000 21 999 2130 2447
3972 2 2 1000 21 1000 2131 2448
3973 2 2 1000 21 1001 2132 2449
3974 2 2 1000 21 179 2484 3647
3975 2 2 1000 21 238 2485 3646
3976 2 2 1000 21 120 3645 2482
3977 2 2 1000 21 61 3644 2483
3978 2 2 1000 21 74 2480 3643
3979 2 2 1000 21 15 2481 3642
3980 2 2 1000 21 133 3641 2478
3981 2 2 1000 21 192 3640 2479
3982 2 2 1000 21 497 3222 2193
3983 2 2 1000 21 498 3223 2194
3984 2 2 1000 21 499 3224 2195
3985 2 2 1000 21 500 3225 2196
3986 2 2 1000 21 791 2446 2129
3987 2 2 1000 21 792 2447 2130
3988 2 2 1000 21 793 2448 2131
3989 2 2 1000 21 794 2449 2132
3990 2 2 1000 21 649 3581 2630
3991 2 2 1000 21 650 3582 2631
3992 2 2 1000 21 651 3583 2632
3993 2 2 1000 21 652 3584 2633
3994 2 2 1000 21 425 3688 2139
3995 2 2 1000 21 426 3689 2140
3996 2 2 1000 21 1552 2899 3494
3997 2 2 1000 21 1553 2900 3495
3998 2 2 1000 21 1556 2901 3496
3999 2 2 1000 21 1557 2902 3497
4000 2 2 1000 21 729 2285 4083
4001 2 2 1000 21 730 2286 4084
4002 2 2 1000 21 731 2287 4085
4003 2 2 1000 21 732 2288 4086
4004 2 2 1000 21 1634 4083 2285
4005 2 2 1000 21 1635 4084 2286
4006 2 2 1000 21 1636 4085 2287
4007 2 2 1000 21 1637 4086 2288
4008 2 2 1000 21 1105 1825 4022
4009 2 2 1000 21 1106 1826 4023
4010 2 2 1000 21 1107 1827 4020
4011 2 2 1000 21 1108 1828 4021
4012 2 2 1000 21 223 224 2133
4013 2 2 1000 21 164 165 2134
4014 2 2 1000 21 46 2135 47
4015 2 2 1000 21 105 2136 106
4016 2 2 1000 21 1465 3820 2051
4017 2 2 1000 21 1467 3821 2052
4018 2 2 1000 21 687 2725 4240
4019 2 2 1000 21 688 2727 4241
4020 2 2 1000 21 689 2726 4242
4021 2 2 1000 21 690 2728 4243
4022 2 2 1000 21 719 2318 3734
4023 2 2 1000 21 720 2319 3735
4024 2 2 1000 21 829 2390 3963
4025 2 2 1000 21 831 2391 3964
4026 2 2 1000 21 832 2392 3965
4027 2 2 1000 21 1013 2197 2437
4028 2 2 1000 21 1014 2198 2438
4029 2 2 1000 21 1067 3174 2228
4030 2 2 1000 21 1068 3175 2229
4031 2 2 1000 21 1069 3176 2230
4032 2 2 1000 21 1070 3177 2231
4033 2 2 1000 21 405 1903 2626
4034 2 2 1000 21 406 1904 2627
4035 2 2 1000 21 407 1905 2628
4036 2 2 1000 21 408 1906 2629
4037 2 2 1000 21 871 2651 1822
4038 2 2 1000 21 869 2649 1821
4039 2 2 1000 21 872 2652 1824
4040 2 2 1000 21 870 2650 1823
4041 2 2 1000 21 367 2437 2197
4042 2 2 1000 21 368 2438 2198
4043 2 2 1000 21 964 2626 1903
4044 2 2 1000 21 965 2627 1904
4045 2 2 1000 21 966 2628 1905
4046 2 2 1000 21 967 2629 1906
4047 2 2 1000 21 633 2411 2787
4048 2 2 1000 21 634 2412 2788
4049 2 2 1000 21 1173 2787 2411
4050 2 2 1000 21 1174 2788 2412
4051 2 2 1000 21 996 2175 2431
4052 2 2 1000 21 997 2176 2432
4053 2 2 1000 21 363 2431 2175
4054 2 2 1000 21 364 2432 2176
4055 2 2 1000 21 1089 3701 2103
4056 2 2 1000 21 1090 3702 2104
4057 2 2 1000 21 833 2356 2324
4058 2 2 1000 21 834 2357 2325
4059 2 2 1000 21 835 2322 2354
4060 2 2 1000 21 836 2323 2355
4061 2 2 1000 21 1201 2324 2356
4062 2 2 1000 21 1202 2325 2357
4063 2 2 1000 21 1203 2354 2322
4064 2 2 1000 21 1204 2355 2323
4065 2 2 1000 21 795 2326 3675
4066 2 2 1000 21 796 2327 3676
4067 2 2 1000 21 797 2328 3677
4068 2 2 1000 21 655 3533 3490
4069 2 2 1000 21 425 1720 3150
4070 2 2 1000 21 426 1721 3151
4071 2 2 1000 21 1071 3373 1889
4072 2 2 1000 21 1072 3374 1890
4073 2 2 1000 21 1073 3375 1891
4074 2 2 1000 21 1074 3376 1892
4075 2 2 1000 21 846 3048 2298
4076 2 2 1000 21 143 144 2564
4077 2 2 1000 21 202 203 2563
4078 2 2 1000 21 25 2559 26
4079 2 2 1000 21 84 2560 85
4080 2 2 1000 21 109 2562 110
4081 2 2 1000 21 50 2561 51
4082 2 2 1000 21 227 228 2557
4083 2 2 1000 21 168 169 2558
4084 2 2 1000 21 1303 4075 3726
4085 2 2 1000 21 1304 4076 3727
4086 2 2 1000 21 1305 3728 4077
4087 2 2 1000 21 1306 3729 4078
4088 2 2 1000 21 1307 4079 3730
4089 2 2 1000 21 1308 4080 3731
4090 2 2 1000 21 1309 3732 4081
4091 2 2 1000 21 1310 3733 4082
4092 2 2 1000 21 869 1792 2938
4093 2 2 1000 21 870 1793 2939
4094 2 2 1000 21 871 1794 2940
4095 2 2 1000 21 872 1795 2941
4096 2 2 1000 21 1209 2569 3036
4097 2 2 1000 21 1210 2570 3038
4098 2 2 1000 21 1211 2571 3037
4099 2 2 1000 21 1212 2572 3039
4100 2 2 1000 21 1203 3452 2354
4101 2 2 1000 21 1204 3453 2355
4102 2 2 1000 21 1201 2356 3450
4103 2 2 1000 21 1202 2357 3451
4104 2 2 1000 21 1977 2853 3608
4105 2 2 1000 21 1978 2854 3609
4106 2 2 1000 21 893 1726 3234
4107 2 2 1000 21 894 1727 3235
4108 2 2 1000 21 895 1728 3236
4109 2 2 1000 21 896 1729 3237
4110 2 2 1000 21 1295 3970 3492
4111 2 2 1000 21 1296 3971 3493
4112 2 2 1000 21 1188 1880 3693
4113 2 2 1000 21 1187 1879 3694
4114 2 2 1000 21 1189 3695 1881
4115 2 2 1000 21 1190 3696 1882
4116 2 2 1000 21 1576 3077 4216
4117 2 2 1000 21 1577 3078 4217
4118 2 2 1000 21 1578 3079 4218
4119 2 2 1000 21 1579 3080 4219
4120 2 2 1000 21 811 2797 3226
4121 2 2 1000 21 812 2798 3227
4122 2 2 1000 21 1196 3421 2422
4123 2 2 1000 21 1195 3420 2421
4124 2 2 1000 21 844 2985 2297
4125 2 2 1000 21 847 2986 2299
4126 2 2 1000 21 848 2987 2300
4127 2 2 1000 21 1087 2049 3788
4128 2 2 1000 21 1088 2050 3789
4129 2 2 1000 21 978 2444 2145
4130 2 2 1000 21 979 2445 2146
4131 2 2 1000 21 1735 3124 3256
4132 2 2 1000 21 1734 3125 3255
4133 2 2 1000 21 6 3081 2019
4134 2 2 1000 21 8 3082 2017
4135 2 2 1000 21 7 3083 2020
4136 2 2 1000 21 5 3084 2018
4137 2 2 1000 21 3124 824 3256
4138 2 2 1000 21 3125 823 3255
4139 2 2 1000 21 361 2145 2444
4140 2 2 1000 21 362 2146 2445
4141 2 2 1000 21 1102 2019 3081
4142 2 2 1000 21 1101 2017 3082
4143 2 2 1000 21 1104 2020 3083
4144 2 2 1000 21 1103 2018 3084
4145 2 2 1000 21 533 2113 3009
4146 2 2 1000 21 534 2114 3010
4147 2 2 1000 21 535 2115 3011
4148 2 2 1000 21 536 2116 3012
4149 2 2 1000 21 1473 2209 3174
4150 2 2 1000 21 1474 2210 3175
4151 2 2 1000 21 1475 2211 3176
4152 2 2 1000 21 1476 2212 3177
4153 2 2 1000 21 505 1742 4188
4154 2 2 1000 21 506 1743 4189
4155 2 2 1000 21 507 1744 4190
4156 2 2 1000 21 508 1745 4191
4157 2 2 1000 21 1710 2911 2107
4158 2 2 1000 21 1711 2912 2108
4159 2 2 1000 21 497 2887 2025
4160 2 2 1000 21 498 2888 2026
4161 2 2 1000 21 499 2889 2027
4162 2 2 1000 21 500 2890 2028
4163 2 2 1000 21 1666 2514 3865
4164 2 2 1000 21 1667 2515 3866
4165 2 2 1000 21 1668 2516 3867
4166 2 2 1000 21 1669 2517 3868
4167 2 2 1000 21 322 3865 2514
4168 2 2 1000 21 324 3866 2515
4169 2 2 1000 21 326 3867 2516
4170 2 2 1000 21 328 3868 2517
4171 2 2 1000 21 403 1835 3682
4172 2 2 1000 21 404 1836 3683
4173 2 2 1000 21 401 3680 1837
4174 2 2 1000 21 402 3681 1838
4175 2 2 1000 21 447 3494 2899
4176 2 2 1000 21 448 3495 2900
4177 2 2 1000 21 451 3496 2901
4178 2 2 1000 21 452 3497 2902
4179 2 2 1000 21 99 2296 100
4180 2 2 1000 21 40 2295 41
4181 2 2 1000 21 217 218 2294
4182 2 2 1000 21 158 159 2293
4183 2 2 1000 21 286 2841 1766
4184 2 2 1000 21 268 2842 1767
4185 2 2 1000 21 304 2843 1768
4186 2 2 1000 21 250 2844 1769
4187 2 2 1000 21 284 285 2553
4188 2 2 1000 21 266 267 2554
4189 2 2 1000 21 302 303 2555
4190 2 2 1000 21 248 249 2556
4191 2 2 1000 21 477 4162 1754
4192 2 2 1000 21 478 4163 1755
4193 2 2 1000 21 479 1756 4164
4194 2 2 1000 21 480 1757 4165
4195 2 2 1000 21 1699 3490 3533
4196 2 2 1000 21 787 4130 1961
4197 2 2 1000 21 788 4131 1962
4198 2 2 1000 21 789 4132 1963
4199 2 2 1000 21 790 4133 1964
4200 2 2 1000 21 655 1770 3533
4201 2 2 1000 21 853 3098 2041
4202 2 2 1000 21 854 3099 2042
4203 2 2 1000 21 855 3100 2043
4204 2 2 1000 21 856 3101 2044
4205 2 2 1000 21 1373 3746 2342
4206 2 2 1000 21 1374 3747 2343
4207 2 2 1000 21 881 1804 3498
4208 2 2 1000 21 882 1805 3499
4209 2 2 1000 21 885 3494 1800
4210 2 2 1000 21 886 3495 1801
4211 2 2 1000 21 883 1806 3500
4212 2 2 1000 21 884 1807 3501
4213 2 2 1000 21 887 3496 1802
4214 2 2 1000 21 888 3497 1803
4215 2 2 1000 21 655 4229 1770
4216 2 2 1000 21 844 2253 2985
4217 2 2 1000 21 847 2256 2986
4218 2 2 1000 21 848 2257 2987
4219 2 2 1000 21 1155 2985 2253
4220 2 2 1000 21 1159 2986 2256
4221 2 2 1000 21 1160 2987 2257
4222 2 2 1000 21 691 3329 2310
4223 2 2 1000 21 692 3330 2311
4224 2 2 1000 21 693 3331 2313
4225 2 2 1000 21 694 3332 2315
4226 2 2 1000 21 857 1771 3830
4227 2 2 1000 21 858 1772 3831
4228 2 2 1000 21 859 1773 3832
4229 2 2 1000 21 860 1774 3833
4230 2 2 1000 21 901 2591 1854
4231 2 2 1000 21 902 2592 1855
4232 2 2 1000 21 903 2593 1856
4233 2 2 1000 21 904 2594 1857
4234 2 2 1000 21 497 2433 1969
4235 2 2 1000 21 498 2434 1970
4236 2 2 1000 21 499 2435 1971
4237 2 2 1000 21 500 2436 1972
4238 2 2 1000 21 911 2951 3199
4239 2 2 1000 21 912 2952 3201
4240 2 2 1000 21 913 2953 3200
4241 2 2 1000 21 914 2954 3202
4242 2 2 1000 21 907 1969 2433
4243 2 2 1000 21 908 1970 2434
4244 2 2 1000 21 909 1971 2435
4245 2 2 1000 21 910 1972 2436
4246 2 2 1000 21 911 3199 2462
4247 2 2 1000 21 912 3201 2464
4248 2 2 1000 21 913 3200 2463
4249 2 2 1000 21 914 3202 2465
4250 2 2 1000 21 220 221 2263
4251 2 2 1000 21 161 162 2262
4252 2 2 1000 21 43 2264 44
4253 2 2 1000 21 102 2265 103
4254 2 2 1000 21 857 2865 1771
4255 2 2 1000 21 858 2866 1772
4256 2 2 1000 21 859 2867 1773
4257 2 2 1000 21 860 2868 1774
4258 2 2 1000 21 964 1903 3106
4259 2 2 1000 21 965 1904 3107
4260 2 2 1000 21 966 1905 3108
4261 2 2 1000 21 967 1906 3109
4262 2 2 1000 21 497 2025 3830
4263 2 2 1000 21 498 2026 3831
4264 2 2 1000 21 499 2027 3832
4265 2 2 1000 21 500 2028 3833
4266 2 2 1000 21 481 2053 3158
4267 2 2 1000 21 483 2054 3159
4268 2 2 1000 21 482 2055 3160
4269 2 2 1000 21 484 2056 3161
4270 2 2 1000 21 733 2329 2109
4271 2 2 1000 21 734 2330 2110
4272 2 2 1000 21 735 2331 2111
4273 2 2 1000 21 736 2332 2112
4274 2 2 1000 21 1091 2051 3820
4275 2 2 1000 21 1092 2052 3821
4276 2 2 1000 21 865 1867 2567
4277 2 2 1000 21 866 1868 2568
4278 2 2 1000 21 867 2565 1869
4279 2 2 1000 21 868 2566 1870
4280 2 2 1000 21 1149 2109 2329
4281 2 2 1000 21 1150 2110 2330
4282 2 2 1000 21 1151 2111 2331
4283 2 2 1000 21 1152 2112 2332
4284 2 2 1000 21 1099 2911 3475
4285 2 2 1000 21 1100 2912 3476
4286 2 2 1000 21 1710 3475 2911
4287 2 2 1000 21 1711 3476 2912
4288 2 2 1000 21 2061 2990 3193
4289 2 2 1000 21 2062 2991 3194
4290 2 2 1000 21 2063 3191 2988
4291 2 2 1000 21 2064 3192 2989
4292 2 2 1000 21 1005 3932 3413
4293 2 2 1000 21 1006 3933 3412
4294 2 2 1000 21 1007 3934 3415
4295 2 2 1000 21 1008 3935 3414
4296 2 2 1000 21 533 1875 2644
4297 2 2 1000 21 534 1876 2646
4298 2 2 1000 21 535 1877 2645
4299 2 2 1000 21 536 1878 2647
4300 2 2 1000 21 429 3666 2653
4301 2 2 1000 21 430 3667 2655
4302 2 2 1000 21 431 3668 2654
4303 2 2 1000 21 432 3669 2656
4304 2 2 1000 21 1678 2653 3666
4305 2 2 1000 21 1679 2654 3668
4306 2 2 1000 21 1680 2655 3667
4307 2 2 1000 21 1681 2656 3669
4308 2 2 1000 21 1109 2228 3469
4309 2 2 1000 21 1110 2229 3470
4310 2 2 1000 21 1111 2230 3471
4311 2 2 1000 21 1112 2231 3472
4312 2 2 1000 21 944 1792 2799
4313 2 2 1000 21 945 1793 2800
4314 2 2 1000 21 946 1794 2801
4315 2 2 1000 21 947 1795 2802
4316 2 2 1000 21 905 2539 1907
4317 2 2 1000 21 906 2540 1908
4318 2 2 1000 21 423 2589 3744
4319 2 2 1000 21 424 2590 3745
4320 2 2 1000 21 830 2950 2304
4321 2 2 1000 21 1630 2333 3469
4322 2 2 1000 21 1631 2334 3470
4323 2 2 1000 21 1632 2335 3471
4324 2 2 1000 21 1633 2336 3472
4325 2 2 1000 21 649 3152 1762
4326 2 2 1000 21 650 3153 1763
4327 2 2 1000 21 651 3154 1764
4328 2 2 1000 21 652 3155 1765
4329 2 2 1000 21 1718 2137 3341
4330 2 2 1000 21 1719 2138 3342
4331 2 2 1000 21 1720 2139 3343
4332 2 2 1000 21 1721 2140 3344
4333 2 2 1000 21 2069 3195 3005
4334 2 2 1000 21 2070 3196 3006
4335 2 2 1000 21 2071 3007 3197
4336 2 2 1000 21 2072 3008 3198
4337 2 2 1000 21 465 3940 2041
4338 2 2 1000 21 466 3941 2042
4339 2 2 1000 21 467 3942 2043
4340 2 2 1000 21 468 3943 2044
4341 2 2 1000 21 365 1907 2539
4342 2 2 1000 21 366 1908 2540
4343 2 2 1000 21 919 3533 1770
4344 2 2 1000 21 2306 3635 2878
4345 2 2 1000 21 2305 3634 2877
4346 2 2 1000 21 2307 2879 3636
4347 2 2 1000 21 2308 2880 3637
4348 2 2 1000 21 889 1860 4063
4349 2 2 1000 21 890 1861 4064
4350 2 2 1000 21 891 1862 4065
4351 2 2 1000 21 892 1863 4066
4352 2 2 1000 21 713 3936 1842
4353 2 2 1000 21 714 3937 1843
4354 2 2 1000 21 717 3938 1844
4355 2 2 1000 21 718 3939 1845
4356 2 2 1000 21 868 1838 3681
4357 2 2 1000 21 867 1837 3680
4358 2 2 1000 21 865 3682 1835
4359 2 2 1000 21 866 3683 1836
4360 2 2 1000 21 960 1796 2789
4361 2 2 1000 21 961 1797 2790
4362 2 2 1000 21 962 1798 2791
4363 2 2 1000 21 963 1799 2792
4364 2 2 1000 21 286 287 2841
4365 2 2 1000 21 268 269 2842
4366 2 2 1000 21 304 305 2843
4367 2 2 1000 21 250 251 2844
4368 2 2 1000 21 973 3253 1819
4369 2 2 1000 21 972 3252 1818
4370 2 2 1000 21 1357 3734 2318
4371 2 2 1000 21 1358 3735 2319
4372 2 2 1000 21 657 3360 1766
4373 2 2 1000 21 658 3361 1767
4374 2 2 1000 21 659 3362 1768
4375 2 2 1000 21 660 3363 1769
4376 2 2 1000 21 330 2869 1790
4377 2 2 1000 21 332 2870 1791
4378 2 2 1000 21 657 1766 3170
4379 2 2 1000 21 658 1767 3171
4380 2 2 1000 21 659 1768 3172
4381 2 2 1000 21 660 1769 3173
4382 2 2 1000 21 481 3158 2167
4383 2 2 1000 21 482 3160 2168
4384 2 2 1000 21 483 3159 2169
4385 2 2 1000 21 484 3161 2170
4386 2 2 1000 21 445 1804 2803
4387 2 2 1000 21 446 1805 2804
4388 2 2 1000 21 449 1806 2805
4389 2 2 1000 21 450 1807 2806
4390 2 2 1000 21 1580 4012 3380
4391 2 2 1000 21 1581 4013 3379
4392 2 2 1000 21 1582 4014 3382
4393 2 2 1000 21 1583 4015 3381
4394 2 2 1000 21 497 2193 2887
4395 2 2 1000 21 498 2194 2888
4396 2 2 1000 21 499 2195 2889
4397 2 2 1000 21 500 2196 2890
4398 2 2 1000 21 555 3444 2240
4399 2 2 1000 21 556 3445 2241
4400 2 2 1000 21 846 2255 3048
4401 2 2 1000 21 1156 3048 2255
4402 2 2 1000 21 893 1871 4016
4403 2 2 1000 21 894 1872 4017
4404 2 2 1000 21 895 1873 4018
4405 2 2 1000 21 896 1874 4019
4406 2 2 1000 21 577 3426 1883
4407 2 2 1000 21 579 3428 1884
4408 2 2 1000 21 580 3429 1886
4409 2 2 1000 21 578 1885 3427
4410 2 2 1000 21 41 2408 42
4411 2 2 1000 21 100 2407 101
4412 2 2 1000 21 218 219 2409
4413 2 2 1000 21 159 160 2410
4414 2 2 1000 21 335 1770 3346
4415 2 2 1000 21 409 2938 1792
4416 2 2 1000 21 410 2939 1793
4417 2 2 1000 21 411 2940 1794
4418 2 2 1000 21 412 2941 1795
4419 2 2 1000 21 901 1854 3571
4420 2 2 1000 21 902 1855 3572
4421 2 2 1000 21 903 1856 3573
4422 2 2 1000 21 904 1857 3574
4423 2 2 1000 21 1243 2883 2393
4424 2 2 1000 21 1244 2884 2394
4425 2 2 1000 21 1245 2885 2395
4426 2 2 1000 21 1246 2886 2396
4427 2 2 1000 21 1051 2073 2871
4428 2 2 1000 21 1052 2074 2872
4429 2 2 1000 21 1053 2075 2873
4430 2 2 1000 21 1054 2076 2874
4431 2 2 1000 21 1101 3082 3394
4432 2 2 1000 21 1103 3084 3395
4433 2 2 1000 21 1102 3081 3392
4434 2 2 1000 21 1104 3083 3393
4435 2 2 1000 21 413 2871 2073
4436 2 2 1000 21 414 2872 2074
4437 2 2 1000 21 415 2873 2075
4438 2 2 1000 21 416 2874 2076
4439 2 2 1000 21 795 3675 1783
4440 2 2 1000 21 796 3676 1784
4441 2 2 1000 21 797 3677 1785
4442 2 2 1000 21 154 155 2403
4443 2 2 1000 21 213 214 2404
4444 2 2 1000 21 36 2405 37
4445 2 2 1000 21 95 2406 96
4446 2 2 1000 21 103 2265 2545
4447 2 2 1000 21 44 2264 2546
4448 2 2 1000 21 221 2547 2263
4449 2 2 1000 21 162 2548 2262
4450 2 2 1000 21 1504 4117 2963
4451 2 2 1000 21 1505 4118 2964
4452 2 2 1000 21 1506 4119 2965
4453 2 2 1000 21 1507 4120 2966
4454 2 2 1000 21 1233 3280 2320
4455 2 2 1000 21 1234 3281 2321
4456 2 2 1000 21 1289 2240 3930
4457 2 2 1000 21 1290 2241 3931
4458 2 2 1000 21 715 3162 2342
4459 2 2 1000 21 716 3163 2343
4460 2 2 1000 21 874 3968 2199
4461 2 2 1000 21 878 2200 3969
4462 2 2 1000 21 519 3742 2537
4463 2 2 1000 21 517 3740 2535
4464 2 2 1000 21 520 3743 2538
4465 2 2 1000 21 518 3741 2536
4466 2 2 1000 21 283 2117 2904
4467 2 2 1000 21 301 2119 2903
4468 2 2 1000 21 265 2118 2906
4469 2 2 1000 21 247 2120 2905
4470 2 2 1000 21 330 1790 3475
4471 2 2 1000 21 332 1791 3476
4472 2 2 1000 21 1099 3475 1790
4473 2 2 1000 21 1100 3476 1791
4474 2 2 1000 21 703 4175 3889
4475 2 2 1000 21 704 4176 3890
4476 2 2 1000 21 701 2992 1837
4477 2 2 1000 21 702 2993 1838
4478 2 2 1000 21 1063 2904 2117
4479 2 2 1000 21 1064 2906 2118
4480 2 2 1000 21 1065 2903 2119
4481 2 2 1000 21 1066 2905 2120
4482 2 2 1000 21 869 3013 1792
4483 2 2 1000 21 870 3014 1793
4484 2 2 1000 21 871 3015 1794
4485 2 2 1000 21 872 3016 1795
4486 2 2 1000 21 893 2644 1875
4487 2 2 1000 21 894 2646 1876
4488 2 2 1000 21 895 2645 1877
4489 2 2 1000 21 896 2647 1878
4490 2 2 1000 21 438 4181 3491
4491 2 2 1000 21 1005 2837 3932
4492 2 2 1000 21 1006 2838 3933
4493 2 2 1000 21 1007 2839 3934
4494 2 2 1000 21 1008 2840 3935
4495 2 2 1000 21 1411 3426 3503
4496 2 2 1000 21 1415 3428 3504
4497 2 2 1000 21 1416 3429 3505
4498 2 2 1000 21 1417 3506 3427
4499 2 2 1000 21 409 2608 3630
4500 2 2 1000 21 410 2609 3631
4501 2 2 1000 21 411 2610 3632
4502 2 2 1000 21 412 2611 3633
4503 2 2 1000 21 1187 3405 1879
4504 2 2 1000 21 1188 3404 1880
4505 2 2 1000 21 1189 1881 3403
4506 2 2 1000 21 1190 1882 3402
4507 2 2 1000 21 98 1879 3405
4508 2 2 1000 21 39 1880 3404
4509 2 2 1000 21 216 3403 1881
4510 2 2 1000 21 157 3402 1882
4511 2 2 1000 21 181 182 2377
4512 2 2 1000 21 122 2375 123
4513 2 2 1000 21 240 241 2376
4514 2 2 1000 21 63 2374 64
4515 2 2 1000 21 71 2373 72
4516 2 2 1000 21 130 131 2371
4517 2 2 1000 21 12 2372 13
4518 2 2 1000 21 189 190 2370
4519 2 2 1000 21 849 2589 1953
4520 2 2 1000 21 850 2590 1954
4521 2 2 1000 21 1612 2390 3430
4522 2 2 1000 21 1614 2391 3432
4523 2 2 1000 21 1615 2392 3433
4524 2 2 1000 21 529 2881 1814
4525 2 2 1000 21 530 2882 1815
4526 2 2 1000 21 573 2427 3853
4527 2 2 1000 21 574 2428 3854
4528 2 2 1000 21 575 2429 3855
4529 2 2 1000 21 576 2430 3856
4530 2 2 1000 21 791 2037 2446
4531 2 2 1000 21 792 2038 2447
4532 2 2 1000 21 793 2039 2448
4533 2 2 1000 21 794 2040 2449
4534 2 2 1000 21 897 2147 2955
4535 2 2 1000 21 898 2148 2956
4536 2 2 1000 21 899 2149 2957
4537 2 2 1000 21 900 2150 2958
4538 2 2 1000 21 461 2454 3333
4539 2 2 1000 21 462 2455 3334
4540 2 2 1000 21 463 2456 3335
4541 2 2 1000 21 464 2457 3336
4542 2 2 1000 21 1323 3333 2454
4543 2 2 1000 21 1324 3334 2455
4544 2 2 1000 21 1325 3335 2456
4545 2 2 1000 21 1326 3336 2457
4546 2 2 1000 21 905 1907 3889
4547 2 2 1000 21 906 1908 3890
4548 2 2 1000 21 825 4025 2969
4549 2 2 1000 21 826 4024 2970
4550 2 2 1000 21 827 4027 2971
4551 2 2 1000 21 828 4026 2972
4552 2 2 1000 21 1121 3291 2008
4553 2 2 1000 21 1122 3292 2009
4554 2 2 1000 21 1123 3293 2010
4555 2 2 1000 21 1124 3294 2011
4556 2 2 1000 21 798 2008 3291
4557 2 2 1000 21 799 2009 3292
4558 2 2 1000 21 800 2010 3293
4559 2 2 1000 21 801 2011 3294
4560 2 2 1000 21 719 3164 2318
4561 2 2 1000 21 720 3165 2319
4562 2 2 1000 21 1297 4200 1965
4563 2 2 1000 21 1298 4201 1966
4564 2 2 1000 21 1299 4202 1967
4565 2 2 1000 21 1300 4203 1968
4566 2 2 1000 21 403 4128 1835
4567 2 2 1000 21 404 4129 1836
4568 2 2 1000 21 471 2567 2775
4569 2 2 1000 21 472 2568 2776
4570 2 2 1000 21 469 2777 2565
4571 2 2 1000 21 470 2778 2566
4572 2 2 1000 21 413 3662 2329
4573 2 2 1000 21 414 3663 2330
4574 2 2 1000 21 415 3664 2331
4575 2 2 1000 21 416 3665 2332
4576 2 2 1000 21 699 1835 2853
4577 2 2 1000 21 700 1836 2854
4578 2 2 1000 21 1021 2546 2264
4579 2 2 1000 21 1022 2545 2265
4580 2 2 1000 21 1019 2263 2547
4581 2 2 1000 21 1020 2262 2548
4582 2 2 1000 21 747 2006 3535
4583 2 2 1000 21 748 2007 3534
4584 2 2 1000 21 745 3536 2004
4585 2 2 1000 21 746 3537 2005
4586 2 2 1000 21 1105 3538 1825
4587 2 2 1000 21 1106 3539 1826
4588 2 2 1000 21 1107 3540 1827
4589 2 2 1000 21 1108 3541 1828
4590 2 2 1000 21 489 1825 3538
4591 2 2 1000 21 490 1826 3539
4592 2 2 1000 21 491 1827 3540
4593 2 2 1000 21 492 1828 3541
4594 2 2 1000 21 393 3248 1786
4595 2 2 1000 21 394 3249 1787
4596 2 2 1000 21 395 3250 1788
4597 2 2 1000 21 396 3251 1789
4598 2 2 1000 21 1407 2535 3740
4599 2 2 1000 21 1409 2537 3742
4600 2 2 1000 21 1408 2536 3741
4601 2 2 1000 21 1410 2538 3743
4602 2 2 1000 21 329 3280 4112
4603 2 2 1000 21 331 3281 4111
4604 2 2 1000 21 1211 3096 3386
4605 2 2 1000 21 1209 3094 3384
4606 2 2 1000 21 1212 3097 3387
4607 2 2 1000 21 1210 3095 3385
4608 2 2 1000 21 695 2312 3461
4609 2 2 1000 21 696 2314 3462
4610 2 2 1000 21 697 2316 3463
4611 2 2 1000 21 698 2317 3464
4612 2 2 1000 21 920 2065 2490
4613 2 2 1000 21 921 2066 2491
4614 2 2 1000 21 922 2067 2492
4615 2 2 1000 21 923 2068 2493
4616 2 2 1000 21 1205 3851 2411
4617 2 2 1000 21 1206 3852 2412
4618 2 2 1000 21 329 2320 3280
4619 2 2 1000 21 331 2321 3281
4620 2 2 1000 21 1369 2994 1883
4621 2 2 1000 21 1372 2997 1886
4622 2 2 1000 21 1370 2996 1884
4623 2 2 1000 21 1371 1885 2995
4624 2 2 1000 21 645 3826 1850
4625 2 2 1000 21 646 3827 1851
4626 2 2 1000 21 647 3828 1852
4627 2 2 1000 21 648 3829 1853
4628 2 2 1000 21 753 1969 3341
4629 2 2 1000 21 754 1970 3342
4630 2 2 1000 21 755 1971 3343
4631 2 2 1000 21 756 1972 3344
4632 2 2 1000 21 1191 1850 3826
4633 2 2 1000 21 1192 1851 3827
4634 2 2 1000 21 1193 1852 3828
4635 2 2 1000 21 1194 1853 3829
4636 2 2 1000 21 679 4016 1871
4637 2 2 1000 21 680 4017 1872
4638 2 2 1000 21 681 4018 1873
4639 2 2 1000 21 682 4019 1874
4640 2 2 1000 21 367 2157 2437
4641 2 2 1000 21 368 2158 2438
4642 2 2 1000 21 1239 3594 2815
4643 2 2 1000 21 1240 3595 2816
4644 2 2 1000 21 1241 3596 2817
4645 2 2 1000 21 1242 3597 2818
4646 2 2 1000 21 2411 3851 3678
4647 2 2 1000 21 2412 3852 3679
4648 2 2 1000 21 781 2337 3977
4649 2 2 1000 21 782 2338 3976
4650 2 2 1000 21 869 1821 3013
4651 2 2 1000 21 870 1823 3014
4652 2 2 1000 21 871 1822 3015
4653 2 2 1000 21 872 1824 3016
4654 2 2 1000 21 1197 1796 3577
4655 2 2 1000 21 1198 1797 3578
4656 2 2 1000 21 1199 1798 3579
4657 2 2 1000 21 1200 1799 3580
4658 2 2 1000 21 1359 2589 3966
4659 2 2 1000 21 1360 2590 3967
4660 2 2 1000 21 2298 3048 4181
4661 2 2 1000 21 1301 3670 3950
4662 2 2 1000 21 1302 3671 3951
4663 2 2 1000 21 1295 2413 3970
4664 2 2 1000 21 1296 2414 3971
4665 2 2 1000 21 1504 2807 2159
4666 2 2 1000 21 1505 2808 2160
4667 2 2 1000 21 1506 2809 2161
4668 2 2 1000 21 1507 2810 2162
4669 2 2 1000 21 417 3094 3036
4670 2 2 1000 21 419 3095 3038
4671 2 2 1000 21 418 3096 3037
4672 2 2 1000 21 420 3097 3039
4673 2 2 1000 21 537 2849 3794
4674 2 2 1000 21 538 2851 3795
4675 2 2 1000 21 539 2850 3796
4676 2 2 1000 21 540 2852 3797
4677 2 2 1000 21 329 4112 2719
4678 2 2 1000 21 331 4111 2720
4679 2 2 1000 21 533 2644 2973
4680 2 2 1000 21 534 2646 2974
4681 2 2 1000 21 535 2645 2975
4682 2 2 1000 21 536 2647 2976
4683 2 2 1000 21 1291 2397 3666
4684 2 2 1000 21 1292 2399 3667
4685 2 2 1000 21 1293 2398 3668
4686 2 2 1000 21 1294 2400 3669
4687 2 2 1000 21 1652 4175 3182
4688 2 2 1000 21 1653 4176 3183
4689 2 2 1000 21 1301 3950 2415
4690 2 2 1000 21 1302 3951 2416
4691 2 2 1000 21 830 4250 1934
4692 2 2 1000 21 521 3044 2502
4693 2 2 1000 21 522 3045 2503
4694 2 2 1000 21 523 3046 2504
4695 2 2 1000 21 524 3047 2505
4696 2 2 1000 21 445 3498 1804
4697 2 2 1000 21 446 3499 1805
4698 2 2 1000 21 449 3500 1806
4699 2 2 1000 21 450 3501 1807
4700 2 2 1000 21 675 1965 4200
4701 2 2 1000 21 676 1966 4201
4702 2 2 1000 21 677 1967 4202
4703 2 2 1000 21 678 1968 4203
4704 2 2 1000 21 911 2462 2177
4705 2 2 1000 21 913 2463 2178
4706 2 2 1000 21 912 2464 2179
4707 2 2 1000 21 914 2465 2180
4708 2 2 1000 21 638 3858 3393
4709 2 2 1000 21 637 3857 3392
4710 2 2 1000 21 640 3860 3395
4711 2 2 1000 21 639 3859 3394
4712 2 2 1000 21 489 3029 1825
4713 2 2 1000 21 490 3030 1826
4714 2 2 1000 21 491 3031 1827
4715 2 2 1000 21 492 3032 1828
4716 2 2 1000 21 497 3830 2433
4717 2 2 1000 21 498 3831 2434
4718 2 2 1000 21 499 3832 2435
4719 2 2 1000 21 500 3833 2436
4720 2 2 1000 21 1927 3712 3021
4721 2 2 1000 21 1928 3713 3022
4722 2 2 1000 21 1929 3714 3023
4723 2 2 1000 21 1930 3715 3024
4724 2 2 1000 21 699 3648 1816
4725 2 2 1000 21 700 3649 1817
4726 2 2 1000 21 1161 3094 2289
4727 2 2 1000 21 1162 3095 2290
4728 2 2 1000 21 1163 3096 2291
4729 2 2 1000 21 1164 3097 2292
4730 2 2 1000 21 417 2289 3094
4731 2 2 1000 21 419 2290 3095
4732 2 2 1000 21 418 2291 3096
4733 2 2 1000 21 420 2292 3097
4734 2 2 1000 21 1023 2397 2417
4735 2 2 1000 21 1025 2399 2418
4736 2 2 1000 21 1024 2398 2419
4737 2 2 1000 21 1026 2400 2420
4738 2 2 1000 21 557 2417 2397
4739 2 2 1000 21 558 2418 2399
4740 2 2 1000 21 559 2419 2398
4741 2 2 1000 21 560 2420 2400
4742 2 2 1000 21 513 1858 3282
4743 2 2 1000 21 514 1859 3283
4744 2 2 1000 21 321 3972 1842
4745 2 2 1000 21 323 3973 1843
4746 2 2 1000 21 325 3974 1844
4747 2 2 1000 21 327 3975 1845
4748 2 2 1000 21 1895 2691 3822
4749 2 2 1000 21 1897 2693 3824
4750 2 2 1000 21 1896 2692 3823
4751 2 2 1000 21 1898 2694 3825
4752 2 2 1000 21 381 3430 2390
4753 2 2 1000 21 383 3432 2391
4754 2 2 1000 21 384 3433 2392
4755 2 2 1000 21 948 2967 1869
4756 2 2 1000 21 949 2968 1870
4757 2 2 1000 21 150 4213 1947
4758 2 2 1000 21 209 4212 1948
4759 2 2 1000 21 32 1949 4211
4760 2 2 1000 21 91 1950 4210
4761 2 2 1000 21 1459 3977 2337
4762 2 2 1000 21 1460 3976 2338
4763 2 2 1000 21 485 2181 2725
4764 2 2 1000 21 486 2182 2727
4765 2 2 1000 21 487 2183 2726
4766 2 2 1000 21 488 2184 2728
4767 2 2 1000 21 948 3806 2657
4768 2 2 1000 21 949 3808 2658
4769 2 2 1000 21 509 2797 1893
4770 2 2 1000 21 510 2798 1894
4771 2 2 1000 21 685 2012 3593
4772 2 2 1000 21 594 2950 1934
4773 2 2 1000 21 1205 2411 2526
4774 2 2 1000 21 1206 2412 2527
4775 2 2 1000 21 907 1842 3936
4776 2 2 1000 21 908 1843 3937
4777 2 2 1000 21 909 1844 3938
4778 2 2 1000 21 910 1845 3939
4779 2 2 1000 21 633 2526 2411
4780 2 2 1000 21 634 2527 2412
4781 2 2 1000 21 1269 2442 2366
4782 2 2 1000 21 1270 2443 2367
4783 2 2 1000 21 781 3278 1812
4784 2 2 1000 21 782 3279 1813
4785 2 2 1000 21 924 1980 2757
4786 2 2 1000 21 925 1981 2758
4787 2 2 1000 21 926 2759 1982
4788 2 2 1000 21 927 2760 1983
4789 2 2 1000 21 805 1812 3492
4790 2 2 1000 21 806 1813 3493
4791 2 2 1000 21 2013 2346 4025
4792 2 2 1000 21 2014 2347 4024
4793 2 2 1000 21 2015 2348 4027
4794 2 2 1000 21 2016 2349 4026
4795 2 2 1000 21 554 3819 2766
4796 2 2 1000 21 553 3818 2765
4797 2 2 1000 21 287 3025 2841
4798 2 2 1000 21 269 3026 2842
4799 2 2 1000 21 305 3027 2843
4800 2 2 1000 21 251 3028 2844
4801 2 2 1000 21 843 2252 2585
4802 2 2 1000 21 841 2250 2581
4803 2 2 1000 21 845 2254 2586
4804 2 2 1000 21 842 2251 2582
4805 2 2 1000 21 847 2587 2256
4806 2 2 1000 21 844 2583 2253
4807 2 2 1000 21 848 2588 2257
4808 2 2 1000 21 846 2584 2255
4809 2 2 1000 21 920 1903 3802
4810 2 2 1000 21 921 1904 3804
4811 2 2 1000 21 922 1905 3803
4812 2 2 1000 21 923 1906 3805
4813 2 2 1000 21 403 3682 2091
4814 2 2 1000 21 404 3683 2092
4815 2 2 1000 21 401 2089 3680
4816 2 2 1000 21 402 2090 3681
4817 2 2 1000 21 423 3744 1829
4818 2 2 1000 21 424 3745 1830
4819 2 2 1000 21 485 1889 3373
4820 2 2 1000 21 486 1890 3374
4821 2 2 1000 21 487 1891 3375
4822 2 2 1000 21 488 1892 3376
4823 2 2 1000 21 861 3707 2236
4824 2 2 1000 21 862 3708 2237
4825 2 2 1000 21 863 3709 2238
4826 2 2 1000 21 864 3710 2239
4827 2 2 1000 21 950 1867 3371
4828 2 2 1000 21 951 1868 3372
4829 2 2 1000 21 2297 2985 4121
4830 2 2 1000 21 2299 2986 4122
4831 2 2 1000 21 2300 2987 4123
4832 2 2 1000 21 1584 3529 3525
4833 2 2 1000 21 1585 3530 3526
4834 2 2 1000 21 1586 3531 3527
4835 2 2 1000 21 1587 3532 3528
4836 2 2 1000 21 830 1979 4250
4837 2 2 1000 21 1221 2934 2093
4838 2 2 1000 21 1222 2935 2094
4839 2 2 1000 21 1223 2936 2095
4840 2 2 1000 21 1224 2937 2096
4841 2 2 1000 21 915 3116 1943
4842 2 2 1000 21 916 3117 1944
4843 2 2 1000 21 917 3118 1945
4844 2 2 1000 21 918 3119 1946
4845 2 2 1000 21 1217 3554 2618
4846 2 2 1000 21 1219 3556 2619
4847 2 2 1000 21 1218 3555 2620
4848 2 2 1000 21 1220 3557 2621
4849 2 2 1000 21 753 3834 1969
4850 2 2 1000 21 754 3835 1970
4851 2 2 1000 21 755 3836 1971
4852 2 2 1000 21 756 3837 1972
4853 2 2 1000 21 819 2167 3158
4854 2 2 1000 21 820 2168 3160
4855 2 2 1000 21 821 2169 3159
4856 2 2 1000 21 822 2170 3161
4857 2 2 1000 21 829 2301 2390
4858 2 2 1000 21 831 2302 2391
4859 2 2 1000 21 832 2303 2392
4860 2 2 1000 21 960 2450 2242
4861 2 2 1000 21 961 2451 2243
4862 2 2 1000 21 962 2452 2244
4863 2 2 1000 21 963 2453 2245
4864 2 2 1000 21 950 2659 3807
4865 2 2 1000 21 951 2660 3809
4866 2 2 1000 21 1138 2928 1887
4867 2 2 1000 21 1140 2929 1888
4868 2 2 1000 21 237 3646 2256
4869 2 2 1000 21 178 3647 2257
4870 2 2 1000 21 60 2252 3644
4871 2 2 1000 21 119 2254 3645
4872 2 2 1000 21 16 3642 2253
4873 2 2 1000 21 75 3643 2255
4874 2 2 1000 21 193 2250 3640
4875 2 2 1000 21 134 2251 3641
4876 2 2 1000 21 1055 2013 3085
4877 2 2 1000 21 1056 2014 3086
4878 2 2 1000 21 1057 2015 3087
4879 2 2 1000 21 1058 2016 3088
4880 2 2 1000 21 565 3085 2013
4881 2 2 1000 21 566 3086 2014
4882 2 2 1000 21 567 3087 2015
4883 2 2 1000 21 568 3088 2016
4884 2 2 1000 21 1229 2973 2644
4885 2 2 1000 21 1230 2974 2646
4886 2 2 1000 21 1231 2975 2645
4887 2 2 1000 21 1232 2976 2647
4888 2 2 1000 21 911 2177 3089
4889 2 2 1000 21 913 2178 3090
4890 2 2 1000 21 912 2179 3091
4891 2 2 1000 21 914 2180 3092
4892 2 2 1000 21 181 2377 4036
4893 2 2 1000 21 240 2376 4037
4894 2 2 1000 21 122 4038 2375
4895 2 2 1000 21 63 4039 2374
4896 2 2 1000 21 72 2373 4040
4897 2 2 1000 21 13 2372 4041
4898 2 2 1000 21 131 4042 2371
4899 2 2 1000 21 190 4043 2370
4900 2 2 1000 21 555 2859 3444
4901 2 2 1000 21 556 2860 3445
4902 2 2 1000 21 1109 2333 3248
4903 2 2 1000 21 1110 2334 3249
4904 2 2 1000 21 1111 2335 3250
4905 2 2 1000 21 1112 2336 3251
4906 2 2 1000 21 1063 4188 3214
4907 2 2 1000 21 1064 4189 3215
4908 2 2 1000 21 1065 4190 3216
4909 2 2 1000 21 1066 4191 3217
4910 2 2 1000 21 844 2297 2427
4911 2 2 1000 21 846 2298 2428
4912 2 2 1000 21 847 2299 2429
4913 2 2 1000 21 848 2300 2430
4914 2 2 1000 21 511 1911 2835
4915 2 2 1000 21 512 1912 2836
4916 2 2 1000 21 1139 3284 2309
4917 2 2 1000 21 1125 1953 3519
4918 2 2 1000 21 1126 1954 3520
4919 2 2 1000 21 805 3410 1829
4920 2 2 1000 21 806 3411 1830
4921 2 2 1000 21 529 1869 2967
4922 2 2 1000 21 530 1870 2968
4923 2 2 1000 21 897 1839 3203
4924 2 2 1000 21 898 1840 3204
4925 2 2 1000 21 900 1841 3205
4926 2 2 1000 21 397 1887 4134
4927 2 2 1000 21 400 1888 4135
4928 2 2 1000 21 353 4063 1860
4929 2 2 1000 21 354 4064 1861
4930 2 2 1000 21 355 4065 1862
4931 2 2 1000 21 356 4066 1863
4932 2 2 1000 21 32 3065 1949
4933 2 2 1000 21 91 3066 1950
4934 2 2 1000 21 209 1948 3064
4935 2 2 1000 21 150 1947 3063
4936 2 2 1000 21 1217 2618 2649
4937 2 2 1000 21 1219 2619 2650
4938 2 2 1000 21 1218 2620 2651
4939 2 2 1000 21 1220 2621 2652
4940 2 2 1000 21 1331 2657 3748
4941 2 2 1000 21 1332 2658 3749
4942 2 2 1000 21 290 291 2474
4943 2 2 1000 21 272 273 2476
4944 2 2 1000 21 308 309 2475
4945 2 2 1000 21 254 255 2477
4946 2 2 1000 21 671 2649 2618
4947 2 2 1000 21 672 2650 2619
4948 2 2 1000 21 673 2651 2620
4949 2 2 1000 21 674 2652 2621
4950 2 2 1000 21 353 1943 3116
4951 2 2 1000 21 354 1944 3117
4952 2 2 1000 21 355 1945 3118
4953 2 2 1000 21 356 1946 3119
4954 2 2 1000 21 322 2541 4206
4955 2 2 1000 21 324 2542 4207
4956 2 2 1000 21 326 2543 4208
4957 2 2 1000 21 328 2544 4209
4958 2 2 1000 21 675 2779 1965
4959 2 2 1000 21 676 2780 1966
4960 2 2 1000 21 677 2781 1967
4961 2 2 1000 21 678 2782 1968
4962 2 2 1000 21 1183 2502 3044
4963 2 2 1000 21 1184 2503 3045
4964 2 2 1000 21 1185 2504 3046
4965 2 2 1000 21 1186 2505 3047
4966 2 2 1000 21 1327 1883 2994
4967 2 2 1000 21 1328 1884 2996
4968 2 2 1000 21 1329 2995 1885
4969 2 2 1000 21 1330 1886 2997
4970 2 2 1000 21 1064 3215 2906
4971 2 2 1000 21 1063 3214 2904
4972 2 2 1000 21 1066 3217 2905
4973 2 2 1000 21 1065 3216 2903
4974 2 2 1000 21 1117 2102 3254
4975 2 2 1000 21 237 238 3646
4976 2 2 1000 21 178 179 3647
4977 2 2 1000 21 60 3644 61
4978 2 2 1000 21 119 3645 120
4979 2 2 1000 21 15 3642 16
4980 2 2 1000 21 74 3643 75
4981 2 2 1000 21 192 193 3640
4982 2 2 1000 21 133 134 3641
4983 2 2 1000 21 802 3254 2102
4984 2 2 1000 21 345 2285 3650
4985 2 2 1000 21 347 2287 3652
4986 2 2 1000 21 346 2286 3651
4987 2 2 1000 21 348 2288 3653
4988 2 2 1000 21 1165 2310 3329
4989 2 2 1000 21 1166 2311 3330
4990 2 2 1000 21 1167 2313 3331
4991 2 2 1000 21 1168 2315 3332
4992 2 2 1000 21 1272 3603 2369
4993 2 2 1000 21 1271 3602 2368
4994 2 2 1000 21 509 1893 4230
4995 2 2 1000 21 510 1894 4231
4996 2 2 1000 21 1371 3383 2706
4997 2 2 1000 21 1596 3049 4134
4998 2 2 1000 21 1598 3050 4135
4999 2 2 1000 21 795 1931 2998
5000 2 2 1000 21 796 1932 2999
5001 2 2 1000 21 797 1933 3000
5002 2 2 1000 21 533 2973 2113
5003 2 2 1000 21 534 2974 2114
5004 2 2 1000 21 535 2975 2115
5005 2 2 1000 21 536 2976 2116
5006 2 2 1000 21 363 2757 1980
5007 2 2 1000 21 364 2758 1981
5008 2 2 1000 21 361 1982 2759
5009 2 2 1000 21 362 1983 2760
5010 2 2 1000 21 1051 2113 2973
5011 2 2 1000 21 1052 2114 2974
5012 2 2 1000 21 1053 2115 2975
5013 2 2 1000 21 1054 2116 2976
5014 2 2 1000 21 509 1925 3434
5015 2 2 1000 21 510 1926 3435
5016 2 2 1000 21 841 3188 2250
5017 2 2 1000 21 842 3189 2251
5018 2 2 1000 21 845 3190 2254
5019 2 2 1000 21 1153 2250 3188
5020 2 2 1000 21 1154 2251 3189
5021 2 2 1000 21 1158 2254 3190
5022 2 2 1000 21 2147 2683 3274
5023 2 2 1000 21 2148 2684 3275
5024 2 2 1000 21 2149 2685 3276
5025 2 2 1000 21 2150 2686 3277
5026 2 2 1000 21 545 4000 1988
5027 2 2 1000 21 547 4001 1990
5028 2 2 1000 21 546 4002 1989
5029 2 2 1000 21 548 4003 1991
5030 2 2 1000 21 1253 1988 4000
5031 2 2 1000 21 1255 1990 4001
5032 2 2 1000 21 1254 1989 4002
5033 2 2 1000 21 1256 1991 4003
5034 2 2 1000 21 224 3585 2133
5035 2 2 1000 21 165 3586 2134
5036 2 2 1000 21 47 2135 3589
5037 2 2 1000 21 106 2136 3590
5038 2 2 1000 21 1213 3009 2236
5039 2 2 1000 21 1214 3010 2237
5040 2 2 1000 21 1215 3011 2238
5041 2 2 1000 21 1216 3012 2239
5042 2 2 1000 21 861 2236 3009
5043 2 2 1000 21 862 2237 3010
5044 2 2 1000 21 863 2238 3011
5045 2 2 1000 21 864 2239 3012
5046 2 2 1000 21 223 2133 3961
5047 2 2 1000 21 164 2134 3962
5048 2 2 1000 21 46 3960 2135
5049 2 2 1000 21 105 3959 2136
5050 2 2 1000 21 753 3341 2137
5051 2 2 1000 21 754 3342 2138
5052 2 2 1000 21 755 3343 2139
5053 2 2 1000 21 756 3344 2140
5054 2 2 1000 21 1431 1864 3952
5055 2 2 1000 21 1432 1865 3953
5056 2 2 1000 21 1433 1866 3954
5057 2 2 1000 21 1492 2510 2938
5058 2 2 1000 21 1493 2511 2939
5059 2 2 1000 21 1494 2512 2940
5060 2 2 1000 21 1495 2513 2941
5061 2 2 1000 21 515 3377 1909
5062 2 2 1000 21 516 3378 1910
5063 2 2 1000 21 1083 3110 3313
5064 2 2 1000 21 1084 3111 3314
5065 2 2 1000 21 1085 3112 3315
5066 2 2 1000 21 1086 3113 3316
5067 2 2 1000 21 1315 2845 3750
5068 2 2 1000 21 1317 2847 3751
5069 2 2 1000 21 1316 2846 3752
5070 2 2 1000 21 1318 2848 3753
5071 2 2 1000 21 489 4225 1984
5072 2 2 1000 21 490 4226 1985
5073 2 2 1000 21 491 4227 1986
5074 2 2 1000 21 492 4228 1987
5075 2 2 1000 21 515 1951 2875
5076 2 2 1000 21 516 1952 2876
5077 2 2 1000 21 1996 4075 3193
5078 2 2 1000 21 1997 4076 3194
5079 2 2 1000 21 1998 3191 4077
5080 2 2 1000 21 1999 3192 4078
5081 2 2 1000 21 2000 4079 3197
5082 2 2 1000 21 2001 4080 3198
5083 2 2 1000 21 2002 3195 4081
5084 2 2 1000 21 2003 3196 4082
5085 2 2 1000 21 687 3914 2362
5086 2 2 1000 21 688 3915 2363
5087 2 2 1000 21 689 3916 2364
5088 2 2 1000 21 690 3917 2365
5089 2 2 1000 21 4075 757 3193
5090 2 2 1000 21 4076 758 3194
5091 2 2 1000 21 4077 3191 759
5092 2 2 1000 21 4078 3192 760
5093 2 2 1000 21 4079 761 3197
5094 2 2 1000 21 4080 762 3198
5095 2 2 1000 21 4081 3195 763
5096 2 2 1000 21 4082 3196 764
5097 2 2 1000 21 511 3396 1913
5098 2 2 1000 21 512 3397 1914
5099 2 2 1000 21 928 2065 3333
5100 2 2 1000 21 929 2066 3334
5101 2 2 1000 21 930 2067 3335
5102 2 2 1000 21 931 2068 3336
5103 2 2 1000 21 851 2423 2425
5104 2 2 1000 21 852 2424 2426
5105 2 2 1000 21 1289 2425 2423
5106 2 2 1000 21 1290 2426 2424
5107 2 2 1000 21 509 4230 1925
5108 2 2 1000 21 510 4231 1926
5109 2 2 1000 21 1825 2591 4022
5110 2 2 1000 21 1826 2592 4023
5111 2 2 1000 21 1827 2593 4020
5112 2 2 1000 21 1828 2594 4021
5113 2 2 1000 21 549 3782 1923
5114 2 2 1000 21 550 3783 1924
5115 2 2 1000 21 1255 4156 2012
5116 2 2 1000 21 849 2366 2442
5117 2 2 1000 21 850 2367 2443
5118 2 2 1000 21 475 2061 3102
5119 2 2 1000 21 476 2062 3103
5120 2 2 1000 21 473 3104 2063
5121 2 2 1000 21 474 3105 2064
5122 2 2 1000 21 1059 3102 2061
5123 2 2 1000 21 1060 3103 2062
5124 2 2 1000 21 1061 2063 3104
5125 2 2 1000 21 1062 2064 3105
5126 2 2 1000 21 425 3182 3688
5127 2 2 1000 21 426 3183 3689
5128 2 2 1000 21 1127 2318 3164
5129 2 2 1000 21 1128 2319 3165
5130 2 2 1000 21 1013 4204 1909
5131 2 2 1000 21 1014 4205 1910
5132 2 2 1000 21 1121 2612 2189
5133 2 2 1000 21 1122 2613 2190
5134 2 2 1000 21 1123 2614 2191
5135 2 2 1000 21 1124 2615 2192
5136 2 2 1000 21 1451 3736 2494
5137 2 2 1000 21 1452 3737 2495
5138 2 2 1000 21 1453 3738 2496
5139 2 2 1000 21 1454 3739 2497
5140 2 2 1000 21 291 292 4236
5141 2 2 1000 21 309 310 4237
5142 2 2 1000 21 273 274 4238
5143 2 2 1000 21 255 256 4239
5144 2 2 1000 21 569 3481 2310
5145 2 2 1000 21 570 3482 2311
5146 2 2 1000 21 573 2312 3485
5147 2 2 1000 21 571 3483 2313
5148 2 2 1000 21 574 2314 3486
5149 2 2 1000 21 572 3484 2315
5150 2 2 1000 21 575 2316 3487
5151 2 2 1000 21 576 2317 3488
5152 2 2 1000 21 1071 2983 1915
5153 2 2 1000 21 1072 2984 1916
5154 2 2 1000 21 1075 1917 2981
5155 2 2 1000 21 1076 1918 2982
5156 2 2 1000 21 1073 2979 1919
5157 2 2 1000 21 1074 2980 1920
5158 2 2 1000 21 1077 1921 2977
5159 2 2 1000 21 1078 1922 2978
5160 2 2 1000 21 1257 2310 3481
5161 2 2 1000 21 1258 2311 3482
5162 2 2 1000 21 1261 3485 2312
5163 2 2 1000 21 1259 2313 3483
5164 2 2 1000 21 1262 3486 2314
5165 2 2 1000 21 1260 2315 3484
5166 2 2 1000 21 1263 3487 2316
5167 2 2 1000 21 1264 3488 2317
5168 2 2 1000 21 1002 2998 1931
5169 2 2 1000 21 1003 2999 1932
5170 2 2 1000 21 1004 3000 1933
5171 2 2 1000 21 200 1915 2983
5172 2 2 1000 21 141 1916 2984
5173 2 2 1000 21 23 2981 1917
5174 2 2 1000 21 82 2982 1918
5175 2 2 1000 21 112 1920 2980
5176 2 2 1000 21 53 1919 2979
5177 2 2 1000 21 230 2977 1921
5178 2 2 1000 21 171 2978 1922
5179 2 2 1000 21 1528 3982 2659
5180 2 2 1000 21 1529 3983 2660
5181 2 2 1000 21 1029 2751 2606
5182 2 2 1000 21 1030 2752 2607
5183 2 2 1000 21 1027 2749 2604
5184 2 2 1000 21 1028 2750 2605
5185 2 2 1000 21 511 4214 1911
5186 2 2 1000 21 512 4215 1912
5187 2 2 1000 21 511 1913 4214
5188 2 2 1000 21 512 1914 4215
5189 2 2 1000 21 611 2706 3383
5190 2 2 1000 21 996 4214 1913
5191 2 2 1000 21 997 4215 1914
5192 2 2 1000 21 1596 4134 2928
5193 2 2 1000 21 1598 4135 2929
5194 2 2 1000 21 1131 3246 3879
5195 2 2 1000 21 1129 3244 3877
5196 2 2 1000 21 1132 3247 3880
5197 2 2 1000 21 1130 3245 3878
5198 2 2 1000 21 1209 3017 2569
5199 2 2 1000 21 1211 3018 2571
5200 2 2 1000 21 1210 3019 2570
5201 2 2 1000 21 1212 3020 2572
5202 2 2 1000 21 1426 4036 2377
5203 2 2 1000 21 1425 4037 2376
5204 2 2 1000 21 1424 2375 4038
5205 2 2 1000 21 1423 2374 4039
5206 2 2 1000 21 1422 4040 2373
5207 2 2 1000 21 1421 4041 2372
5208 2 2 1000 21 1420 2371 4042
5209 2 2 1000 21 1419 2370 4043
5210 2 2 1000 21 581 2569 3017
5211 2 2 1000 21 582 2571 3018
5212 2 2 1000 21 583 2570 3019
5213 2 2 1000 21 584 2572 3020
5214 2 2 1000 21 1051 3055 2073
5215 2 2 1000 21 1052 3056 2074
5216 2 2 1000 21 1053 3057 2075
5217 2 2 1000 21 1054 3058 2076
5218 2 2 1000 21 705 2073 3055
5219 2 2 1000 21 706 2074 3056
5220 2 2 1000 21 707 2075 3057
5221 2 2 1000 21 708 2076 3058
5222 2 2 1000 21 1125 2342 3162
5223 2 2 1000 21 1126 2343 3163
5224 2 2 1000 21 915 1943 4253
5225 2 2 1000 21 916 1944 4254
5226 2 2 1000 21 917 1945 4255
5227 2 2 1000 21 918 1946 4256
5228 2 2 1000 21 1604 2200 3269
5229 2 2 1000 21 1603 3268 2199
5230 2 2 1000 21 232 4067 3770
5231 2 2 1000 21 173 4068 3771
5232 2 2 1000 21 55 3772 4069
5233 2 2 1000 21 114 3773 4070
5234 2 2 1000 21 21 4071 3774
5235 2 2 1000 21 80 4072 3775
5236 2 2 1000 21 198 3776 4073
5237 2 2 1000 21 139 3777 4074
5238 2 2 1000 21 978 1925 4230
5239 2 2 1000 21 979 1926 4231
5240 2 2 1000 21 541 3106 2490
5241 2 2 1000 21 542 3107 2491
5242 2 2 1000 21 543 3108 2492
5243 2 2 1000 21 544 3109 2493
5244 2 2 1000 21 461 1927 3021
5245 2 2 1000 21 462 1928 3022
5246 2 2 1000 21 463 1929 3023
5247 2 2 1000 21 464 1930 3024
5248 2 2 1000 21 597 3138 2171
5249 2 2 1000 21 598 3139 2172
5250 2 2 1000 21 599 3140 2173
5251 2 2 1000 21 600 3141 2174
5252 2 2 1000 21 515 1909 4204
5253 2 2 1000 21 516 1910 4205
5254 2 2 1000 21 1138 1887 3238
5255 2 2 1000 21 1140 1888 3239
5256 2 2 1000 21 739 1917 4184
5257 2 2 1000 21 740 1918 4185
5258 2 2 1000 21 743 1921 4186
5259 2 2 1000 21 744 1922 4187
5260 2 2 1000 21 964 3106 2393
5261 2 2 1000 21 965 3107 2394
5262 2 2 1000 21 966 3108 2395
5263 2 2 1000 21 967 3109 2396
5264 2 2 1000 21 103 2545 104
5265 2 2 1000 21 44 2546 45
5266 2 2 1000 21 221 222 2547
5267 2 2 1000 21 162 163 2548
5268 2 2 1000 21 535 3011 4093
5269 2 2 1000 21 536 3012 4094
5270 2 2 1000 21 533 3009 4091
5271 2 2 1000 21 534 3010 4092
5272 2 2 1000 21 1055 3355 3398
5273 2 2 1000 21 1056 3356 3399
5274 2 2 1000 21 1057 3357 3400
5275 2 2 1000 21 1058 3358 3401
5276 2 2 1000 21 919 1934 4250
5277 2 2 1000 21 960 3926 2450
5278 2 2 1000 21 961 3927 2451
5279 2 2 1000 21 962 3928 2452
5280 2 2 1000 21 963 3929 2453
5281 2 2 1000 21 1315 2626 2845
5282 2 2 1000 21 1317 2628 2847
5283 2 2 1000 21 1316 2627 2846
5284 2 2 1000 21 1318 2629 2848
5285 2 2 1000 21 1973 4265 3055
5286 2 2 1000 21 1974 4266 3056
5287 2 2 1000 21 1975 4267 3057
5288 2 2 1000 21 1976 4268 3058
5289 2 2 1000 21 4265 705 3055
5290 2 2 1000 21 4266 706 3056
5291 2 2 1000 21 4267 707 3057
5292 2 2 1000 21 4268 708 3058
5293 2 2 1000 21 457 2077 3899
5294 2 2 1000 21 458 2078 3900
5295 2 2 1000 21 459 2079 3901
5296 2 2 1000 21 460 2080 3902
5297 2 2 1000 21 1127 3075 2318
5298 2 2 1000 21 1128 3076 2319
5299 2 2 1000 21 531 3371 1867
5300 2 2 1000 21 532 3372 1868
5301 2 2 1000 21 427 2318 3075
5302 2 2 1000 21 428 2319 3076
5303 2 2 1000 21 737 3388 1915
5304 2 2 1000 21 738 3389 1916
5305 2 2 1000 21 741 3390 1919
5306 2 2 1000 21 742 3391 1920
5307 2 2 1000 21 1071 1915 3388
5308 2 2 1000 21 1072 1916 3389
5309 2 2 1000 21 1073 1919 3390
5310 2 2 1000 21 1074 1920 3391
5311 2 2 1000 21 1027 2549 2749
5312 2 2 1000 21 1029 2551 2751
5313 2 2 1000 21 1028 2550 2750
5314 2 2 1000 21 1030 2552 2752
5315 2 2 1000 21 1702 3214 3392
5316 2 2 1000 21 1703 3216 3394
5317 2 2 1000 21 1700 3215 3393
5318 2 2 1000 21 1701 3217 3395
5319 2 2 1000 21 537 2125 2946
5320 2 2 1000 21 539 2126 2948
5321 2 2 1000 21 538 2127 2947
5322 2 2 1000 21 540 2128 2949
5323 2 2 1000 21 1043 2946 2125
5324 2 2 1000 21 1045 2948 2126
5325 2 2 1000 21 1044 2947 2127
5326 2 2 1000 21 1046 2949 2128
5327 2 2 1000 21 637 3392 3214
5328 2 2 1000 21 639 3394 3216
5329 2 2 1000 21 638 3393 3215
5330 2 2 1000 21 640 3395 3217
5331 2 2 1000 21 549 2107 2911
5332 2 2 1000 21 550 2108 2912
5333 2 2 1000 21 873 1883 3426
5334 2 2 1000 21 875 1884 3428
5335 2 2 1000 21 879 3427 1885
5336 2 2 1000 21 877 1886 3429
5337 2 2 1000 21 1287 4128 2356
5338 2 2 1000 21 1288 4129 2357
5339 2 2 1000 21 952 2037 3600
5340 2 2 1000 21 953 2038 3601
5341 2 2 1000 21 954 2039 3598
5342 2 2 1000 21 955 2040 3599
5343 2 2 1000 21 952 3798 2037
5344 2 2 1000 21 953 3799 2038
5345 2 2 1000 21 954 3800 2039
5346 2 2 1000 21 955 3801 2040
5347 2 2 1000 21 369 3760 2049
5348 2 2 1000 21 370 3761 2050
5349 2 2 1000 21 373 3762 2051
5350 2 2 1000 21 374 3763 2052
5351 2 2 1000 21 1670 2081 4073
5352 2 2 1000 21 1671 2082 4074
5353 2 2 1000 21 1672 4071 2085
5354 2 2 1000 21 1674 4072 2086
5355 2 2 1000 21 1673 2083 4069
5356 2 2 1000 21 1675 2084 4070
5357 2 2 1000 21 1676 4067 2087
5358 2 2 1000 21 1677 4068 2088
5359 2 2 1000 21 515 4204 1951
5360 2 2 1000 21 516 4205 1952
5361 2 2 1000 21 1003 2635 3383
5362 2 2 1000 21 2393 2883 3814
5363 2 2 1000 21 2394 2884 3815
5364 2 2 1000 21 2395 2885 3816
5365 2 2 1000 21 2396 2886 3817
5366 2 2 1000 21 1060 3063 1947
5367 2 2 1000 21 1059 3064 1948
5368 2 2 1000 21 1061 1949 3065
5369 2 2 1000 21 1062 1950 3066
5370 2 2 1000 21 594 1934 3093
5371 2 2 1000 21 1580 2386 4012
5372 2 2 1000 21 1581 2387 4013
5373 2 2 1000 21 1582 2388 4014
5374 2 2 1000 21 1583 2389 4015
5375 2 2 1000 21 1031 4216 3077
5376 2 2 1000 21 1032 4217 3078
5377 2 2 1000 21 1033 4218 3079
5378 2 2 1000 21 1034 4219 3080
5379 2 2 1000 21 1003 3383 2648
5380 2 2 1000 21 992 2409 2879
5381 2 2 1000 21 993 2410 2880
5382 2 2 1000 21 994 2877 2408
5383 2 2 1000 21 995 2878 2407
5384 2 2 1000 21 825 2013 4025
5385 2 2 1000 21 826 2014 4024
5386 2 2 1000 21 827 2015 4027
5387 2 2 1000 21 828 2016 4026
5388 2 2 1000 21 1572 2879 2409
5389 2 2 1000 21 1573 2880 2410
5390 2 2 1000 21 1574 2408 2877
5391 2 2 1000 21 1575 2407 2878
5392 2 2 1000 21 441 1895 3822
5393 2 2 1000 21 442 1897 3824
5394 2 2 1000 21 443 1896 3823
5395 2 2 1000 21 444 1898 3825
5396 2 2 1000 21 980 2711 2125
5397 2 2 1000 21 981 2712 2127
5398 2 2 1000 21 982 2713 2126
5399 2 2 1000 21 983 2714 2128
5400 2 2 1000 21 849 1953 3068
5401 2 2 1000 21 850 1954 3067
5402 2 2 1000 21 851 1955 3070
5403 2 2 1000 21 852 1956 3069
5404 2 2 1000 21 401 4182 3452
5405 2 2 1000 21 402 4183 3453
5406 2 2 1000 21 565 2013 2934
5407 2 2 1000 21 566 2014 2935
5408 2 2 1000 21 567 2015 2936
5409 2 2 1000 21 568 2016 2937
5410 2 2 1000 21 701 2107 2992
5411 2 2 1000 21 702 2108 2993
5412 2 2 1000 21 956 3716 2077
5413 2 2 1000 21 957 3717 2078
5414 2 2 1000 21 958 3718 2079
5415 2 2 1000 21 959 3719 2080
5416 2 2 1000 21 956 2077 3784
5417 2 2 1000 21 957 2078 3785
5418 2 2 1000 21 958 2079 3786
5419 2 2 1000 21 959 2080 3787
5420 2 2 1000 21 290 2474 4058
5421 2 2 1000 21 308 2475 4060
5422 2 2 1000 21 272 2476 4059
5423 2 2 1000 21 254 2477 4061
5424 2 2 1000 21 1230 4005 1974
5425 2 2 1000 21 1229 4004 1973
5426 2 2 1000 21 1232 4007 1976
5427 2 2 1000 21 1231 4006 1975
5428 2 2 1000 21 1488 4058 2474
5429 2 2 1000 21 1490 4060 2475
5430 2 2 1000 21 1489 4059 2476
5431 2 2 1000 21 1491 4061 2477
5432 2 2 1000 21 358 1974 4005
5433 2 2 1000 21 357 1973 4004
5434 2 2 1000 21 360 1976 4007
5435 2 2 1000 21 359 1975 4006
5436 2 2 1000 21 1658 3398 3355
5437 2 2 1000 21 1659 3399 3356
5438 2 2 1000 21 1660 3400 3357
5439 2 2 1000 21 1661 3401 3358
5440 2 2 1000 21 1622 2205 3120
5441 2 2 1000 21 1623 2206 3122
5442 2 2 1000 21 1624 2207 3121
5443 2 2 1000 21 1625 2208 3123
5444 2 2 1000 21 1127 1955 3075
5445 2 2 1000 21 1128 1956 3076
5446 2 2 1000 21 1173 4049 1923
5447 2 2 1000 21 1174 4048 1924
5448 2 2 1000 21 145 146 3213
5449 2 2 1000 21 204 205 3212
5450 2 2 1000 21 27 3208 28
5451 2 2 1000 21 86 3209 87
5452 2 2 1000 21 107 3211 108
5453 2 2 1000 21 48 3210 49
5454 2 2 1000 21 225 226 3206
5455 2 2 1000 21 166 167 3207
5456 2 2 1000 21 853 2025 2887
5457 2 2 1000 21 854 2026 2888
5458 2 2 1000 21 855 2027 2889
5459 2 2 1000 21 856 2028 2890
5460 2 2 1000 21 429 2653 2907
5461 2 2 1000 21 431 2654 2908
5462 2 2 1000 21 430 2655 2909
5463 2 2 1000 21 432 2656 2910
5464 2 2 1000 21 641 3525 3529
5465 2 2 1000 21 642 3526 3530
5466 2 2 1000 21 643 3527 3531
5467 2 2 1000 21 644 3528 3532
5468 2 2 1000 21 1237 1899 3806
5469 2 2 1000 21 1238 1900 3808
5470 2 2 1000 21 1235 3807 1901
5471 2 2 1000 21 1236 3809 1902
5472 2 2 1000 21 371 2103 3790
5473 2 2 1000 21 372 2104 3791
5474 2 2 1000 21 375 2105 3792
5475 2 2 1000 21 376 2106 3793
5476 2 2 1000 21 435 2643 4220
5477 2 2 1000 21 1620 3918 3944
5478 2 2 1000 21 1621 3919 3945
5479 2 2 1000 21 920 3802 2141
5480 2 2 1000 21 921 3804 2142
5481 2 2 1000 21 922 3803 2143
5482 2 2 1000 21 923 3805 2144
5483 2 2 1000 21 655 2102 4229
5484 2 2 1000 21 1709 3593 3254
5485 2 2 1000 21 974 2963 4117
5486 2 2 1000 21 975 2964 4118
5487 2 2 1000 21 976 2965 4119
5488 2 2 1000 21 977 2966 4120
5489 2 2 1000 21 335 2012 4156
5490 2 2 1000 21 1708 3033 3711
5491 2 2 1000 21 1157 3711 3033
5492 2 2 1000 21 1204 3613 3477
5493 2 2 1000 21 1203 3612 3478
5494 2 2 1000 21 1201 3479 3611
5495 2 2 1000 21 1202 3480 3610
5496 2 2 1000 21 1015 3594 2661
5497 2 2 1000 21 1016 3595 2662
5498 2 2 1000 21 1017 3596 2663
5499 2 2 1000 21 1018 3597 2664
5500 2 2 1000 21 461 2679 2454
5501 2 2 1000 21 462 2680 2455
5502 2 2 1000 21 463 2681 2456
5503 2 2 1000 21 464 2682 2457
5504 2 2 1000 21 960 2242 3529
5505 2 2 1000 21 961 2243 3530
5506 2 2 1000 21 962 2244 3531
5507 2 2 1000 21 963 2245 3532
5508 2 2 1000 21 1099 2787 3782
5509 2 2 1000 21 1100 2788 3783
5510 2 2 1000 21 405 3802 1903
5511 2 2 1000 21 406 3804 1904
5512 2 2 1000 21 407 3803 1905
5513 2 2 1000 21 408 3805 1906
5514 2 2 1000 21 853 4113 3098
5515 2 2 1000 21 854 4114 3099
5516 2 2 1000 21 855 4115 3100
5517 2 2 1000 21 856 4116 3101
5518 2 2 1000 21 234 235 2833
5519 2 2 1000 21 175 176 2834
5520 2 2 1000 21 57 2831 58
5521 2 2 1000 21 116 2832 117
5522 2 2 1000 21 18 2829 19
5523 2 2 1000 21 77 2830 78
5524 2 2 1000 21 195 196 2827
5525 2 2 1000 21 136 137 2828
5526 2 2 1000 21 1311 2725 2181
5527 2 2 1000 21 1312 2727 2182
5528 2 2 1000 21 1313 2726 2183
5529 2 2 1000 21 1314 2728 2184
5530 2 2 1000 21 554 2766 2338
5531 2 2 1000 21 553 2765 2337
5532 2 2 1000 21 607 4146 2634
5533 2 2 1000 21 612 4147 2636
5534 2 2 1000 21 1459 2337 2765
5535 2 2 1000 21 1460 2338 2766
5536 2 2 1000 21 719 3734 1909
5537 2 2 1000 21 720 3735 1910
5538 2 2 1000 21 1573 2262 2814
5539 2 2 1000 21 1572 2263 2813
5540 2 2 1000 21 1574 2811 2264
5541 2 2 1000 21 1575 2812 2265
5542 2 2 1000 21 601 3810 2530
5543 2 2 1000 21 602 3811 2531
5544 2 2 1000 21 603 3812 2532
5545 2 2 1000 21 604 3813 2533
5546 2 2 1000 21 565 1961 4130
5547 2 2 1000 21 566 1962 4131
5548 2 2 1000 21 567 1963 4132
5549 2 2 1000 21 568 1964 4133
5550 2 2 1000 21 960 2789 3926
5551 2 2 1000 21 961 2790 3927
5552 2 2 1000 21 962 2791 3928
5553 2 2 1000 21 963 2792 3929
5554 2 2 1000 21 1341 2518 3622
5555 2 2 1000 21 1342 2519 3623
5556 2 2 1000 21 1343 2520 3624
5557 2 2 1000 21 1344 2521 3625
5558 2 2 1000 21 683 3877 1988
5559 2 2 1000 21 684 3878 1989
5560 2 2 1000 21 685 3879 1990
5561 2 2 1000 21 686 3880 1991
5562 2 2 1000 21 541 1965 4158
5563 2 2 1000 21 542 1966 4159
5564 2 2 1000 21 543 1967 4160
5565 2 2 1000 21 544 1968 4161
5566 2 2 1000 21 1075 4184 1917
5567 2 2 1000 21 1076 4185 1918
5568 2 2 1000 21 1077 4186 1921
5569 2 2 1000 21 1078 4187 1922
5570 2 2 1000 21 1243 4158 1965
5571 2 2 1000 21 1244 4159 1966
5572 2 2 1000 21 1245 4160 1967
5573 2 2 1000 21 1246 4161 1968
5574 2 2 1000 21 798 2378 3992
5575 2 2 1000 21 799 2379 3993
5576 2 2 1000 21 800 2380 3994
5577 2 2 1000 21 801 2381 3995
5578 2 2 1000 21 715 3746 1913
5579 2 2 1000 21 716 3747 1914
5580 2 2 1000 21 1165 3274 2310
5581 2 2 1000 21 1166 3275 2311
5582 2 2 1000 21 1167 3276 2313
5583 2 2 1000 21 1168 3277 2315
5584 2 2 1000 21 569 2310 3274
5585 2 2 1000 21 570 2311 3275
5586 2 2 1000 21 571 2313 3276
5587 2 2 1000 21 572 2315 3277
5588 2 2 1000 21 1279 3112 2795
5589 2 2 1000 21 1277 3110 2793
5590 2 2 1000 21 1280 3113 2796
5591 2 2 1000 21 1278 3111 2794
5592 2 2 1000 21 1117 3254 3593
5593 2 2 1000 21 1211 3386 2737
5594 2 2 1000 21 1209 3384 2738
5595 2 2 1000 21 1212 3387 2739
5596 2 2 1000 21 1210 3385 2740
5597 2 2 1000 21 150 151 4213
5598 2 2 1000 21 209 210 4212
5599 2 2 1000 21 32 4211 33
5600 2 2 1000 21 91 4210 92
5601 2 2 1000 21 819 3287 1943
5602 2 2 1000 21 820 3288 1944
5603 2 2 1000 21 821 3289 1945
5604 2 2 1000 21 822 3290 1946
5605 2 2 1000 21 1323 2454 2959
5606 2 2 1000 21 1324 2455 2960
5607 2 2 1000 21 1325 2456 2961
5608 2 2 1000 21 1326 2457 2962
5609 2 2 1000 21 713 1925 3754
5610 2 2 1000 21 714 1926 3755
5611 2 2 1000 21 2200 4245 3269
5612 2 2 1000 21 2199 3268 4244
5613 2 2 1000 21 978 2145 3114
5614 2 2 1000 21 979 2146 3115
5615 2 2 1000 21 437 3458 1931
5616 2 2 1000 21 439 3459 1932
5617 2 2 1000 21 440 3460 1933
5618 2 2 1000 21 1169 3461 2312
5619 2 2 1000 21 1170 3462 2314
5620 2 2 1000 21 1171 3463 2316
5621 2 2 1000 21 1172 3464 2317
5622 2 2 1000 21 497 1969 3222
5623 2 2 1000 21 498 1970 3223
5624 2 2 1000 21 499 1971 3224
5625 2 2 1000 21 500 1972 3225
5626 2 2 1000 21 998 1961 4099
5627 2 2 1000 21 999 1962 4100
5628 2 2 1000 21 1000 1963 4101
5629 2 2 1000 21 1001 1964 4102
5630 2 2 1000 21 1207 2598 2528
5631 2 2 1000 21 1208 2599 2529
5632 2 2 1000 21 1205 3658 3851
5633 2 2 1000 21 1206 3659 3852
5634 2 2 1000 21 635 2528 2598
5635 2 2 1000 21 636 2529 2599
5636 2 2 1000 21 1470 2970 4024
5637 2 2 1000 21 1469 2969 4025
5638 2 2 1000 21 1471 2971 4027
5639 2 2 1000 21 1472 2972 4026
5640 2 2 1000 21 1118 3261 3675
5641 2 2 1000 21 1119 3262 3676
5642 2 2 1000 21 1120 3263 3677
5643 2 2 1000 21 1783 3675 3261
5644 2 2 1000 21 1784 3676 3262
5645 2 2 1000 21 1785 3677 3263
5646 2 2 1000 21 337 2895 3571
5647 2 2 1000 21 338 2896 3572
5648 2 2 1000 21 341 2897 3573
5649 2 2 1000 21 342 2898 3574
5650 2 2 1000 21 1564 3571 2895
5651 2 2 1000 21 1565 3572 2896
5652 2 2 1000 21 1566 3573 2897
5653 2 2 1000 21 1567 3574 2898
5654 2 2 1000 21 473 2004 3104
5655 2 2 1000 21 474 2005 3105
5656 2 2 1000 21 475 3102 2006
5657 2 2 1000 21 476 3103 2007
5658 2 2 1000 21 1083 2793 3110
5659 2 2 1000 21 1085 2795 3112
5660 2 2 1000 21 1084 2794 3111
5661 2 2 1000 21 1086 2796 3113
5662 2 2 1000 21 1375 3436 3881
5663 2 2 1000 21 1376 3437 3882
5664 2 2 1000 21 1377 3438 3883
5665 2 2 1000 21 1378 3439 3884
5666 2 2 1000 21 333 2217 4154
5667 2 2 1000 21 334 2218 4155
5668 2 2 1000 21 336 2219 4157
5669 2 2 1000 21 1225 2946 2783
5670 2 2 1000 21 1226 2947 2784
5671 2 2 1000 21 1227 2948 2785
5672 2 2 1000 21 1228 2949 2786
5673 2 2 1000 21 1043 2783 2946
5674 2 2 1000 21 1044 2784 2947
5675 2 2 1000 21 1045 2785 2948
5676 2 2 1000 21 1046 2786 2949
5677 2 2 1000 21 561 2573 3413
5678 2 2 1000 21 562 2574 3412
5679 2 2 1000 21 563 2575 3415
5680 2 2 1000 21 564 2576 3414
5681 2 2 1000 21 561 1953 3766
5682 2 2 1000 21 562 1954 3767
5683 2 2 1000 21 563 1955 3768
5684 2 2 1000 21 564 1956 3769
5685 2 2 1000 21 231 232 3770
5686 2 2 1000 21 172 173 3771
5687 2 2 1000 21 54 3772 55
5688 2 2 1000 21 113 3773 114
5689 2 2 1000 21 21 3774 22
5690 2 2 1000 21 80 3775 81
5691 2 2 1000 21 198 199 3776
5692 2 2 1000 21 139 140 3777
5693 2 2 1000 21 1125 3766 1953
5694 2 2 1000 21 1126 3767 1954
5695 2 2 1000 21 1127 3768 1955
5696 2 2 1000 21 1128 3769 1956
5697 2 2 1000 21 517 2711 2462
5698 2 2 1000 21 518 2712 2463
5699 2 2 1000 21 519 2713 2464
5700 2 2 1000 21 520 2714 2465
5701 2 2 1000 21 1179 2048 3869
5702 2 2 1000 21 1180 2047 3870
5703 2 2 1000 21 1181 3871 2045
5704 2 2 1000 21 1182 3872 2046
5705 2 2 1000 21 1060 1947 3534
5706 2 2 1000 21 1059 1948 3535
5707 2 2 1000 21 1061 3536 1949
5708 2 2 1000 21 1062 3537 1950
5709 2 2 1000 21 1315 3422 2618
5710 2 2 1000 21 1317 3424 2619
5711 2 2 1000 21 1316 3423 2620
5712 2 2 1000 21 1318 3425 2621
5713 2 2 1000 21 671 2618 3422
5714 2 2 1000 21 672 2619 3424
5715 2 2 1000 21 673 2620 3423
5716 2 2 1000 21 674 2621 3425
5717 2 2 1000 21 1269 3720 2442
5718 2 2 1000 21 1270 3721 2443
5719 2 2 1000 21 911 3089 2637
5720 2 2 1000 21 913 3090 2639
5721 2 2 1000 21 912 3091 2638
5722 2 2 1000 21 914 3092 2640
5723 2 2 1000 21 968 3736 2242
5724 2 2 1000 21 969 3737 2243
5725 2 2 1000 21 970 3738 2244
5726 2 2 1000 21 971 3739 2245
5727 2 2 1000 21 907 3341 1969
5728 2 2 1000 21 908 3342 1970
5729 2 2 1000 21 909 3343 1971
5730 2 2 1000 21 910 3344 1972
5731 2 2 1000 21 747 3535 1948
5732 2 2 1000 21 748 3534 1947
5733 2 2 1000 21 745 1949 3536
5734 2 2 1000 21 746 1950 3537
5735 2 2 1000 21 1420 2478 3365
5736 2 2 1000 21 1419 2479 3364
5737 2 2 1000 21 1424 2482 3368
5738 2 2 1000 21 1422 3367 2480
5739 2 2 1000 21 1421 3366 2481
5740 2 2 1000 21 1426 3370 2484
5741 2 2 1000 21 1425 3369 2485
5742 2 2 1000 21 1277 2793 2246
5743 2 2 1000 21 1278 2794 2247
5744 2 2 1000 21 1279 2795 2248
5745 2 2 1000 21 1280 2796 2249
5746 2 2 1000 21 1616 2887 2193
5747 2 2 1000 21 1617 2888 2194
5748 2 2 1000 21 1618 2889 2195
5749 2 2 1000 21 1619 2890 2196
5750 2 2 1000 21 974 2454 2679
5751 2 2 1000 21 975 2455 2680
5752 2 2 1000 21 976 2456 2681
5753 2 2 1000 21 977 2457 2682
5754 2 2 1000 21 188 189 3134
5755 2 2 1000 21 129 130 3135
5756 2 2 1000 21 11 3130 12
5757 2 2 1000 21 70 3131 71
5758 2 2 1000 21 64 3136 65
5759 2 2 1000 21 123 3137 124
5760 2 2 1000 21 241 242 3132
5761 2 2 1000 21 182 183 3133
5762 2 2 1000 21 1730 3978 3946
5763 2 2 1000 21 1731 3979 3947
5764 2 2 1000 21 1732 3980 3948
5765 2 2 1000 21 1733 3981 3949
5766 2 2 1000 21 475 2990 2061
5767 2 2 1000 21 476 2991 2062
5768 2 2 1000 21 473 2063 2988
5769 2 2 1000 21 474 2064 2989
5770 2 2 1000 21 393 2121 3604
5771 2 2 1000 21 394 2122 3605
5772 2 2 1000 21 395 2123 3606
5773 2 2 1000 21 396 2124 3607
5774 2 2 1000 21 996 3156 2175
5775 2 2 1000 21 997 3157 2176
5776 2 2 1000 21 318 3846 1957
5777 2 2 1000 21 319 3847 1958
5778 2 2 1000 21 317 3848 1959
5779 2 2 1000 21 320 3849 1960
5780 2 2 1000 21 1249 2171 3059
5781 2 2 1000 21 1250 2172 3060
5782 2 2 1000 21 1251 2173 3061
5783 2 2 1000 21 1252 2174 3062
5784 2 2 1000 21 1079 3712 1957
5785 2 2 1000 21 1080 3713 1958
5786 2 2 1000 21 1081 3714 1959
5787 2 2 1000 21 1082 3715 1960
5788 2 2 1000 21 1422 3969 3367
5789 2 2 1000 21 1420 3365 3968
5790 2 2 1000 21 1129 1992 3244
5791 2 2 1000 21 1130 1993 3245
5792 2 2 1000 21 1131 1994 3246
5793 2 2 1000 21 1132 1995 3247
5794 2 2 1000 21 477 2069 3005
5795 2 2 1000 21 478 2070 3006
5796 2 2 1000 21 479 3007 2071
5797 2 2 1000 21 480 3008 2072
5798 2 2 1000 21 1233 1977 4140
5799 2 2 1000 21 1234 1978 4141
5800 2 2 1000 21 1380 2548 3962
5801 2 2 1000 21 1379 2547 3961
5802 2 2 1000 21 1381 3960 2546
5803 2 2 1000 21 1382 3959 2545
5804 2 2 1000 21 765 1957 3712
5805 2 2 1000 21 766 1958 3713
5806 2 2 1000 21 767 1959 3714
5807 2 2 1000 21 768 1960 3715
5808 2 2 1000 21 1320 3752 3093
5809 2 2 1000 21 705 2246 2793
5810 2 2 1000 21 706 2247 2794
5811 2 2 1000 21 707 2248 2795
5812 2 2 1000 21 708 2249 2796
5813 2 2 1000 21 521 2201 3684
5814 2 2 1000 21 522 2202 3685
5815 2 2 1000 21 523 2203 3686
5816 2 2 1000 21 524 2204 3687
5817 2 2 1000 21 1455 1992 4171
5818 2 2 1000 21 1456 1993 4172
5819 2 2 1000 21 1457 1994 4173
5820 2 2 1000 21 1458 1995 4174
5821 2 2 1000 21 998 3865 2129
5822 2 2 1000 21 999 3866 2130
5823 2 2 1000 21 1000 3867 2131
5824 2 2 1000 21 1001 3868 2132
5825 2 2 1000 21 363 2413 2757
5826 2 2 1000 21 364 2414 2758
5827 2 2 1000 21 361 2759 2415
5828 2 2 1000 21 362 2760 2416
5829 2 2 1000 21 857 2041 3940
5830 2 2 1000 21 858 2042 3941
5831 2 2 1000 21 859 2043 3942
5832 2 2 1000 21 860 2044 3943
5833 2 2 1000 21 477 3042 2069
5834 2 2 1000 21 478 3043 2070
5835 2 2 1000 21 479 2071 3040
5836 2 2 1000 21 480 2072 3041
5837 2 2 1000 21 974 2679 2530
5838 2 2 1000 21 975 2680 2531
5839 2 2 1000 21 976 2681 2532
5840 2 2 1000 21 977 2682 2533
5841 2 2 1000 21 1461 2757 2413
5842 2 2 1000 21 1462 2758 2414
5843 2 2 1000 21 1463 2415 2759
5844 2 2 1000 21 1464 2416 2760
5845 2 2 1000 21 619 2665 3908
5846 2 2 1000 21 620 2666 3909
5847 2 2 1000 21 617 2667 3906
5848 2 2 1000 21 618 2668 3907
5849 2 2 1000 21 1190 3402 2293
5850 2 2 1000 21 1189 3403 2294
5851 2 2 1000 21 1188 2295 3404
5852 2 2 1000 21 1187 2296 3405
5853 2 2 1000 21 1570 3908 2665
5854 2 2 1000 21 1571 3909 2666
5855 2 2 1000 21 1568 3906 2667
5856 2 2 1000 21 1569 3907 2668
5857 2 2 1000 21 158 2293 3402
5858 2 2 1000 21 217 2294 3403
5859 2 2 1000 21 40 3404 2295
5860 2 2 1000 21 99 3405 2296
5861 2 2 1000 21 992 3406 2294
5862 2 2 1000 21 993 3407 2293
5863 2 2 1000 21 994 2295 3408
5864 2 2 1000 21 995 2296 3409
5865 2 2 1000 21 233 3564 2087
5866 2 2 1000 21 174 3565 2088
5867 2 2 1000 21 56 2083 3562
5868 2 2 1000 21 115 2084 3563
5869 2 2 1000 21 20 3560 2085
5870 2 2 1000 21 79 3561 2086
5871 2 2 1000 21 197 2081 3558
5872 2 2 1000 21 138 2082 3559
5873 2 2 1000 21 1189 2294 3406
5874 2 2 1000 21 1190 2293 3407
5875 2 2 1000 21 1188 3408 2295
5876 2 2 1000 21 1187 3409 2296
5877 2 2 1000 21 1195 2421 2881
5878 2 2 1000 21 1196 2422 2882
5879 2 2 1000 21 1276 2858 2860
5880 2 2 1000 21 1275 2856 2859
5881 2 2 1000 21 1285 2992 2107
5882 2 2 1000 21 1286 2993 2108
5883 2 2 1000 21 377 2955 2147
5884 2 2 1000 21 378 2956 2148
5885 2 2 1000 21 379 2957 2149
5886 2 2 1000 21 380 2958 2150
5887 2 2 1000 21 987 2860 2858
5888 2 2 1000 21 986 2859 2856
5889 2 2 1000 21 1365 3992 2378
5890 2 2 1000 21 1366 3993 2379
5891 2 2 1000 21 1367 3994 2380
5892 2 2 1000 21 1368 3995 2381
5893 2 2 1000 21 861 3009 2113
5894 2 2 1000 21 862 3010 2114
5895 2 2 1000 21 863 3011 2115
5896 2 2 1000 21 864 3012 2116
5897 2 2 1000 21 1019 2813 2263
5898 2 2 1000 21 1020 2814 2262
5899 2 2 1000 21 1021 2264 2811
5900 2 2 1000 21 1022 2265 2812
5901 2 2 1000 21 296 3626 2236
5902 2 2 1000 21 314 3627 2237
5903 2 2 1000 21 260 3629 2239
5904 2 2 1000 21 278 3628 2238
5905 2 2 1000 21 479 4164 2163
5906 2 2 1000 21 480 4165 2164
5907 2 2 1000 21 477 2165 4162
5908 2 2 1000 21 478 2166 4163
5909 2 2 1000 21 1213 2236 3626
5910 2 2 1000 21 1214 2237 3627
5911 2 2 1000 21 1215 2238 3628
5912 2 2 1000 21 1216 2239 3629
5913 2 2 1000 21 397 4134 3049
5914 2 2 1000 21 400 4135 3050
5915 2 2 1000 21 952 4032 3798
5916 2 2 1000 21 953 4033 3799
5917 2 2 1000 21 954 4034 3800
5918 2 2 1000 21 955 4035 3801
5919 2 2 1000 21 869 2938 2510
5920 2 2 1000 21 870 2939 2511
5921 2 2 1000 21 871 2940 2512
5922 2 2 1000 21 872 2941 2513
5923 2 2 1000 21 1075 1984 4225
5924 2 2 1000 21 1076 1985 4226
5925 2 2 1000 21 1077 1986 4227
5926 2 2 1000 21 1078 1987 4228
5927 2 2 1000 21 465 2041 3098
5928 2 2 1000 21 466 2042 3099
5929 2 2 1000 21 467 2043 3100
5930 2 2 1000 21 468 2044 3101
5931 2 2 1000 21 1013 3240 2197
5932 2 2 1000 21 1014 3241 2198
5933 2 2 1000 21 1015 3126 2224
5934 2 2 1000 21 1016 3127 2225
5935 2 2 1000 21 1017 3128 2226
5936 2 2 1000 21 1018 3129 2227
5937 2 2 1000 21 1443 1996 4105
5938 2 2 1000 21 1444 1997 4106
5939 2 2 1000 21 1439 4103 1998
5940 2 2 1000 21 1440 4104 1999
5941 2 2 1000 21 1445 2000 4109
5942 2 2 1000 21 1446 2001 4110
5943 2 2 1000 21 1441 4107 2002
5944 2 2 1000 21 1442 4108 2003
5945 2 2 1000 21 293 2097 3264
5946 2 2 1000 21 311 2098 3265
5947 2 2 1000 21 275 2099 3266
5948 2 2 1000 21 257 2100 3267
5949 2 2 1000 21 1141 3264 2097
5950 2 2 1000 21 1142 3265 2098
5951 2 2 1000 21 1143 3266 2099
5952 2 2 1000 21 1144 3267 2100
5953 2 2 1000 21 830 3850 1979
5954 2 2 1000 21 90 3066 91
5955 2 2 1000 21 31 3065 32
5956 2 2 1000 21 208 209 3064
5957 2 2 1000 21 149 150 3063
5958 2 2 1000 21 353 2942 4063
5959 2 2 1000 21 354 2943 4064
5960 2 2 1000 21 355 2944 4065
5961 2 2 1000 21 356 2945 4066
5962 2 2 1000 21 1365 3972 3992
5963 2 2 1000 21 1366 3973 3993
5964 2 2 1000 21 1367 3974 3994
5965 2 2 1000 21 1368 3975 3995
5966 2 2 1000 21 1722 4063 2942
5967 2 2 1000 21 1723 4064 2943
5968 2 2 1000 21 1724 4065 2944
5969 2 2 1000 21 1725 4066 2945
5970 2 2 1000 21 597 2171 3978
5971 2 2 1000 21 598 2172 3979
5972 2 2 1000 21 599 2173 3980
5973 2 2 1000 21 600 2174 3981
5974 2 2 1000 21 1249 3978 2171
5975 2 2 1000 21 1250 3979 2172
5976 2 2 1000 21 1251 3980 2173
5977 2 2 1000 21 1252 3981 2174
5978 2 2 1000 21 357 3614 2366
5979 2 2 1000 21 358 3615 2367
5980 2 2 1000 21 359 3616 2368
5981 2 2 1000 21 360 3617 2369
5982 2 2 1000 21 1269 2366 3614
5983 2 2 1000 21 1270 2367 3615
5984 2 2 1000 21 1271 2368 3616
5985 2 2 1000 21 1272 2369 3617
5986 2 2 1000 21 992 2307 4249
5987 2 2 1000 21 993 2308 4248
5988 2 2 1000 21 994 4247 2305
5989 2 2 1000 21 995 4246 2306
5990 2 2 1000 21 1141 2097 3618
5991 2 2 1000 21 1142 2098 3619
5992 2 2 1000 21 1143 2099 3620
5993 2 2 1000 21 1144 2100 3621
5994 2 2 1000 21 733 3618 2097
5995 2 2 1000 21 734 3619 2098
5996 2 2 1000 21 735 3620 2099
5997 2 2 1000 21 736 3621 2100
5998 2 2 1000 21 4225 489 3538
5999 2 2 1000 21 4226 490 3539
6000 2 2 1000 21 4227 491 3540
6001 2 2 1000 21 4228 492 3541
6002 2 2 1000 21 2185 4225 3538
6003 2 2 1000 21 2186 4226 3539
6004 2 2 1000 21 2187 4227 3540
6005 2 2 1000 21 2188 4228 3541
6006 2 2 1000 21 825 3218 2093
6007 2 2 1000 21 826 3219 2094
6008 2 2 1000 21 827 3220 2095
6009 2 2 1000 21 828 3221 2096
6010 2 2 1000 21 617 3906 2715
6011 2 2 1000 21 618 3907 2716
6012 2 2 1000 21 619 3908 2717
6013 2 2 1000 21 620 3909 2718
6014 2 2 1000 21 1564 2715 3906
6015 2 2 1000 21 1565 2716 3907
6016 2 2 1000 21 1566 2717 3908
6017 2 2 1000 21 1567 2718 3909
6018 2 2 1000 21 653 3952 2278
6019 2 2 1000 21 654 3953 2279
6020 2 2 1000 21 656 3954 2280
6021 2 2 1000 21 363 3970 2413
6022 2 2 1000 21 364 3971 2414
6023 2 2 1000 21 197 4073 2081
6024 2 2 1000 21 138 4074 2082
6025 2 2 1000 21 20 2085 4071
6026 2 2 1000 21 79 2086 4072
6027 2 2 1000 21 56 4069 2083
6028 2 2 1000 21 115 4070 2084
6029 2 2 1000 21 233 2087 4067
6030 2 2 1000 21 174 2088 4068
6031 2 2 1000 21 427 3075 2425
6032 2 2 1000 21 428 3076 2426
6033 2 2 1000 21 1558 2673 3648
6034 2 2 1000 21 1559 2674 3649
6035 2 2 1000 21 1864 2278 3952
6036 2 2 1000 21 1865 2279 3953
6037 2 2 1000 21 1866 2280 3954
6038 2 2 1000 21 798 3992 2008
6039 2 2 1000 21 799 3993 2009
6040 2 2 1000 21 800 3994 2010
6041 2 2 1000 21 801 3995 2011
6042 2 2 1000 21 1390 3158 2053
6043 2 2 1000 21 1388 3159 2054
6044 2 2 1000 21 1389 3160 2055
6045 2 2 1000 21 1387 3161 2056
6046 2 2 1000 21 2006 3102 3535
6047 2 2 1000 21 2007 3103 3534
6048 2 2 1000 21 2004 3536 3104
6049 2 2 1000 21 2005 3537 3105
6050 2 2 1000 21 361 2415 3950
6051 2 2 1000 21 362 2416 3951
6052 2 2 1000 21 759 2276 4077
6053 2 2 1000 21 760 2277 4078
6054 2 2 1000 21 757 4075 2274
6055 2 2 1000 21 758 4076 2275
6056 2 2 1000 21 1305 4077 2276
6057 2 2 1000 21 1306 4078 2277
6058 2 2 1000 21 1303 2274 4075
6059 2 2 1000 21 1304 2275 4076
6060 2 2 1000 21 553 2442 3720
6061 2 2 1000 21 554 2443 3721
6062 2 2 1000 21 551 3608 2458
6063 2 2 1000 21 552 3609 2459
6064 2 2 1000 21 1287 2458 3608
6065 2 2 1000 21 1288 2459 3609
6066 2 2 1000 21 1161 2289 3440
6067 2 2 1000 21 1163 2291 3442
6068 2 2 1000 21 1162 2290 3441
6069 2 2 1000 21 1164 2292 3443
6070 2 2 1000 21 773 3440 2289
6071 2 2 1000 21 774 3441 2290
6072 2 2 1000 21 775 3442 2291
6073 2 2 1000 21 776 3443 2292
6074 2 2 1000 21 104 2545 3959
6075 2 2 1000 21 45 2546 3960
6076 2 2 1000 21 222 3961 2547
6077 2 2 1000 21 163 3962 2548
6078 2 2 1000 21 960 3529 2600
6079 2 2 1000 21 961 3530 2601
6080 2 2 1000 21 962 3531 2602
6081 2 2 1000 21 963 3532 2603
6082 2 2 1000 21 803 3114 2145
6083 2 2 1000 21 804 3115 2146
6084 2 2 1000 21 928 3333 3697
6085 2 2 1000 21 929 3334 3698
6086 2 2 1000 21 930 3335 3699
6087 2 2 1000 21 931 3336 3700
6088 2 2 1000 21 413 2073 3515
6089 2 2 1000 21 414 2074 3516
6090 2 2 1000 21 415 2075 3517
6091 2 2 1000 21 416 2076 3518
6092 2 2 1000 21 956 3784 4095
6093 2 2 1000 21 957 3785 4096
6094 2 2 1000 21 958 3786 4097
6095 2 2 1000 21 959 3787 4098
6096 2 2 1000 21 1067 2228 3170
6097 2 2 1000 21 1068 2229 3171
6098 2 2 1000 21 1069 2230 3172
6099 2 2 1000 21 1070 2231 3173
6100 2 2 1000 21 657 3170 2228
6101 2 2 1000 21 658 3171 2229
6102 2 2 1000 21 659 3172 2230
6103 2 2 1000 21 660 3173 2231
6104 2 2 1000 21 300 301 2903
6105 2 2 1000 21 246 247 2905
6106 2 2 1000 21 282 283 2904
6107 2 2 1000 21 264 265 2906
6108 2 2 1000 21 968 2494 3736
6109 2 2 1000 21 969 2495 3737
6110 2 2 1000 21 970 2496 3738
6111 2 2 1000 21 971 2497 3739
6112 2 2 1000 21 318 3089 2177
6113 2 2 1000 21 319 3091 2179
6114 2 2 1000 21 317 3090 2178
6115 2 2 1000 21 320 3092 2180
6116 2 2 1000 21 453 3798 2891
6117 2 2 1000 21 454 3799 2892
6118 2 2 1000 21 455 3800 2893
6119 2 2 1000 21 456 3801 2894
6120 2 2 1000 21 1560 2891 3798
6121 2 2 1000 21 1561 2892 3799
6122 2 2 1000 21 1562 2893 3800
6123 2 2 1000 21 1563 2894 3801
6124 2 2 1000 21 1319 3750 2913
6125 2 2 1000 21 1321 3751 2914
6126 2 2 1000 21 1322 3753 2915
6127 2 2 1000 21 541 2490 2862
6128 2 2 1000 21 542 2491 2864
6129 2 2 1000 21 543 2492 2861
6130 2 2 1000 21 544 2493 2863
6131 2 2 1000 21 1079 2530 2679
6132 2 2 1000 21 1080 2531 2680
6133 2 2 1000 21 1081 2532 2681
6134 2 2 1000 21 1082 2533 2682
6135 2 2 1000 21 1771 2433 3830
6136 2 2 1000 21 1772 2434 3831
6137 2 2 1000 21 1773 2435 3832
6138 2 2 1000 21 1774 2436 3833
6139 2 2 1000 21 333 4154 3672
6140 2 2 1000 21 334 4155 3673
6141 2 2 1000 21 336 4157 3674
6142 2 2 1000 21 505 2604 2749
6143 2 2 1000 21 506 2605 2750
6144 2 2 1000 21 507 2606 2751
6145 2 2 1000 21 508 2607 2752
6146 2 2 1000 21 1320 3093 2341
6147 2 2 1000 21 527 3870 2047
6148 2 2 1000 21 528 3869 2048
6149 2 2 1000 21 525 2045 3871
6150 2 2 1000 21 526 2046 3872
6151 2 2 1000 21 798 3291 2077
6152 2 2 1000 21 799 3292 2078
6153 2 2 1000 21 800 3293 2079
6154 2 2 1000 21 801 3294 2080
6155 2 2 1000 21 725 3622 2021
6156 2 2 1000 21 726 3623 2022
6157 2 2 1000 21 727 3624 2023
6158 2 2 1000 21 728 3625 2024
6159 2 2 1000 21 940 2171 3138
6160 2 2 1000 21 941 2172 3139
6161 2 2 1000 21 942 2173 3140
6162 2 2 1000 21 943 2174 3141
6163 2 2 1000 21 1676 3770 4067
6164 2 2 1000 21 1677 3771 4068
6165 2 2 1000 21 1673 4069 3772
6166 2 2 1000 21 1675 4070 3773
6167 2 2 1000 21 1672 3774 4071
6168 2 2 1000 21 1674 3775 4072
6169 2 2 1000 21 1670 4073 3776
6170 2 2 1000 21 1671 4074 3777
6171 2 2 1000 21 461 3333 2065
6172 2 2 1000 21 462 3334 2066
6173 2 2 1000 21 463 3335 2067
6174 2 2 1000 21 464 3336 2068
6175 2 2 1000 21 940 3416 2281
6176 2 2 1000 21 941 3417 2282
6177 2 2 1000 21 942 3418 2283
6178 2 2 1000 21 943 3419 2284
6179 2 2 1000 21 1451 2535 3955
6180 2 2 1000 21 1452 2536 3956
6181 2 2 1000 21 1453 2537 3957
6182 2 2 1000 21 1454 2538 3958
6183 2 2 1000 21 1043 4271 2783
6184 2 2 1000 21 1044 4272 2784
6185 2 2 1000 21 1045 4273 2785
6186 2 2 1000 21 1046 4274 2786
6187 2 2 1000 21 1169 2312 3454
6188 2 2 1000 21 1170 2314 3455
6189 2 2 1000 21 1171 2316 3456
6190 2 2 1000 21 1172 2317 3457
6191 2 2 1000 21 573 3454 2312
6192 2 2 1000 21 574 3455 2314
6193 2 2 1000 21 575 3456 2316
6194 2 2 1000 21 576 3457 2317
6195 2 2 1000 21 593 3750 2845
6196 2 2 1000 21 595 3751 2847
6197 2 2 1000 21 594 3752 2846
6198 2 2 1000 21 596 3753 2848
6199 2 2 1000 21 1221 3446 2934
6200 2 2 1000 21 1222 3447 2935
6201 2 2 1000 21 1223 3448 2936
6202 2 2 1000 21 1224 3449 2937
6203 2 2 1000 21 857 3830 2025
6204 2 2 1000 21 858 3831 2026
6205 2 2 1000 21 859 3832 2027
6206 2 2 1000 21 860 3833 2028
6207 2 2 1000 21 569 2689 3481
6208 2 2 1000 21 570 2690 3482
6209 2 2 1000 21 571 2687 3483
6210 2 2 1000 21 572 2688 3484
6211 2 2 1000 21 1345 3481 2689
6212 2 2 1000 21 1346 3482 2690
6213 2 2 1000 21 1347 3483 2687
6214 2 2 1000 21 1348 3484 2688
6215 2 2 1000 21 1400 2304 2950
6216 2 2 1000 21 1117 4229 2102
6217 2 2 1000 21 1000 4101 3867
6218 2 2 1000 21 1001 4102 3868
6219 2 2 1000 21 998 4099 3865
6220 2 2 1000 21 999 4100 3866
6221 2 2 1000 21 805 2175 3156
6222 2 2 1000 21 806 2176 3157
6223 2 2 1000 21 513 3282 2380
6224 2 2 1000 21 514 3283 2381
6225 2 2 1000 21 1137 2534 3490
6226 2 2 1000 21 795 2998 2278
6227 2 2 1000 21 796 2999 2279
6228 2 2 1000 21 797 3000 2280
6229 2 2 1000 21 1438 4220 2643
6230 2 2 1000 21 545 2799 3013
6231 2 2 1000 21 546 2800 3014
6232 2 2 1000 21 547 2801 3015
6233 2 2 1000 21 548 2802 3016
6234 2 2 1000 21 815 2339 3230
6235 2 2 1000 21 816 2340 3231
6236 2 2 1000 21 1095 2033 3604
6237 2 2 1000 21 1096 2034 3605
6238 2 2 1000 21 1097 2035 3606
6239 2 2 1000 21 1098 2036 3607
6240 2 2 1000 21 445 2803 2470
6241 2 2 1000 21 446 2804 2471
6242 2 2 1000 21 449 2805 2472
6243 2 2 1000 21 450 2806 2473
6244 2 2 1000 21 1620 2616 3918
6245 2 2 1000 21 1621 2617 3919
6246 2 2 1000 21 1953 2589 3519
6247 2 2 1000 21 1954 2590 3520
6248 2 2 1000 21 1105 2470 2803
6249 2 2 1000 21 1106 2471 2804
6250 2 2 1000 21 1107 2472 2805
6251 2 2 1000 21 1108 2473 2806
6252 2 2 1000 21 1393 4178 2405
6253 2 2 1000 21 1394 4177 2406
6254 2 2 1000 21 1392 2404 4179
6255 2 2 1000 21 1391 2403 4180
6256 2 2 1000 21 96 2406 4177
6257 2 2 1000 21 37 2405 4178
6258 2 2 1000 21 214 4179 2404
6259 2 2 1000 21 155 4180 2403
6260 2 2 1000 21 1095 2749 2549
6261 2 2 1000 21 1096 2750 2550
6262 2 2 1000 21 1097 2751 2551
6263 2 2 1000 21 1098 2752 2552
6264 2 2 1000 21 509 3434 2378
6265 2 2 1000 21 510 3435 2379
6266 2 2 1000 21 1488 2258 4058
6267 2 2 1000 21 1490 2260 4060
6268 2 2 1000 21 1489 2259 4059
6269 2 2 1000 21 1491 2261 4061
6270 2 2 1000 21 1191 2630 3581
6271 2 2 1000 21 1192 2631 3582
6272 2 2 1000 21 1193 2632 3583
6273 2 2 1000 21 1194 2633 3584
6274 2 2 1000 21 230 231 2977
6275 2 2 1000 21 171 172 2978
6276 2 2 1000 21 53 2979 54
6277 2 2 1000 21 112 2980 113
6278 2 2 1000 21 22 2981 23
6279 2 2 1000 21 81 2982 82
6280 2 2 1000 21 199 200 2983
6281 2 2 1000 21 140 141 2984
6282 2 2 1000 21 1037 2266 3509
6283 2 2 1000 21 1035 3507 2268
6284 2 2 1000 21 1038 2267 3510
6285 2 2 1000 21 1036 3508 2269
6286 2 2 1000 21 1041 2270 3513
6287 2 2 1000 21 1039 3511 2272
6288 2 2 1000 21 1042 2271 3514
6289 2 2 1000 21 1040 3512 2273
6290 2 2 1000 21 1165 2147 3274
6291 2 2 1000 21 1166 2148 3275
6292 2 2 1000 21 1167 2149 3276
6293 2 2 1000 21 1168 2150 3277
6294 2 2 1000 21 791 3600 2037
6295 2 2 1000 21 792 3601 2038
6296 2 2 1000 21 793 3598 2039
6297 2 2 1000 21 794 3599 2040
6298 2 2 1000 21 377 2281 3416
6299 2 2 1000 21 378 2282 3417
6300 2 2 1000 21 379 2283 3418
6301 2 2 1000 21 380 2284 3419
6302 2 2 1000 21 447 3703 3494
6303 2 2 1000 21 448 3704 3495
6304 2 2 1000 21 451 3705 3496
6305 2 2 1000 21 452 3706 3497
6306 2 2 1000 21 705 4265 2246
6307 2 2 1000 21 706 4266 2247
6308 2 2 1000 21 707 4267 2248
6309 2 2 1000 21 708 4268 2249
6310 2 2 1000 21 1800 3494 3703
6311 2 2 1000 21 1801 3495 3704
6312 2 2 1000 21 1802 3496 3705
6313 2 2 1000 21 1803 3497 3706
6314 2 2 1000 21 1333 2246 4265
6315 2 2 1000 21 1334 2247 4266
6316 2 2 1000 21 1335 2248 4267
6317 2 2 1000 21 1336 2249 4268
6318 2 2 1000 21 1183 2924 2522
6319 2 2 1000 21 1184 2925 2523
6320 2 2 1000 21 1185 2926 2524
6321 2 2 1000 21 1186 2927 2525
6322 2 2 1000 21 525 3611 2045
6323 2 2 1000 21 526 3610 2046
6324 2 2 1000 21 527 2047 3612
6325 2 2 1000 21 528 2048 3613
6326 2 2 1000 21 973 2642 3253
6327 2 2 1000 21 972 2641 3252
6328 2 2 1000 21 783 2522 2924
6329 2 2 1000 21 784 2523 2925
6330 2 2 1000 21 785 2524 2926
6331 2 2 1000 21 786 2525 2927
6332 2 2 1000 21 1023 2285 4054
6333 2 2 1000 21 1024 2286 4055
6334 2 2 1000 21 1025 2287 4056
6335 2 2 1000 21 1026 2288 4057
6336 2 2 1000 21 1520 2671 2753
6337 2 2 1000 21 1521 2672 2754
6338 2 2 1000 21 1522 2669 2755
6339 2 2 1000 21 1523 2670 2756
6340 2 2 1000 21 934 2753 2671
6341 2 2 1000 21 935 2754 2672
6342 2 2 1000 21 938 2755 2669
6343 2 2 1000 21 939 2756 2670
6344 2 2 1000 21 453 2037 3798
6345 2 2 1000 21 454 2038 3799
6346 2 2 1000 21 455 2039 3800
6347 2 2 1000 21 456 2040 3801
6348 2 2 1000 21 1249 3946 3978
6349 2 2 1000 21 1250 3947 3979
6350 2 2 1000 21 1251 3948 3980
6351 2 2 1000 21 1252 3949 3981
6352 2 2 1000 21 1652 3150 2401
6353 2 2 1000 21 1653 3151 2402
6354 2 2 1000 21 515 2352 3377
6355 2 2 1000 21 516 2353 3378
6356 2 2 1000 21 233 234 3564
6357 2 2 1000 21 174 175 3565
6358 2 2 1000 21 56 3562 57
6359 2 2 1000 21 115 3563 116
6360 2 2 1000 21 19 3560 20
6361 2 2 1000 21 78 3561 79
6362 2 2 1000 21 196 197 3558
6363 2 2 1000 21 137 138 3559
6364 2 2 1000 21 511 2350 3396
6365 2 2 1000 21 512 2351 3397
6366 2 2 1000 21 1047 2779 4028
6367 2 2 1000 21 1048 2780 4029
6368 2 2 1000 21 1049 2781 4030
6369 2 2 1000 21 1050 2782 4031
6370 2 2 1000 21 1253 4154 2217
6371 2 2 1000 21 1254 4155 2218
6372 2 2 1000 21 1256 4157 2219
6373 2 2 1000 21 952 2049 3760
6374 2 2 1000 21 953 2050 3761
6375 2 2 1000 21 954 2051 3762
6376 2 2 1000 21 955 2052 3763
6377 2 2 1000 21 501 3174 2209
6378 2 2 1000 21 502 3175 2210
6379 2 2 1000 21 503 3176 2211
6380 2 2 1000 21 504 3177 2212
6381 2 2 1000 21 537 3794 2057
6382 2 2 1000 21 539 3796 2058
6383 2 2 1000 21 538 3795 2059
6384 2 2 1000 21 540 3797 2060
6385 2 2 1000 21 1494 3632 2952
6386 2 2 1000 21 1492 3630 2951
6387 2 2 1000 21 1495 3633 2954
6388 2 2 1000 21 1493 3631 2953
6389 2 2 1000 21 1257 3558 2081
6390 2 2 1000 21 1258 3559 2082
6391 2 2 1000 21 1259 3562 2083
6392 2 2 1000 21 1260 3563 2084
6393 2 2 1000 21 1261 2085 3560
6394 2 2 1000 21 1262 2086 3561
6395 2 2 1000 21 1263 2087 3564
6396 2 2 1000 21 1264 2088 3565
6397 2 2 1000 21 823 2197 3240
6398 2 2 1000 21 824 2198 3241
6399 2 2 1000 21 1522 4126 2669
6400 2 2 1000 21 1523 4127 2670
6401 2 2 1000 21 1520 4124 2671
6402 2 2 1000 21 1521 4125 2672
6403 2 2 1000 21 1161 3384 3094
6404 2 2 1000 21 1163 3386 3096
6405 2 2 1000 21 1162 3385 3095
6406 2 2 1000 21 1164 3387 3097
6407 2 2 1000 21 337 4196 2767
6408 2 2 1000 21 338 4197 2768
6409 2 2 1000 21 341 4198 2769
6410 2 2 1000 21 342 4199 2770
6411 2 2 1000 21 899 2101 3570
6412 2 2 1000 21 461 3021 2679
6413 2 2 1000 21 462 3022 2680
6414 2 2 1000 21 463 3023 2681
6415 2 2 1000 21 464 3024 2682
6416 2 2 1000 21 615 2669 4126
6417 2 2 1000 21 616 2670 4127
6418 2 2 1000 21 613 2671 4124
6419 2 2 1000 21 614 2672 4125
6420 2 2 1000 21 389 4271 2494
6421 2 2 1000 21 390 4272 2495
6422 2 2 1000 21 391 4273 2496
6423 2 2 1000 21 392 4274 2497
6424 2 2 1000 21 1480 4166 2089
6425 2 2 1000 21 1481 4167 2090
6426 2 2 1000 21 1482 2091 4168
6427 2 2 1000 21 1483 2092 4169
6428 2 2 1000 21 1451 2494 4271
6429 2 2 1000 21 1452 2495 4272
6430 2 2 1000 21 1453 2496 4273
6431 2 2 1000 21 1454 2497 4274
6432 2 2 1000 21 798 2077 3716
6433 2 2 1000 21 799 2078 3717
6434 2 2 1000 21 800 2079 3718
6435 2 2 1000 21 801 2080 3719
6436 2 2 1000 21 1423 2483 3489
6437 2 2 1000 21 1626 2213 3218
6438 2 2 1000 21 1627 2214 3219
6439 2 2 1000 21 1628 2215 3220
6440 2 2 1000 21 1629 2216 3221
6441 2 2 1000 21 457 3784 2077
6442 2 2 1000 21 458 3785 2078
6443 2 2 1000 21 459 3786 2079
6444 2 2 1000 21 460 3787 2080
6445 2 2 1000 21 1353 4206 2541
6446 2 2 1000 21 1354 4207 2542
6447 2 2 1000 21 1355 4208 2543
6448 2 2 1000 21 1356 4209 2544
6449 2 2 1000 21 1584 2600 3529
6450 2 2 1000 21 1585 2601 3530
6451 2 2 1000 21 1586 2602 3531
6452 2 2 1000 21 1587 2603 3532
6453 2 2 1000 21 1149 2329 3662
6454 2 2 1000 21 1150 2330 3663
6455 2 2 1000 21 1151 2331 3664
6456 2 2 1000 21 1152 2332 3665
6457 2 2 1000 21 1403 2707 2721
6458 2 2 1000 21 1404 2708 2722
6459 2 2 1000 21 1405 2709 2723
6460 2 2 1000 21 1406 2710 2724
6461 2 2 1000 21 783 2220 3313
6462 2 2 1000 21 784 2221 3314
6463 2 2 1000 21 785 2222 3315
6464 2 2 1000 21 786 2223 3316
6465 2 2 1000 21 1083 3313 2220
6466 2 2 1000 21 1084 3314 2221
6467 2 2 1000 21 1085 3315 2222
6468 2 2 1000 21 1086 3316 2223
6469 2 2 1000 21 1047 2466 3142
6470 2 2 1000 21 1048 2467 3143
6471 2 2 1000 21 1049 2468 3144
6472 2 2 1000 21 1050 2469 3145
6473 2 2 1000 21 521 3684 2109
6474 2 2 1000 21 522 3685 2110
6475 2 2 1000 21 523 3686 2111
6476 2 2 1000 21 524 3687 2112
6477 2 2 1000 21 1095 3604 2121
6478 2 2 1000 21 1096 3605 2122
6479 2 2 1000 21 1097 3606 2123
6480 2 2 1000 21 1098 3607 2124
6481 2 2 1000 21 1568 2667 2745
6482 2 2 1000 21 1569 2668 2746
6483 2 2 1000 21 1570 2665 2747
6484 2 2 1000 21 1571 2666 2748
6485 2 2 1000 21 932 2745 2667
6486 2 2 1000 21 933 2746 2668
6487 2 2 1000 21 936 2747 2665
6488 2 2 1000 21 937 2748 2666
6489 2 2 1000 21 557 3384 2417
6490 2 2 1000 21 558 3386 2418
6491 2 2 1000 21 559 3385 2419
6492 2 2 1000 21 560 3387 2420
6493 2 2 1000 21 413 3515 2220
6494 2 2 1000 21 414 3516 2221
6495 2 2 1000 21 415 3517 2222
6496 2 2 1000 21 416 3518 2223
6497 2 2 1000 21 1201 3611 2324
6498 2 2 1000 21 1202 3610 2325
6499 2 2 1000 21 1203 2322 3612
6500 2 2 1000 21 1204 2323 3613
6501 2 2 1000 21 1161 2417 3384
6502 2 2 1000 21 1163 2418 3386
6503 2 2 1000 21 1162 2419 3385
6504 2 2 1000 21 1164 2420 3387
6505 2 2 1000 21 525 2324 3611
6506 2 2 1000 21 526 2325 3610
6507 2 2 1000 21 527 3612 2322
6508 2 2 1000 21 528 3613 2323
6509 2 2 1000 21 6 281 3081
6510 2 2 1000 21 8 299 3082
6511 2 2 1000 21 7 263 3083
6512 2 2 1000 21 5 245 3084
6513 2 2 1000 21 1154 2478 3641
6514 2 2 1000 21 1153 2479 3640
6515 2 2 1000 21 1158 2482 3645
6516 2 2 1000 21 1157 2483 3644
6517 2 2 1000 21 1156 3643 2480
6518 2 2 1000 21 1155 3642 2481
6519 2 2 1000 21 1160 3647 2484
6520 2 2 1000 21 1159 3646 2485
6521 2 2 1000 21 737 2181 3388
6522 2 2 1000 21 738 2182 3389
6523 2 2 1000 21 741 2183 3390
6524 2 2 1000 21 742 2184 3391
6525 2 2 1000 21 733 2109 3618
6526 2 2 1000 21 734 2110 3619
6527 2 2 1000 21 735 2111 3620
6528 2 2 1000 21 736 2112 3621
6529 2 2 1000 21 226 227 3323
6530 2 2 1000 21 167 168 3324
6531 2 2 1000 21 49 3321 50
6532 2 2 1000 21 108 3322 109
6533 2 2 1000 21 26 3319 27
6534 2 2 1000 21 85 3320 86
6535 2 2 1000 21 203 204 3317
6536 2 2 1000 21 144 145 3318
6537 2 2 1000 21 1496 3188 2439
6538 2 2 1000 21 1497 3189 2440
6539 2 2 1000 21 1499 3190 2441
6540 2 2 1000 21 485 3373 2181
6541 2 2 1000 21 486 3374 2182
6542 2 2 1000 21 487 3375 2183
6543 2 2 1000 21 488 3376 2184
6544 2 2 1000 21 138 139 4074
6545 2 2 1000 21 197 198 4073
6546 2 2 1000 21 79 4072 80
6547 2 2 1000 21 20 4071 21
6548 2 2 1000 21 114 4070 115
6549 2 2 1000 21 55 4069 56
6550 2 2 1000 21 173 174 4068
6551 2 2 1000 21 232 233 4067
6552 2 2 1000 21 1047 4028 3029
6553 2 2 1000 21 1048 4029 3030
6554 2 2 1000 21 1049 4030 3031
6555 2 2 1000 21 1050 4031 3032
6556 2 2 1000 21 956 3790 2103
6557 2 2 1000 21 957 3791 2104
6558 2 2 1000 21 958 3792 2105
6559 2 2 1000 21 959 3793 2106
6560 2 2 1000 21 944 2721 2707
6561 2 2 1000 21 945 2722 2708
6562 2 2 1000 21 946 2723 2709
6563 2 2 1000 21 947 2724 2710
6564 2 2 1000 21 289 4058 2258
6565 2 2 1000 21 271 4059 2259
6566 2 2 1000 21 307 4060 2260
6567 2 2 1000 21 253 4061 2261
6568 2 2 1000 21 783 3313 2213
6569 2 2 1000 21 784 3314 2214
6570 2 2 1000 21 785 3315 2215
6571 2 2 1000 21 786 3316 2216
6572 2 2 1000 21 1075 4225 2185
6573 2 2 1000 21 1076 4226 2186
6574 2 2 1000 21 1077 4227 2187
6575 2 2 1000 21 1078 4228 2188
6576 2 2 1000 21 1257 3481 2827
6577 2 2 1000 21 1258 3482 2828
6578 2 2 1000 21 1261 2829 3485
6579 2 2 1000 21 1262 2830 3486
6580 2 2 1000 21 1259 3483 2831
6581 2 2 1000 21 1260 3484 2832
6582 2 2 1000 21 1263 2833 3487
6583 2 2 1000 21 1264 2834 3488
6584 2 2 1000 21 1345 2827 3481
6585 2 2 1000 21 1346 2828 3482
6586 2 2 1000 21 1349 3485 2829
6587 2 2 1000 21 1350 3486 2830
6588 2 2 1000 21 1347 2831 3483
6589 2 2 1000 21 1348 2832 3484
6590 2 2 1000 21 1351 3487 2833
6591 2 2 1000 21 1352 3488 2834
6592 2 2 1000 21 1075 2185 4184
6593 2 2 1000 21 1076 2186 4185
6594 2 2 1000 21 1077 2187 4186
6595 2 2 1000 21 1078 2188 4187
6596 2 2 1000 21 1023 3650 2285
6597 2 2 1000 21 1024 3651 2286
6598 2 2 1000 21 1025 3652 2287
6599 2 2 1000 21 1026 3653 2288
6600 2 2 1000 21 861 2113 3885
6601 2 2 1000 21 862 2114 3886
6602 2 2 1000 21 863 2115 3887
6603 2 2 1000 21 864 2116 3888
6604 2 2 1000 21 1093 3230 2339
6605 2 2 1000 21 1094 3231 2340
6606 2 2 1000 21 1835 4128 2853
6607 2 2 1000 21 1836 4129 2854
6608 2 2 1000 21 1281 3794 2849
6609 2 2 1000 21 1282 3796 2850
6610 2 2 1000 21 1283 3795 2851
6611 2 2 1000 21 1284 3797 2852
6612 2 2 1000 21 1291 3911 2397
6613 2 2 1000 21 1292 3910 2399
6614 2 2 1000 21 1293 3912 2398
6615 2 2 1000 21 1294 3913 2400
6616 2 2 1000 21 557 2397 3911
6617 2 2 1000 21 558 2399 3910
6618 2 2 1000 21 559 2398 3912
6619 2 2 1000 21 560 2400 3913
6620 2 2 1000 21 988 2715 2895
6621 2 2 1000 21 989 2716 2896
6622 2 2 1000 21 990 2717 2897
6623 2 2 1000 21 991 2718 2898
6624 2 2 1000 21 1243 3142 2883
6625 2 2 1000 21 1244 3143 2884
6626 2 2 1000 21 1245 3144 2885
6627 2 2 1000 21 1246 3145 2886
6628 2 2 1000 21 1564 2895 2715
6629 2 2 1000 21 1565 2896 2716
6630 2 2 1000 21 1566 2897 2717
6631 2 2 1000 21 1567 2898 2718
6632 2 2 1000 21 234 2833 3564
6633 2 2 1000 21 175 2834 3565
6634 2 2 1000 21 57 3562 2831
6635 2 2 1000 21 116 3563 2832
6636 2 2 1000 21 19 2829 3560
6637 2 2 1000 21 78 2830 3561
6638 2 2 1000 21 196 3558 2827
6639 2 2 1000 21 137 3559 2828
6640 2 2 1000 21 381 2883 3142
6641 2 2 1000 21 382 2884 3143
6642 2 2 1000 21 383 2885 3144
6643 2 2 1000 21 384 2886 3145
6644 2 2 1000 21 1969 3834 3222
6645 2 2 1000 21 1970 3835 3223
6646 2 2 1000 21 1971 3836 3224
6647 2 2 1000 21 1972 3837 3225
6648 2 2 1000 21 1113 3017 2738
6649 2 2 1000 21 1114 3018 2737
6650 2 2 1000 21 1115 3019 2740
6651 2 2 1000 21 1116 3020 2739
6652 2 2 1000 21 339 2362 3577
6653 2 2 1000 21 340 2363 3578
6654 2 2 1000 21 343 2364 3579
6655 2 2 1000 21 344 2365 3580
6656 2 2 1000 21 377 2147 3873
6657 2 2 1000 21 378 2148 3874
6658 2 2 1000 21 379 2149 3875
6659 2 2 1000 21 380 2150 3876
6660 2 2 1000 21 1197 3577 2362
6661 2 2 1000 21 1198 3578 2363
6662 2 2 1000 21 1199 3579 2364
6663 2 2 1000 21 1200 3580 2365
6664 2 2 1000 21 1209 2738 3017
6665 2 2 1000 21 1210 2740 3019
6666 2 2 1000 21 1211 2737 3018
6667 2 2 1000 21 1212 2739 3020
6668 2 2 1000 21 964 2845 2626
6669 2 2 1000 21 965 2846 2627
6670 2 2 1000 21 966 2847 2628
6671 2 2 1000 21 967 2848 2629
6672 2 2 1000 21 1165 3873 2147
6673 2 2 1000 21 1166 3874 2148
6674 2 2 1000 21 1167 3875 2149
6675 2 2 1000 21 1168 3876 2150
6676 2 2 1000 21 398 2995 3268
6677 2 2 1000 21 399 3269 2996
6678 2 2 1000 21 1329 3268 2995
6679 2 2 1000 21 1328 2996 3269
6680 2 2 1000 21 803 3670 4049
6681 2 2 1000 21 804 3671 4048
6682 2 2 1000 21 1328 3269 4245
6683 2 2 1000 21 1329 4244 3268
6684 2 2 1000 21 709 2608 4087
6685 2 2 1000 21 710 2609 4088
6686 2 2 1000 21 711 2610 4089
6687 2 2 1000 21 712 2611 4090
6688 2 2 1000 21 1403 4087 2608
6689 2 2 1000 21 1404 4088 2609
6690 2 2 1000 21 1405 4089 2610
6691 2 2 1000 21 1406 4090 2611
6692 2 2 1000 21 601 2530 3001
6693 2 2 1000 21 602 2531 3002
6694 2 2 1000 21 603 2532 3003
6695 2 2 1000 21 604 2533 3004
6696 2 2 1000 21 1079 3001 2530
6697 2 2 1000 21 1080 3002 2531
6698 2 2 1000 21 1081 3003 2532
6699 2 2 1000 21 1082 3004 2533
6700 2 2 1000 21 545 3244 2799
6701 2 2 1000 21 546 3245 2800
6702 2 2 1000 21 547 3246 2801
6703 2 2 1000 21 548 3247 2802
6704 2 2 1000 21 593 2913 3750
6705 2 2 1000 21 595 2914 3751
6706 2 2 1000 21 596 2915 3753
6707 2 2 1000 21 1071 3776 2983
6708 2 2 1000 21 1072 3777 2984
6709 2 2 1000 21 1075 2981 3774
6710 2 2 1000 21 1076 2982 3775
6711 2 2 1000 21 1073 3772 2979
6712 2 2 1000 21 1074 3773 2980
6713 2 2 1000 21 1077 2977 3770
6714 2 2 1000 21 1078 2978 3771
6715 2 2 1000 21 421 3851 2137
6716 2 2 1000 21 422 3852 2138
6717 2 2 1000 21 349 4012 2386
6718 2 2 1000 21 350 4013 2387
6719 2 2 1000 21 351 4014 2388
6720 2 2 1000 21 352 4015 2389
6721 2 2 1000 21 1524 3001 3846
6722 2 2 1000 21 1526 3003 3848
6723 2 2 1000 21 1525 3002 3847
6724 2 2 1000 21 1527 3004 3849
6725 2 2 1000 21 1923 4049 3670
6726 2 2 1000 21 1924 4048 3671
6727 2 2 1000 21 739 2185 3542
6728 2 2 1000 21 740 2186 3543
6729 2 2 1000 21 743 2187 3544
6730 2 2 1000 21 744 2188 3545
6731 2 2 1000 21 1266 3288 2383
6732 2 2 1000 21 1265 3287 2382
6733 2 2 1000 21 1268 3290 2385
6734 2 2 1000 21 1267 3289 2384
6735 2 2 1000 21 1327 3944 3918
6736 2 2 1000 21 1330 3945 3919
6737 2 2 1000 21 815 2155 3724
6738 2 2 1000 21 816 2156 3725
6739 2 2 1000 21 819 2382 3287
6740 2 2 1000 21 820 2383 3288
6741 2 2 1000 21 822 2385 3290
6742 2 2 1000 21 821 2384 3289
6743 2 2 1000 21 361 3950 2145
6744 2 2 1000 21 362 3951 2146
6745 2 2 1000 21 2077 3291 3899
6746 2 2 1000 21 2078 3292 3900
6747 2 2 1000 21 2079 3293 3901
6748 2 2 1000 21 2080 3294 3902
6749 2 2 1000 21 594 3093 3752
6750 2 2 1000 21 1188 2232 3408
6751 2 2 1000 21 1187 2233 3409
6752 2 2 1000 21 1189 3406 2234
6753 2 2 1000 21 1190 3407 2235
6754 2 2 1000 21 1027 3360 2549
6755 2 2 1000 21 1028 3361 2550
6756 2 2 1000 21 1029 3362 2551
6757 2 2 1000 21 1030 3363 2552
6758 2 2 1000 21 1027 2553 3360
6759 2 2 1000 21 1028 2554 3361
6760 2 2 1000 21 1029 2555 3362
6761 2 2 1000 21 1030 2556 3363
6762 2 2 1000 21 843 3711 2252
6763 2 2 1000 21 1157 2252 3711
6764 2 2 1000 21 593 2301 3903
6765 2 2 1000 21 595 2302 3904
6766 2 2 1000 21 596 2303 3905
6767 2 2 1000 21 1009 2163 4164
6768 2 2 1000 21 1010 2164 4165
6769 2 2 1000 21 1011 4162 2165
6770 2 2 1000 21 1012 4163 2166
6771 2 2 1000 21 1067 2841 3025
6772 2 2 1000 21 1068 2842 3026
6773 2 2 1000 21 1069 2843 3027
6774 2 2 1000 21 1070 2844 3028
6775 2 2 1000 21 1289 3924 2425
6776 2 2 1000 21 1290 3925 2426
6777 2 2 1000 21 427 2425 3924
6778 2 2 1000 21 428 2426 3925
6779 2 2 1000 21 1031 3891 4216
6780 2 2 1000 21 1032 3893 4217
6781 2 2 1000 21 1033 3892 4218
6782 2 2 1000 21 1034 3894 4219
6783 2 2 1000 21 1121 2189 3899
6784 2 2 1000 21 1122 2190 3900
6785 2 2 1000 21 1123 2191 3901
6786 2 2 1000 21 1124 2192 3902
6787 2 2 1000 21 541 2393 3106
6788 2 2 1000 21 542 2394 3107
6789 2 2 1000 21 543 2395 3108
6790 2 2 1000 21 544 2396 3109
6791 2 2 1000 21 1726 4004 3234
6792 2 2 1000 21 1728 4006 3236
6793 2 2 1000 21 1727 4005 3235
6794 2 2 1000 21 1729 4007 3237
6795 2 2 1000 21 1175 3630 2608
6796 2 2 1000 21 1176 3631 2609
6797 2 2 1000 21 1177 3632 2610
6798 2 2 1000 21 1178 3633 2611
6799 2 2 1000 21 292 293 3264
6800 2 2 1000 21 310 311 3265
6801 2 2 1000 21 274 275 3266
6802 2 2 1000 21 256 257 3267
6803 2 2 1000 21 513 3242 2339
6804 2 2 1000 21 514 3243 2340
6805 2 2 1000 21 363 2175 3970
6806 2 2 1000 21 364 2176 3971
6807 2 2 1000 21 1667 4100 3447
6808 2 2 1000 21 1666 4099 3446
6809 2 2 1000 21 1669 4102 3449
6810 2 2 1000 21 1668 4101 3448
6811 2 2 1000 21 1093 2339 3242
6812 2 2 1000 21 1094 2340 3243
6813 2 2 1000 21 1383 2240 3444
6814 2 2 1000 21 1384 2241 3445
6815 2 2 1000 21 381 2466 3430
6816 2 2 1000 21 382 2467 3431
6817 2 2 1000 21 383 2468 3432
6818 2 2 1000 21 384 2469 3433
6819 2 2 1000 21 1169 3430 2466
6820 2 2 1000 21 1170 3431 2467
6821 2 2 1000 21 1171 3432 2468
6822 2 2 1000 21 1172 3433 2469
6823 2 2 1000 21 189 2370 3134
6824 2 2 1000 21 130 2371 3135
6825 2 2 1000 21 12 3130 2372
6826 2 2 1000 21 71 3131 2373
6827 2 2 1000 21 64 2374 3136
6828 2 2 1000 21 123 2375 3137
6829 2 2 1000 21 241 3132 2376
6830 2 2 1000 21 182 3133 2377
6831 2 2 1000 21 1031 2569 3891
6832 2 2 1000 21 1032 2571 3893
6833 2 2 1000 21 1033 2570 3892
6834 2 2 1000 21 1034 2572 3894
6835 2 2 1000 21 1055 3398 2346
6836 2 2 1000 21 1056 3399 2347
6837 2 2 1000 21 1057 3400 2348
6838 2 2 1000 21 1058 3401 2349
6839 2 2 1000 21 897 3203 2683
6840 2 2 1000 21 898 3204 2684
6841 2 2 1000 21 900 3205 2686
6842 2 2 1000 21 823 3748 2197
6843 2 2 1000 21 824 3749 2198
6844 2 2 1000 21 1434 2683 3203
6845 2 2 1000 21 1435 2684 3204
6846 2 2 1000 21 1437 2686 3205
6847 2 2 1000 21 587 3732 2731
6848 2 2 1000 21 588 3733 2732
6849 2 2 1000 21 585 3728 2729
6850 2 2 1000 21 586 3729 2730
6851 2 2 1000 21 591 2735 3730
6852 2 2 1000 21 592 2736 3731
6853 2 2 1000 21 589 2733 3726
6854 2 2 1000 21 590 2734 3727
6855 2 2 1000 21 1083 2220 3515
6856 2 2 1000 21 1084 2221 3516
6857 2 2 1000 21 1085 2222 3517
6858 2 2 1000 21 1086 2223 3518
6859 2 2 1000 21 1510 2731 3732
6860 2 2 1000 21 1511 2732 3733
6861 2 2 1000 21 1508 2729 3728
6862 2 2 1000 21 1509 2730 3729
6863 2 2 1000 21 1514 3730 2735
6864 2 2 1000 21 1515 3731 2736
6865 2 2 1000 21 1512 3726 2733
6866 2 2 1000 21 1513 3727 2734
6867 2 2 1000 21 721 3120 4142
6868 2 2 1000 21 723 3121 4144
6869 2 2 1000 21 722 3122 4143
6870 2 2 1000 21 724 3123 4145
6871 2 2 1000 21 1738 4142 3120
6872 2 2 1000 21 1739 4144 3121
6873 2 2 1000 21 1740 4143 3122
6874 2 2 1000 21 1741 4145 3123
6875 2 2 1000 21 683 2506 3877
6876 2 2 1000 21 684 2507 3878
6877 2 2 1000 21 685 2508 3879
6878 2 2 1000 21 686 2509 3880
6879 2 2 1000 21 739 4184 2185
6880 2 2 1000 21 740 4185 2186
6881 2 2 1000 21 743 4186 2187
6882 2 2 1000 21 744 4187 2188
6883 2 2 1000 21 457 3899 2189
6884 2 2 1000 21 458 3900 2190
6885 2 2 1000 21 459 3901 2191
6886 2 2 1000 21 460 3902 2192
6887 2 2 1000 21 1341 3337 3116
6888 2 2 1000 21 1342 3338 3117
6889 2 2 1000 21 1343 3339 3118
6890 2 2 1000 21 1344 3340 3119
6891 2 2 1000 21 968 2189 4008
6892 2 2 1000 21 969 2190 4009
6893 2 2 1000 21 970 2191 4010
6894 2 2 1000 21 971 2192 4011
6895 2 2 1000 21 1977 3608 4140
6896 2 2 1000 21 1978 3609 4141
6897 2 2 1000 21 551 4140 3608
6898 2 2 1000 21 552 4141 3609
6899 2 2 1000 21 1311 4240 2725
6900 2 2 1000 21 1312 4241 2727
6901 2 2 1000 21 1313 4242 2726
6902 2 2 1000 21 1314 4243 2728
6903 2 2 1000 21 1337 2907 2653
6904 2 2 1000 21 1338 2908 2654
6905 2 2 1000 21 1339 2909 2655
6906 2 2 1000 21 1340 2910 2656
6907 2 2 1000 21 1285 4182 2992
6908 2 2 1000 21 1286 4183 2993
6909 2 2 1000 21 1118 3675 2326
6910 2 2 1000 21 1119 3676 2327
6911 2 2 1000 21 1120 3677 2328
6912 2 2 1000 21 829 3963 2595
6913 2 2 1000 21 831 3964 2596
6914 2 2 1000 21 832 3965 2597
6915 2 2 1000 21 671 3422 2920
6916 2 2 1000 21 673 3423 2921
6917 2 2 1000 21 672 3424 2922
6918 2 2 1000 21 674 3425 2923
6919 2 2 1000 21 1361 2595 3963
6920 2 2 1000 21 1363 2596 3964
6921 2 2 1000 21 1364 2597 3965
6922 2 2 1000 21 1319 2920 3422
6923 2 2 1000 21 1320 2921 3423
6924 2 2 1000 21 1321 2922 3424
6925 2 2 1000 21 1322 2923 3425
6926 2 2 1000 21 1599 3162 2541
6927 2 2 1000 21 1600 3163 2542
6928 2 2 1000 21 1601 3164 2543
6929 2 2 1000 21 1602 3165 2544
6930 2 2 1000 21 1175 2608 3309
6931 2 2 1000 21 1176 2609 3310
6932 2 2 1000 21 1177 2610 3311
6933 2 2 1000 21 1178 2611 3312
6934 2 2 1000 21 709 3309 2608
6935 2 2 1000 21 710 3310 2609
6936 2 2 1000 21 711 3311 2610
6937 2 2 1000 21 712 3312 2611
6938 2 2 1000 21 1303 3591 2274
6939 2 2 1000 21 1304 3592 2275
6940 2 2 1000 21 1305 2276 3587
6941 2 2 1000 21 1306 2277 3588
6942 2 2 1000 21 641 3529 2242
6943 2 2 1000 21 642 3530 2243
6944 2 2 1000 21 643 3531 2244
6945 2 2 1000 21 644 3532 2245
6946 2 2 1000 21 147 2275 3592
6947 2 2 1000 21 206 2274 3591
6948 2 2 1000 21 29 3587 2276
6949 2 2 1000 21 88 3588 2277
6950 2 2 1000 21 1031 3036 2569
6951 2 2 1000 21 1032 3037 2571
6952 2 2 1000 21 1033 3038 2570
6953 2 2 1000 21 1034 3039 2572
6954 2 2 1000 21 874 2199 4244
6955 2 2 1000 21 878 4245 2200
6956 2 2 1000 21 1287 3608 2853
6957 2 2 1000 21 1288 3609 2854
6958 2 2 1000 21 1542 3784 3926
6959 2 2 1000 21 1543 3785 3927
6960 2 2 1000 21 1544 3786 3928
6961 2 2 1000 21 1545 3787 3929
6962 2 2 1000 21 606 2199 3968
6963 2 2 1000 21 609 3969 2200
6964 2 2 1000 21 1091 2875 3232
6965 2 2 1000 21 1092 2876 3233
6966 2 2 1000 21 413 2220 3662
6967 2 2 1000 21 414 2221 3663
6968 2 2 1000 21 415 2222 3664
6969 2 2 1000 21 416 2223 3665
6970 2 2 1000 21 1087 2835 3228
6971 2 2 1000 21 1088 2836 3229
6972 2 2 1000 21 1089 3226 2797
6973 2 2 1000 21 1090 3227 2798
6974 2 2 1000 21 339 3946 2362
6975 2 2 1000 21 340 3947 2363
6976 2 2 1000 21 343 3948 2364
6977 2 2 1000 21 344 3949 2365
6978 2 2 1000 21 992 4249 3406
6979 2 2 1000 21 993 4248 3407
6980 2 2 1000 21 994 3408 4247
6981 2 2 1000 21 995 3409 4246
6982 2 2 1000 21 1249 2362 3946
6983 2 2 1000 21 1250 2363 3947
6984 2 2 1000 21 1251 2364 3948
6985 2 2 1000 21 1252 2365 3949
6986 2 2 1000 21 345 3650 3436
6987 2 2 1000 21 346 3651 3437
6988 2 2 1000 21 347 3652 3438
6989 2 2 1000 21 348 3653 3439
6990 2 2 1000 21 1704 3436 3650
6991 2 2 1000 21 1706 3438 3652
6992 2 2 1000 21 1705 3437 3651
6993 2 2 1000 21 1707 3439 3653
6994 2 2 1000 21 353 3116 3337
6995 2 2 1000 21 354 3117 3338
6996 2 2 1000 21 355 3118 3339
6997 2 2 1000 21 356 3119 3340
6998 2 2 1000 21 1188 3693 2232
6999 2 2 1000 21 1187 3694 2233
7000 2 2 1000 21 1189 2234 3695
7001 2 2 1000 21 1190 2235 3696
7002 2 2 1000 21 381 3142 2466
7003 2 2 1000 21 382 3143 2467
7004 2 2 1000 21 383 3144 2468
7005 2 2 1000 21 384 3145 2469
7006 2 2 1000 21 397 3049 3944
7007 2 2 1000 21 400 3050 3945
7008 2 2 1000 21 157 158 3402
7009 2 2 1000 21 216 217 3403
7010 2 2 1000 21 39 3404 40
7011 2 2 1000 21 98 3405 99
7012 2 2 1000 21 371 3509 2266
7013 2 2 1000 21 372 3510 2267
7014 2 2 1000 21 369 2268 3507
7015 2 2 1000 21 370 2269 3508
7016 2 2 1000 21 375 3513 2270
7017 2 2 1000 21 376 3514 2271
7018 2 2 1000 21 373 2272 3511
7019 2 2 1000 21 374 2273 3512
7020 2 2 1000 21 1620 3944 3049
7021 2 2 1000 21 1621 3945 3050
7022 2 2 1000 21 1113 4012 3270
7023 2 2 1000 21 1114 4013 3271
7024 2 2 1000 21 1115 4014 3272
7025 2 2 1000 21 1116 4015 3273
7026 2 2 1000 21 649 2612 3152
7027 2 2 1000 21 650 2613 3153
7028 2 2 1000 21 651 2614 3154
7029 2 2 1000 21 652 2615 3155
7030 2 2 1000 21 1121 3152 2612
7031 2 2 1000 21 1122 3153 2613
7032 2 2 1000 21 1123 3154 2614
7033 2 2 1000 21 1124 3155 2615
7034 2 2 1000 21 1197 2362 3914
7035 2 2 1000 21 1198 2363 3915
7036 2 2 1000 21 1199 2364 3916
7037 2 2 1000 21 1200 2365 3917
7038 2 2 1000 21 1612 3430 3454
7039 2 2 1000 21 1613 3431 3455
7040 2 2 1000 21 1614 3432 3456
7041 2 2 1000 21 1615 3433 3457
7042 2 2 1000 21 1169 3454 3430
7043 2 2 1000 21 1170 3455 3431
7044 2 2 1000 21 1171 3456 3432
7045 2 2 1000 21 1172 3457 3433
7046 2 2 1000 21 1233 3977 3280
7047 2 2 1000 21 1234 3976 3281
7048 2 2 1000 21 1477 2634 3458
7049 2 2 1000 21 1478 2635 3459
7050 2 2 1000 21 1479 2636 3460
7051 2 2 1000 21 1153 3640 2250
7052 2 2 1000 21 1154 3641 2251
7053 2 2 1000 21 1155 2253 3642
7054 2 2 1000 21 1157 3644 2252
7055 2 2 1000 21 1156 2255 3643
7056 2 2 1000 21 1158 3645 2254
7057 2 2 1000 21 1159 2256 3646
7058 2 2 1000 21 1160 2257 3647
7059 2 2 1000 21 841 2439 3188
7060 2 2 1000 21 842 2440 3189
7061 2 2 1000 21 845 2441 3190
7062 2 2 1000 21 641 2242 3736
7063 2 2 1000 21 642 2243 3737
7064 2 2 1000 21 643 2244 3738
7065 2 2 1000 21 644 2245 3739
7066 2 2 1000 21 1125 3519 2342
7067 2 2 1000 21 1126 3520 2343
7068 2 2 1000 21 423 2342 3519
7069 2 2 1000 21 424 2343 3520
7070 2 2 1000 21 1265 2382 4045
7071 2 2 1000 21 1266 2383 4044
7072 2 2 1000 21 1267 2384 4046
7073 2 2 1000 21 1268 2385 4047
7074 2 2 1000 21 442 4045 2382
7075 2 2 1000 21 444 4044 2383
7076 2 2 1000 21 441 4046 2384
7077 2 2 1000 21 443 4047 2385
7078 2 2 1000 21 421 2344 3678
7079 2 2 1000 21 422 2345 3679
7080 2 2 1000 21 1173 3678 2344
7081 2 2 1000 21 1174 3679 2345
7082 2 2 1000 21 1157 3489 2483
7083 2 2 1000 21 471 4247 2232
7084 2 2 1000 21 472 4246 2233
7085 2 2 1000 21 469 2234 4249
7086 2 2 1000 21 470 2235 4248
7087 2 2 1000 21 1217 3756 3550
7088 2 2 1000 21 1219 3758 3552
7089 2 2 1000 21 1218 3757 3551
7090 2 2 1000 21 1220 3759 3553
7091 2 2 1000 21 1367 2380 3282
7092 2 2 1000 21 1368 2381 3283
7093 2 2 1000 21 1079 2679 3021
7094 2 2 1000 21 1080 2680 3022
7095 2 2 1000 21 1081 2681 3023
7096 2 2 1000 21 1082 2682 3024
7097 2 2 1000 21 517 2462 3199
7098 2 2 1000 21 518 2463 3200
7099 2 2 1000 21 519 2464 3201
7100 2 2 1000 21 520 2465 3202
7101 2 2 1000 21 1375 2224 4050
7102 2 2 1000 21 1376 2225 4051
7103 2 2 1000 21 1377 2226 4052
7104 2 2 1000 21 1378 2227 4053
7105 2 2 1000 21 1820 4170 4062
7106 2 2 1000 21 322 4206 3865
7107 2 2 1000 21 324 4207 3866
7108 2 2 1000 21 326 4208 3867
7109 2 2 1000 21 328 4209 3868
7110 2 2 1000 21 2129 3865 4206
7111 2 2 1000 21 2130 3866 4207
7112 2 2 1000 21 2131 3867 4208
7113 2 2 1000 21 2132 3868 4209
7114 2 2 1000 21 1149 2924 3044
7115 2 2 1000 21 1150 2925 3045
7116 2 2 1000 21 1151 2926 3046
7117 2 2 1000 21 1152 2927 3047
7118 2 2 1000 21 152 153 3521
7119 2 2 1000 21 211 212 3522
7120 2 2 1000 21 93 3523 94
7121 2 2 1000 21 34 3524 35
7122 2 2 1000 21 1183 3044 2924
7123 2 2 1000 21 1184 3045 2925
7124 2 2 1000 21 1185 3046 2926
7125 2 2 1000 21 1186 3047 2927
7126 2 2 1000 21 829 2595 3261
7127 2 2 1000 21 831 2596 3262
7128 2 2 1000 21 832 2597 3263
7129 2 2 1000 21 1783 3261 2595
7130 2 2 1000 21 1784 3262 2596
7131 2 2 1000 21 1785 3263 2597
7132 2 2 1000 21 1175 3199 2951
7133 2 2 1000 21 1177 3201 2952
7134 2 2 1000 21 1176 3200 2953
7135 2 2 1000 21 1178 3202 2954
7136 2 2 1000 21 515 2875 3820
7137 2 2 1000 21 516 2876 3821
7138 2 2 1000 21 657 2549 3360
7139 2 2 1000 21 658 2550 3361
7140 2 2 1000 21 659 2551 3362
7141 2 2 1000 21 660 2552 3363
7142 2 2 1000 21 626 2878 3635
7143 2 2 1000 21 625 2877 3634
7144 2 2 1000 21 627 3636 2879
7145 2 2 1000 21 628 3637 2880
7146 2 2 1000 21 984 4112 2765
7147 2 2 1000 21 985 4111 2766
7148 2 2 1000 21 549 2911 3782
7149 2 2 1000 21 550 2912 3783
7150 2 2 1000 21 1459 2765 4112
7151 2 2 1000 21 1460 2766 4111
7152 2 2 1000 21 1272 3723 3603
7153 2 2 1000 21 1271 3722 3602
7154 2 2 1000 21 1355 3377 2352
7155 2 2 1000 21 1356 3378 2353
7156 2 2 1000 21 1792 3013 2799
7157 2 2 1000 21 1794 3015 2801
7158 2 2 1000 21 1793 3014 2800
7159 2 2 1000 21 1795 3016 2802
7160 2 2 1000 21 1257 2827 3558
7161 2 2 1000 21 1258 2828 3559
7162 2 2 1000 21 1259 2831 3562
7163 2 2 1000 21 1260 2832 3563
7164 2 2 1000 21 1261 3560 2829
7165 2 2 1000 21 1262 3561 2830
7166 2 2 1000 21 1263 3564 2833
7167 2 2 1000 21 1264 3565 2834
7168 2 2 1000 21 135 136 3845
7169 2 2 1000 21 194 195 3844
7170 2 2 1000 21 76 3843 77
7171 2 2 1000 21 17 3842 18
7172 2 2 1000 21 117 3841 118
7173 2 2 1000 21 58 3840 59
7174 2 2 1000 21 176 177 3839
7175 2 2 1000 21 235 236 3838
7176 2 2 1000 21 1353 3396 2350
7177 2 2 1000 21 1354 3397 2351
7178 2 2 1000 21 224 225 3585
7179 2 2 1000 21 165 166 3586
7180 2 2 1000 21 28 3587 29
7181 2 2 1000 21 87 3588 88
7182 2 2 1000 21 47 3589 48
7183 2 2 1000 21 106 3590 107
7184 2 2 1000 21 205 206 3591
7185 2 2 1000 21 146 147 3592
7186 2 2 1000 21 715 2541 3162
7187 2 2 1000 21 716 2542 3163
7188 2 2 1000 21 719 2543 3164
7189 2 2 1000 21 720 2544 3165
7190 2 2 1000 21 581 2346 3398
7191 2 2 1000 21 582 2347 3399
7192 2 2 1000 21 583 2348 3400
7193 2 2 1000 21 584 2349 3401
7194 2 2 1000 21 511 2835 3788
7195 2 2 1000 21 512 2836 3789
7196 2 2 1000 21 1109 3469 2333
7197 2 2 1000 21 1110 3470 2334
7198 2 2 1000 21 1111 3471 2335
7199 2 2 1000 21 1112 3472 2336
7200 2 2 1000 21 1560 3798 4032
7201 2 2 1000 21 1561 3799 4033
7202 2 2 1000 21 1562 3800 4034
7203 2 2 1000 21 1563 3801 4035
7204 2 2 1000 21 509 3701 2797
7205 2 2 1000 21 510 3702 2798
7206 2 2 1000 21 609 3367 3969
7207 2 2 1000 21 606 3968 3365
7208 2 2 1000 21 871 3757 2651
7209 2 2 1000 21 872 3759 2652
7210 2 2 1000 21 869 3756 2649
7211 2 2 1000 21 870 3758 2650
7212 2 2 1000 21 296 297 3626
7213 2 2 1000 21 314 315 3627
7214 2 2 1000 21 278 279 3628
7215 2 2 1000 21 260 261 3629
7216 2 2 1000 21 1650 3724 2539
7217 2 2 1000 21 1651 3725 2540
7218 2 2 1000 21 1235 3634 2305
7219 2 2 1000 21 1236 3635 2306
7220 2 2 1000 21 1237 2307 3636
7221 2 2 1000 21 1238 2308 3637
7222 2 2 1000 21 1546 2637 3089
7223 2 2 1000 21 1548 2639 3090
7224 2 2 1000 21 1547 2638 3091
7225 2 2 1000 21 1549 2640 3092
7226 2 2 1000 21 1709 3254 2643
7227 2 2 1000 21 893 3234 2644
7228 2 2 1000 21 895 3236 2645
7229 2 2 1000 21 896 3237 2647
7230 2 2 1000 21 894 3235 2646
7231 2 2 1000 21 1580 3911 3861
7232 2 2 1000 21 1581 3910 3862
7233 2 2 1000 21 1582 3912 3863
7234 2 2 1000 21 1583 3913 3864
7235 2 2 1000 21 565 2934 3446
7236 2 2 1000 21 566 2935 3447
7237 2 2 1000 21 567 2936 3448
7238 2 2 1000 21 568 2937 3449
7239 2 2 1000 21 2454 4117 2959
7240 2 2 1000 21 2455 4118 2960
7241 2 2 1000 21 2456 4119 2961
7242 2 2 1000 21 2457 4120 2962
7243 2 2 1000 21 1668 3867 4101
7244 2 2 1000 21 1669 3868 4102
7245 2 2 1000 21 1666 3865 4099
7246 2 2 1000 21 1667 3866 4100
7247 2 2 1000 21 505 4188 2604
7248 2 2 1000 21 506 4189 2605
7249 2 2 1000 21 507 4190 2606
7250 2 2 1000 21 508 4191 2607
7251 2 2 1000 21 1365 2378 3434
7252 2 2 1000 21 1366 2379 3435
7253 2 2 1000 21 1943 3287 4253
7254 2 2 1000 21 1944 3288 4254
7255 2 2 1000 21 1945 3289 4255
7256 2 2 1000 21 1946 3290 4256
7257 2 2 1000 21 377 3873 2281
7258 2 2 1000 21 378 3874 2282
7259 2 2 1000 21 379 3875 2283
7260 2 2 1000 21 380 3876 2284
7261 2 2 1000 21 849 3966 2589
7262 2 2 1000 21 850 3967 2590
7263 2 2 1000 21 1237 3636 2622
7264 2 2 1000 21 1238 3637 2623
7265 2 2 1000 21 1235 2624 3634
7266 2 2 1000 21 1236 2625 3635
7267 2 2 1000 21 1333 3895 3068
7268 2 2 1000 21 1334 3896 3067
7269 2 2 1000 21 1335 3897 3070
7270 2 2 1000 21 1336 3898 3069
7271 2 2 1000 21 627 2622 3636
7272 2 2 1000 21 628 2623 3637
7273 2 2 1000 21 625 3634 2624
7274 2 2 1000 21 626 3635 2625
7275 2 2 1000 21 1319 2913 3672
7276 2 2 1000 21 1321 2914 3673
7277 2 2 1000 21 1322 2915 3674
7278 2 2 1000 21 1272 3180 3723
7279 2 2 1000 21 1271 3181 3722
7280 2 2 1000 21 1274 3721 3178
7281 2 2 1000 21 1273 3720 3179
7282 2 2 1000 21 517 2535 3351
7283 2 2 1000 21 518 2536 3352
7284 2 2 1000 21 519 2537 3353
7285 2 2 1000 21 520 2538 3354
7286 2 2 1000 21 1887 2928 4134
7287 2 2 1000 21 1888 2929 4135
7288 2 2 1000 21 1412 3168 2696
7289 2 2 1000 21 1413 2698 3166
7290 2 2 1000 21 1414 2700 3167
7291 2 2 1000 21 1418 2702 3169
7292 2 2 1000 21 889 3654 2526
7293 2 2 1000 21 890 3655 2527
7294 2 2 1000 21 891 3656 2528
7295 2 2 1000 21 892 3657 2529
7296 2 2 1000 21 1205 2526 3654
7297 2 2 1000 21 1206 2527 3655
7298 2 2 1000 21 1207 2528 3656
7299 2 2 1000 21 1208 2529 3657
7300 2 2 1000 21 333 3672 2326
7301 2 2 1000 21 334 3673 2327
7302 2 2 1000 21 336 3674 2328
7303 2 2 1000 21 186 187 3984
7304 2 2 1000 21 127 128 3986
7305 2 2 1000 21 66 3985 67
7306 2 2 1000 21 9 3988 10
7307 2 2 1000 21 125 3987 126
7308 2 2 1000 21 68 3990 69
7309 2 2 1000 21 243 244 3989
7310 2 2 1000 21 184 185 3991
7311 2 2 1000 21 1153 3364 2479
7312 2 2 1000 21 1154 3365 2478
7313 2 2 1000 21 1155 2481 3366
7314 2 2 1000 21 1156 2480 3367
7315 2 2 1000 21 1158 3368 2482
7316 2 2 1000 21 1159 2485 3369
7317 2 2 1000 21 1160 2484 3370
7318 2 2 1000 21 1608 3697 3920
7319 2 2 1000 21 1609 3698 3921
7320 2 2 1000 21 1610 3699 3922
7321 2 2 1000 21 1611 3700 3923
7322 2 2 1000 21 1239 2815 3098
7323 2 2 1000 21 1240 2816 3099
7324 2 2 1000 21 1241 2817 3100
7325 2 2 1000 21 1242 2818 3101
7326 2 2 1000 21 465 3098 2815
7327 2 2 1000 21 466 3099 2816
7328 2 2 1000 21 467 3100 2817
7329 2 2 1000 21 468 3101 2818
7330 2 2 1000 21 1309 3206 3732
7331 2 2 1000 21 1310 3207 3733
7332 2 2 1000 21 1305 3208 3728
7333 2 2 1000 21 1306 3209 3729
7334 2 2 1000 21 1307 3730 3210
7335 2 2 1000 21 1308 3731 3211
7336 2 2 1000 21 1303 3726 3212
7337 2 2 1000 21 1304 3727 3213
7338 2 2 1000 21 1510 3732 3206
7339 2 2 1000 21 1511 3733 3207
7340 2 2 1000 21 1508 3728 3208
7341 2 2 1000 21 1509 3729 3209
7342 2 2 1000 21 1514 3210 3730
7343 2 2 1000 21 1515 3211 3731
7344 2 2 1000 21 1512 3212 3726
7345 2 2 1000 21 1513 3213 3727
7346 2 2 1000 21 729 4054 2285
7347 2 2 1000 21 730 4055 2286
7348 2 2 1000 21 731 4056 2287
7349 2 2 1000 21 732 4057 2288
7350 2 2 1000 21 45 3960 46
7351 2 2 1000 21 104 3959 105
7352 2 2 1000 21 222 223 3961
7353 2 2 1000 21 163 164 3962
7354 2 2 1000 21 1015 2661 3126
7355 2 2 1000 21 1016 2662 3127
7356 2 2 1000 21 1017 2663 3128
7357 2 2 1000 21 1018 2664 3129
7358 2 2 1000 21 1447 2358 3566
7359 2 2 1000 21 1449 2359 3567
7360 2 2 1000 21 1448 2360 3568
7361 2 2 1000 21 1450 2361 3569
7362 2 2 1000 21 1730 3946 3071
7363 2 2 1000 21 1731 3947 3072
7364 2 2 1000 21 1732 3948 3073
7365 2 2 1000 21 1733 3949 3074
7366 2 2 1000 21 437 2297 4121
7367 2 2 1000 21 439 2299 4122
7368 2 2 1000 21 440 2300 4123
7369 2 2 1000 21 1758 4232 3257
7370 2 2 1000 21 1759 4233 3258
7371 2 2 1000 21 1760 4234 3259
7372 2 2 1000 21 1761 4235 3260
7373 2 2 1000 21 1225 3257 4232
7374 2 2 1000 21 1226 3258 4233
7375 2 2 1000 21 1227 3259 4234
7376 2 2 1000 21 1228 3260 4235
7377 2 2 1000 21 239 240 4037
7378 2 2 1000 21 180 181 4036
7379 2 2 1000 21 62 4039 63
7380 2 2 1000 21 121 4038 122
7381 2 2 1000 21 13 4041 14
7382 2 2 1000 21 72 4040 73
7383 2 2 1000 21 190 191 4043
7384 2 2 1000 21 131 132 4042
7385 2 2 1000 21 289 290 4058
7386 2 2 1000 21 271 272 4059
7387 2 2 1000 21 307 308 4060
7388 2 2 1000 21 253 254 4061
7389 2 2 1000 21 438 2298 4181
7390 2 2 1000 21 1105 2803 3542
7391 2 2 1000 21 1106 2804 3543
7392 2 2 1000 21 1107 2805 3544
7393 2 2 1000 21 1108 2806 3545
7394 2 2 1000 21 96 4177 97
7395 2 2 1000 21 37 4178 38
7396 2 2 1000 21 214 215 4179
7397 2 2 1000 21 155 156 4180
7398 2 2 1000 21 1118 3903 3261
7399 2 2 1000 21 1119 3904 3262
7400 2 2 1000 21 1120 3905 3263
7401 2 2 1000 21 1357 3255 3240
7402 2 2 1000 21 1358 3256 3241
7403 2 2 1000 21 823 3240 3255
7404 2 2 1000 21 824 3241 3256
7405 2 2 1000 21 1419 4043 2479
7406 2 2 1000 21 1420 4042 2478
7407 2 2 1000 21 1421 2481 4041
7408 2 2 1000 21 1422 2480 4040
7409 2 2 1000 21 1423 4039 2483
7410 2 2 1000 21 1424 4038 2482
7411 2 2 1000 21 1425 2485 4037
7412 2 2 1000 21 1426 2484 4036
7413 2 2 1000 21 132 2478 4042
7414 2 2 1000 21 191 2479 4043
7415 2 2 1000 21 73 4040 2480
7416 2 2 1000 21 14 4041 2481
7417 2 2 1000 21 121 2482 4038
7418 2 2 1000 21 62 2483 4039
7419 2 2 1000 21 180 4036 2484
7420 2 2 1000 21 239 4037 2485
7421 2 2 1000 21 203 3317 2563
7422 2 2 1000 21 144 3318 2564
7423 2 2 1000 21 26 2559 3319
7424 2 2 1000 21 85 2560 3320
7425 2 2 1000 21 50 3321 2561
7426 2 2 1000 21 109 3322 2562
7427 2 2 1000 21 227 2557 3323
7428 2 2 1000 21 168 2558 3324
7429 2 2 1000 21 940 3138 3416
7430 2 2 1000 21 941 3139 3417
7431 2 2 1000 21 942 3140 3418
7432 2 2 1000 21 943 3141 3419
7433 2 2 1000 21 349 2969 3270
7434 2 2 1000 21 350 2970 3271
7435 2 2 1000 21 351 2971 3272
7436 2 2 1000 21 352 2972 3273
7437 2 2 1000 21 633 3566 2526
7438 2 2 1000 21 634 3567 2527
7439 2 2 1000 21 635 3568 2528
7440 2 2 1000 21 636 3569 2529
7441 2 2 1000 21 471 2305 4247
7442 2 2 1000 21 472 2306 4246
7443 2 2 1000 21 469 4249 2307
7444 2 2 1000 21 470 4248 2308
7445 2 2 1000 21 1469 3270 2969
7446 2 2 1000 21 1470 3271 2970
7447 2 2 1000 21 1471 3272 2971
7448 2 2 1000 21 1472 3273 2972
7449 2 2 1000 21 1370 4062 4170
7450 2 2 1000 21 964 2393 3814
7451 2 2 1000 21 965 2394 3815
7452 2 2 1000 21 966 2395 3816
7453 2 2 1000 21 967 2396 3817
7454 2 2 1000 21 1229 2644 3234
7455 2 2 1000 21 1230 2646 3235
7456 2 2 1000 21 1231 2645 3236
7457 2 2 1000 21 1232 2647 3237
7458 2 2 1000 21 1041 3197 3007
7459 2 2 1000 21 1042 3198 3008
7460 2 2 1000 21 1039 3005 3195
7461 2 2 1000 21 1040 3006 3196
7462 2 2 1000 21 1542 4095 3784
7463 2 2 1000 21 1543 4096 3785
7464 2 2 1000 21 1544 4097 3786
7465 2 2 1000 21 1545 4098 3787
7466 2 2 1000 21 1037 3193 2990
7467 2 2 1000 21 1038 3194 2991
7468 2 2 1000 21 1035 2988 3191
7469 2 2 1000 21 1036 2989 3192
7470 2 2 1000 21 1325 3699 3335
7471 2 2 1000 21 1323 3697 3333
7472 2 2 1000 21 1326 3700 3336
7473 2 2 1000 21 1324 3698 3334
7474 2 2 1000 21 1766 3360 2553
7475 2 2 1000 21 1767 3361 2554
7476 2 2 1000 21 1768 3362 2555
7477 2 2 1000 21 1769 3363 2556
7478 2 2 1000 21 1247 3252 2641
7479 2 2 1000 21 1248 3253 2642
7480 2 2 1000 21 1371 2648 3383
7481 2 2 1000 21 901 2470 4022
7482 2 2 1000 21 902 2471 4023
7483 2 2 1000 21 903 2472 4020
7484 2 2 1000 21 904 2473 4021
7485 2 2 1000 21 802 2643 3254
7486 2 2 1000 21 1133 2695 3503
7487 2 2 1000 21 1135 2697 3504
7488 2 2 1000 21 1136 2699 3505
7489 2 2 1000 21 1134 3506 2701
7490 2 2 1000 21 1345 3844 2827
7491 2 2 1000 21 1346 3845 2828
7492 2 2 1000 21 1347 3840 2831
7493 2 2 1000 21 1349 2829 3842
7494 2 2 1000 21 1348 3841 2832
7495 2 2 1000 21 1350 2830 3843
7496 2 2 1000 21 1351 2833 3838
7497 2 2 1000 21 1352 2834 3839
7498 2 2 1000 21 195 2827 3844
7499 2 2 1000 21 136 2828 3845
7500 2 2 1000 21 18 3842 2829
7501 2 2 1000 21 58 2831 3840
7502 2 2 1000 21 117 2832 3841
7503 2 2 1000 21 77 3843 2830
7504 2 2 1000 21 235 3838 2833
7505 2 2 1000 21 176 3839 2834
7506 2 2 1000 21 1133 3166 2698
7507 2 2 1000 21 1134 2696 3168
7508 2 2 1000 21 1135 3167 2700
7509 2 2 1000 21 1136 3169 2702
7510 2 2 1000 21 1766 2841 3170
7511 2 2 1000 21 1767 2842 3171
7512 2 2 1000 21 1768 2843 3172
7513 2 2 1000 21 1769 2844 3173
7514 2 2 1000 21 1067 3170 2841
7515 2 2 1000 21 1068 3171 2842
7516 2 2 1000 21 1069 3172 2843
7517 2 2 1000 21 1070 3173 2844
7518 2 2 1000 21 1459 3280 3977
7519 2 2 1000 21 1460 3281 3976
7520 2 2 1000 21 1370 2704 4062
7521 2 2 1000 21 608 4062 2704
7522 2 2 1000 21 1327 3918 2676
7523 2 2 1000 21 1330 3919 2678
7524 2 2 1000 21 876 2676 3918
7525 2 2 1000 21 880 2678 3919
7526 2 2 1000 21 555 2423 3602
7527 2 2 1000 21 556 2424 3603
7528 2 2 1000 21 703 3889 3982
7529 2 2 1000 21 704 3890 3983
7530 2 2 1000 21 1907 3982 3889
7531 2 2 1000 21 1908 3983 3890
7532 2 2 1000 21 569 3274 2683
7533 2 2 1000 21 570 3275 2684
7534 2 2 1000 21 571 3276 2685
7535 2 2 1000 21 572 3277 2686
7536 2 2 1000 21 1173 2411 3678
7537 2 2 1000 21 1174 2412 3679
7538 2 2 1000 21 1403 2721 4261
7539 2 2 1000 21 1404 2722 4262
7540 2 2 1000 21 1405 2723 4263
7541 2 2 1000 21 1406 2724 4264
7542 2 2 1000 21 803 4049 2344
7543 2 2 1000 21 804 4048 2345
7544 2 2 1000 21 337 3571 4196
7545 2 2 1000 21 338 3572 4197
7546 2 2 1000 21 341 3573 4198
7547 2 2 1000 21 342 3574 4199
7548 2 2 1000 21 1854 4196 3571
7549 2 2 1000 21 1855 4197 3572
7550 2 2 1000 21 1856 4198 3573
7551 2 2 1000 21 1857 4199 3574
7552 2 2 1000 21 1542 3926 2789
7553 2 2 1000 21 1543 3927 2790
7554 2 2 1000 21 1544 3928 2791
7555 2 2 1000 21 1545 3929 2792
7556 2 2 1000 21 1576 4221 2963
7557 2 2 1000 21 1577 4222 2964
7558 2 2 1000 21 1578 4223 2965
7559 2 2 1000 21 1579 4224 2966
7560 2 2 1000 21 385 2963 4221
7561 2 2 1000 21 386 2964 4222
7562 2 2 1000 21 387 2965 4223
7563 2 2 1000 21 388 2966 4224
7564 2 2 1000 21 987 3445 2860
7565 2 2 1000 21 986 3444 2859
7566 2 2 1000 21 1005 3413 2573
7567 2 2 1000 21 1006 3412 2574
7568 2 2 1000 21 1007 3415 2575
7569 2 2 1000 21 1008 3414 2576
7570 2 2 1000 21 1173 2344 4049
7571 2 2 1000 21 1174 2345 4048
7572 2 2 1000 21 1113 2738 3380
7573 2 2 1000 21 1114 2737 3379
7574 2 2 1000 21 1115 2740 3382
7575 2 2 1000 21 1116 2739 3381
7576 2 2 1000 21 1469 4025 2346
7577 2 2 1000 21 1470 4024 2347
7578 2 2 1000 21 1471 4027 2348
7579 2 2 1000 21 1472 4026 2349
7580 2 2 1000 21 1141 4236 3264
7581 2 2 1000 21 1142 4237 3265
7582 2 2 1000 21 1143 4238 3266
7583 2 2 1000 21 1144 4239 3267
7584 2 2 1000 21 357 2366 3895
7585 2 2 1000 21 358 2367 3896
7586 2 2 1000 21 359 2368 3897
7587 2 2 1000 21 360 2369 3898
7588 2 2 1000 21 1217 2649 3756
7589 2 2 1000 21 1219 2650 3758
7590 2 2 1000 21 1218 2651 3757
7591 2 2 1000 21 1220 2652 3759
7592 2 2 1000 21 1608 2767 3697
7593 2 2 1000 21 1609 2768 3698
7594 2 2 1000 21 1610 2769 3699
7595 2 2 1000 21 1611 2770 3700
7596 2 2 1000 21 1037 3509 4105
7597 2 2 1000 21 1035 4103 3507
7598 2 2 1000 21 1038 3510 4106
7599 2 2 1000 21 1036 4104 3508
7600 2 2 1000 21 1041 3513 4109
7601 2 2 1000 21 1039 4107 3511
7602 2 2 1000 21 1042 3514 4110
7603 2 2 1000 21 1040 4108 3512
7604 2 2 1000 21 1135 3985 2697
7605 2 2 1000 21 1133 3984 2695
7606 2 2 1000 21 1134 2701 3989
7607 2 2 1000 21 1133 2698 3988
7608 2 2 1000 21 1136 3987 2699
7609 2 2 1000 21 1134 3986 2696
7610 2 2 1000 21 1136 2702 3991
7611 2 2 1000 21 1135 2700 3990
7612 2 2 1000 21 517 3351 2711
7613 2 2 1000 21 518 3352 2712
7614 2 2 1000 21 519 3353 2713
7615 2 2 1000 21 520 3354 2714
7616 2 2 1000 21 597 4261 2721
7617 2 2 1000 21 598 4262 2722
7618 2 2 1000 21 599 4263 2723
7619 2 2 1000 21 600 4264 2724
7620 2 2 1000 21 541 4158 2393
7621 2 2 1000 21 542 4159 2394
7622 2 2 1000 21 543 4160 2395
7623 2 2 1000 21 544 4161 2396
7624 2 2 1000 21 1243 2393 4158
7625 2 2 1000 21 1244 2394 4159
7626 2 2 1000 21 1245 2395 4160
7627 2 2 1000 21 1246 2396 4161
7628 2 2 1000 21 611 3383 2635
7629 2 2 1000 21 901 4022 2591
7630 2 2 1000 21 902 4023 2592
7631 2 2 1000 21 903 4020 2593
7632 2 2 1000 21 904 4021 2594
7633 2 2 1000 21 1285 2354 4182
7634 2 2 1000 21 1286 2355 4183
7635 2 2 1000 21 1277 3413 3932
7636 2 2 1000 21 1278 3412 3933
7637 2 2 1000 21 1279 3415 3934
7638 2 2 1000 21 1280 3414 3935
7639 2 2 1000 21 423 3519 2589
7640 2 2 1000 21 424 3520 2590
7641 2 2 1000 21 581 3017 4136
7642 2 2 1000 21 582 3018 4137
7643 2 2 1000 21 583 3019 4138
7644 2 2 1000 21 584 3020 4139
7645 2 2 1000 21 457 3926 3784
7646 2 2 1000 21 458 3927 3785
7647 2 2 1000 21 459 3928 3786
7648 2 2 1000 21 460 3929 3787
7649 2 2 1000 21 1498 4181 3048
7650 2 2 1000 21 773 2849 3881
7651 2 2 1000 21 774 2851 3882
7652 2 2 1000 21 775 2850 3883
7653 2 2 1000 21 776 2852 3884
7654 2 2 1000 21 377 3416 4171
7655 2 2 1000 21 378 3417 4172
7656 2 2 1000 21 379 3418 4173
7657 2 2 1000 21 380 3419 4174
7658 2 2 1000 21 1758 3881 2849
7659 2 2 1000 21 1759 3882 2851
7660 2 2 1000 21 1760 3883 2850
7661 2 2 1000 21 1761 3884 2852
7662 2 2 1000 21 1749 4046 3822
7663 2 2 1000 21 1747 4045 3824
7664 2 2 1000 21 1748 4047 3823
7665 2 2 1000 21 1746 4044 3825
7666 2 2 1000 21 988 4148 2930
7667 2 2 1000 21 989 4149 2931
7668 2 2 1000 21 990 4150 2932
7669 2 2 1000 21 991 4151 2933
7670 2 2 1000 21 869 2510 3756
7671 2 2 1000 21 870 2511 3758
7672 2 2 1000 21 871 2512 3757
7673 2 2 1000 21 872 2513 3759
7674 2 2 1000 21 974 4117 2454
7675 2 2 1000 21 975 4118 2455
7676 2 2 1000 21 976 4119 2456
7677 2 2 1000 21 977 4120 2457
7678 2 2 1000 21 1662 3885 2871
7679 2 2 1000 21 1663 3886 2872
7680 2 2 1000 21 1664 3887 2873
7681 2 2 1000 21 1665 3888 2874
7682 2 2 1000 21 593 3903 2913
7683 2 2 1000 21 595 3904 2914
7684 2 2 1000 21 596 3905 2915
7685 2 2 1000 21 1145 2942 3337
7686 2 2 1000 21 1146 2943 3338
7687 2 2 1000 21 1147 2944 3339
7688 2 2 1000 21 1148 2945 3340
7689 2 2 1000 21 194 3844 2581
7690 2 2 1000 21 135 3845 2582
7691 2 2 1000 21 17 2583 3842
7692 2 2 1000 21 76 2584 3843
7693 2 2 1000 21 59 3840 2585
7694 2 2 1000 21 118 3841 2586
7695 2 2 1000 21 236 2587 3838
7696 2 2 1000 21 177 2588 3839
7697 2 2 1000 21 457 2450 3926
7698 2 2 1000 21 458 2451 3927
7699 2 2 1000 21 459 2452 3928
7700 2 2 1000 21 460 2453 3929
7701 2 2 1000 21 1727 4017 4192
7702 2 2 1000 21 1726 4016 4193
7703 2 2 1000 21 1729 4019 4194
7704 2 2 1000 21 1728 4018 4195
7705 2 2 1000 21 849 2442 3966
7706 2 2 1000 21 850 2443 3967
7707 2 2 1000 21 565 4130 3085
7708 2 2 1000 21 566 4131 3086
7709 2 2 1000 21 567 4132 3087
7710 2 2 1000 21 568 4133 3088
7711 2 2 1000 21 421 3678 3851
7712 2 2 1000 21 422 3679 3852
7713 2 2 1000 21 1180 3870 2488
7714 2 2 1000 21 1179 3869 2489
7715 2 2 1000 21 1181 2486 3871
7716 2 2 1000 21 1182 2487 3872
7717 2 2 1000 21 581 3891 2569
7718 2 2 1000 21 582 3893 2571
7719 2 2 1000 21 583 3892 2570
7720 2 2 1000 21 584 3894 2572
7721 2 2 1000 21 1157 3033 3489
7722 2 2 1000 21 1477 4121 2985
7723 2 2 1000 21 1478 4122 2986
7724 2 2 1000 21 1479 4123 2987
7725 2 2 1000 21 1658 4216 3891
7726 2 2 1000 21 1659 4217 3893
7727 2 2 1000 21 1660 4218 3892
7728 2 2 1000 21 1661 4219 3894
7729 2 2 1000 21 1275 2859 3722
7730 2 2 1000 21 1276 2860 3723
7731 2 2 1000 21 974 2530 3810
7732 2 2 1000 21 975 2531 3811
7733 2 2 1000 21 976 2532 3812
7734 2 2 1000 21 977 2533 3813
7735 2 2 1000 21 555 3722 2859
7736 2 2 1000 21 556 3723 2860
7737 2 2 1000 21 1138 3638 2928
7738 2 2 1000 21 1140 3639 2929
7739 2 2 1000 21 558 3379 2737
7740 2 2 1000 21 557 3380 2738
7741 2 2 1000 21 560 3381 2739
7742 2 2 1000 21 559 3382 2740
7743 2 2 1000 21 1129 3877 2506
7744 2 2 1000 21 1130 3878 2507
7745 2 2 1000 21 1131 3879 2508
7746 2 2 1000 21 1132 3880 2509
7747 2 2 1000 21 557 2738 3384
7748 2 2 1000 21 558 2737 3386
7749 2 2 1000 21 559 2740 3385
7750 2 2 1000 21 560 2739 3387
7751 2 2 1000 21 1105 4022 2470
7752 2 2 1000 21 1106 4023 2471
7753 2 2 1000 21 1107 4020 2472
7754 2 2 1000 21 1108 4021 2473
7755 2 2 1000 21 1323 3920 3697
7756 2 2 1000 21 1324 3921 3698
7757 2 2 1000 21 1325 3922 3699
7758 2 2 1000 21 1326 3923 3700
7759 2 2 1000 21 561 3766 2573
7760 2 2 1000 21 562 3767 2574
7761 2 2 1000 21 563 3768 2575
7762 2 2 1000 21 564 3769 2576
7763 2 2 1000 21 899 3570 2685
7764 2 2 1000 21 1436 2685 3570
7765 2 2 1000 21 1606 3284 3502
7766 2 2 1000 21 637 2741 3857
7767 2 2 1000 21 638 2742 3858
7768 2 2 1000 21 639 2743 3859
7769 2 2 1000 21 640 2744 3860
7770 2 2 1000 21 1207 3688 2598
7771 2 2 1000 21 1208 3689 2599
7772 2 2 1000 21 1265 3857 2741
7773 2 2 1000 21 1266 3858 2742
7774 2 2 1000 21 1267 3859 2743
7775 2 2 1000 21 1268 3860 2744
7776 2 2 1000 21 1484 3325 3581
7777 2 2 1000 21 1485 3326 3582
7778 2 2 1000 21 1486 3327 3583
7779 2 2 1000 21 1487 3328 3584
7780 2 2 1000 21 529 4152 3575
7781 2 2 1000 21 530 4153 3576
7782 2 2 1000 21 853 2498 4113
7783 2 2 1000 21 854 2499 4114
7784 2 2 1000 21 855 2500 4115
7785 2 2 1000 21 856 2501 4116
7786 2 2 1000 21 1291 3861 3911
7787 2 2 1000 21 1292 3862 3910
7788 2 2 1000 21 1293 3863 3912
7789 2 2 1000 21 1294 3864 3913
7790 2 2 1000 21 441 3822 4046
7791 2 2 1000 21 442 3824 4045
7792 2 2 1000 21 443 3823 4047
7793 2 2 1000 21 444 3825 4044
7794 2 2 1000 21 1370 4170 2996
7795 2 2 1000 21 1345 2581 3844
7796 2 2 1000 21 1346 2582 3845
7797 2 2 1000 21 1347 2585 3840
7798 2 2 1000 21 1348 2586 3841
7799 2 2 1000 21 1349 3842 2583
7800 2 2 1000 21 1350 3843 2584
7801 2 2 1000 21 1351 3838 2587
7802 2 2 1000 21 1352 3839 2588
7803 2 2 1000 21 1411 3503 2695
7804 2 2 1000 21 1415 3504 2697
7805 2 2 1000 21 1416 3505 2699
7806 2 2 1000 21 1417 2701 3506
7807 2 2 1000 21 353 3337 2942
7808 2 2 1000 21 354 3338 2943
7809 2 2 1000 21 355 3339 2944
7810 2 2 1000 21 356 3340 2945
7811 2 2 1000 21 1133 3503 3166
7812 2 2 1000 21 1135 3504 3167
7813 2 2 1000 21 1136 3505 3169
7814 2 2 1000 21 1134 3168 3506
7815 2 2 1000 21 1407 3955 2535
7816 2 2 1000 21 1408 3956 2536
7817 2 2 1000 21 1409 3957 2537
7818 2 2 1000 21 1410 3958 2538
7819 2 2 1000 21 1134 3989 3052
7820 2 2 1000 21 1133 3988 3051
7821 2 2 1000 21 1135 3053 3985
7822 2 2 1000 21 1136 3991 3054
7823 2 2 1000 21 1133 3051 3984
7824 2 2 1000 21 1135 3990 3053
7825 2 2 1000 21 1136 3054 3987
7826 2 2 1000 21 1134 3052 3986
7827 2 2 1000 21 687 4240 3914
7828 2 2 1000 21 688 4241 3915
7829 2 2 1000 21 689 4242 3916
7830 2 2 1000 21 690 4243 3917
7831 2 2 1000 21 1939 3914 4240
7832 2 2 1000 21 1940 3915 4241
7833 2 2 1000 21 1941 3916 4242
7834 2 2 1000 21 1942 3917 4243
7835 2 2 1000 21 1736 3575 4152
7836 2 2 1000 21 1737 3576 4153
7837 2 2 1000 21 1749 3822 2691
7838 2 2 1000 21 1748 3823 2692
7839 2 2 1000 21 1747 3824 2693
7840 2 2 1000 21 1746 3825 2694
7841 2 2 1000 21 2224 3126 4050
7842 2 2 1000 21 2225 3127 4051
7843 2 2 1000 21 2226 3128 4052
7844 2 2 1000 21 2227 3129 4053
7845 2 2 1000 21 661 2661 3594
7846 2 2 1000 21 662 2662 3595
7847 2 2 1000 21 663 2663 3596
7848 2 2 1000 21 664 2664 3597
7849 2 2 1000 21 577 3166 3503
7850 2 2 1000 21 578 3506 3168
7851 2 2 1000 21 579 3167 3504
7852 2 2 1000 21 580 3169 3505
7853 2 2 1000 21 861 3885 3546
7854 2 2 1000 21 862 3886 3547
7855 2 2 1000 21 863 3887 3548
7856 2 2 1000 21 864 3888 3549
7857 2 2 1000 21 1662 3546 3885
7858 2 2 1000 21 1663 3547 3886
7859 2 2 1000 21 1664 3548 3887
7860 2 2 1000 21 1665 3549 3888
7861 2 2 1000 21 1145 3337 3184
7862 2 2 1000 21 1146 3338 3185
7863 2 2 1000 21 1147 3339 3186
7864 2 2 1000 21 1148 3340 3187
7865 2 2 1000 21 1213 2578 4091
7866 2 2 1000 21 1214 2577 4092
7867 2 2 1000 21 1216 2579 4094
7868 2 2 1000 21 1215 2580 4093
7869 2 2 1000 21 948 2777 3806
7870 2 2 1000 21 949 2778 3808
7871 2 2 1000 21 950 3807 2775
7872 2 2 1000 21 951 3809 2776
7873 2 2 1000 21 1237 3806 2777
7874 2 2 1000 21 1238 3808 2778
7875 2 2 1000 21 1235 2775 3807
7876 2 2 1000 21 1236 2776 3809
7877 2 2 1000 21 1383 3420 3299
7878 2 2 1000 21 1384 3421 3300
7879 2 2 1000 21 435 4220 3359
7880 2 2 1000 21 1708 3359 4220
7881 2 2 1000 21 1373 3410 3156
7882 2 2 1000 21 1374 3411 3157
7883 2 2 1000 21 805 3156 3410
7884 2 2 1000 21 806 3157 3411
7885 2 2 1000 21 2189 2612 4008
7886 2 2 1000 21 2190 2613 4009
7887 2 2 1000 21 2191 2614 4010
7888 2 2 1000 21 2192 2615 4011
7889 2 2 1000 21 876 3918 2616
7890 2 2 1000 21 880 3919 2617
7891 2 2 1000 21 1341 3184 3337
7892 2 2 1000 21 1342 3185 3338
7893 2 2 1000 21 1343 3186 3339
7894 2 2 1000 21 1344 3187 3340
7895 2 2 1000 21 529 3575 2881
7896 2 2 1000 21 530 3576 2882
7897 2 2 1000 21 1329 2675 4244
7898 2 2 1000 21 1328 4245 2677
7899 2 2 1000 21 874 4244 2675
7900 2 2 1000 21 878 2677 4245
7901 2 2 1000 21 1117 3346 4229
7902 2 2 1000 21 1638 4008 2612
7903 2 2 1000 21 1639 4009 2613
7904 2 2 1000 21 1640 4010 2614
7905 2 2 1000 21 1641 4011 2615
7906 2 2 1000 21 1341 3622 3184
7907 2 2 1000 21 1342 3623 3185
7908 2 2 1000 21 1343 3624 3186
7909 2 2 1000 21 1344 3625 3187
7910 2 2 1000 21 725 3184 3622
7911 2 2 1000 21 726 3185 3623
7912 2 2 1000 21 727 3186 3624
7913 2 2 1000 21 728 3187 3625
7914 2 2 1000 21 1138 3285 3638
7915 2 2 1000 21 1140 3286 3639
7916 2 2 1000 21 1580 3380 3911
7917 2 2 1000 21 1581 3379 3910
7918 2 2 1000 21 1582 3382 3912
7919 2 2 1000 21 1583 3381 3913
7920 2 2 1000 21 680 4192 4017
7921 2 2 1000 21 679 4193 4016
7922 2 2 1000 21 682 4194 4019
7923 2 2 1000 21 681 4195 4018
7924 2 2 1000 21 984 2765 3818
7925 2 2 1000 21 985 2766 3819
7926 2 2 1000 21 1481 3146 4167
7927 2 2 1000 21 1480 3147 4166
7928 2 2 1000 21 1482 4168 3148
7929 2 2 1000 21 1483 4169 3149
7930 2 2 1000 21 666 4167 3146
7931 2 2 1000 21 665 4166 3147
7932 2 2 1000 21 667 3148 4168
7933 2 2 1000 21 668 3149 4169
7934 2 2 1000 21 1145 3834 2942
7935 2 2 1000 21 1146 3835 2943
7936 2 2 1000 21 1147 3836 2944
7937 2 2 1000 21 1148 3837 2945
7938 2 2 1000 21 621 3920 2959
7939 2 2 1000 21 622 3921 2960
7940 2 2 1000 21 623 3922 2961
7941 2 2 1000 21 624 3923 2962
7942 2 2 1000 21 1323 2959 3920
7943 2 2 1000 21 1324 2960 3921
7944 2 2 1000 21 1325 2961 3922
7945 2 2 1000 21 1326 2962 3923
7946 2 2 1000 21 928 3697 2767
7947 2 2 1000 21 929 3698 2768
7948 2 2 1000 21 930 3699 2769
7949 2 2 1000 21 931 3700 2770
7950 2 2 1000 21 1658 3355 4221
7951 2 2 1000 21 1659 3356 4222
7952 2 2 1000 21 1660 3357 4223
7953 2 2 1000 21 1661 3358 4224
7954 2 2 1000 21 385 4221 3355
7955 2 2 1000 21 386 4222 3356
7956 2 2 1000 21 387 4223 3357
7957 2 2 1000 21 388 4224 3358
7958 2 2 1000 21 1063 2604 4188
7959 2 2 1000 21 1064 2605 4189
7960 2 2 1000 21 1065 2606 4190
7961 2 2 1000 21 1066 2607 4191
7962 2 2 1000 21 1195 2881 3575
7963 2 2 1000 21 1196 2882 3576
7964 2 2 1000 21 1089 2797 3701
7965 2 2 1000 21 1090 2798 3702
7966 2 2 1000 21 1459 4112 3280
7967 2 2 1000 21 1460 4111 3281
7968 2 2 1000 21 1175 3740 3199
7969 2 2 1000 21 1176 3741 3200
7970 2 2 1000 21 1177 3742 3201
7971 2 2 1000 21 1178 3743 3202
7972 2 2 1000 21 399 2996 4170
7973 2 2 1000 21 1309 3585 3206
7974 2 2 1000 21 1310 3586 3207
7975 2 2 1000 21 1307 3210 3589
7976 2 2 1000 21 1308 3211 3590
7977 2 2 1000 21 1305 3587 3208
7978 2 2 1000 21 1306 3588 3209
7979 2 2 1000 21 1303 3212 3591
7980 2 2 1000 21 1304 3213 3592
7981 2 2 1000 21 166 3207 3586
7982 2 2 1000 21 225 3206 3585
7983 2 2 1000 21 48 3589 3210
7984 2 2 1000 21 107 3590 3211
7985 2 2 1000 21 87 3209 3588
7986 2 2 1000 21 28 3208 3587
7987 2 2 1000 21 205 3591 3212
7988 2 2 1000 21 146 3592 3213
7989 2 2 1000 21 1079 3021 3712
7990 2 2 1000 21 1080 3022 3713
7991 2 2 1000 21 1081 3023 3714
7992 2 2 1000 21 1082 3024 3715
7993 2 2 1000 21 1002 2634 4146
7994 2 2 1000 21 1004 2636 4147
7995 2 2 1000 21 608 3489 3033
7996 2 2 1000 21 984 3818 2855
7997 2 2 1000 21 985 3819 2857
7998 2 2 1000 21 1059 3535 3102
7999 2 2 1000 21 1060 3534 3103
8000 2 2 1000 21 1061 3104 3536
8001 2 2 1000 21 1062 3105 3537
8002 2 2 1000 21 1427 3554 3550
8003 2 2 1000 21 1428 3555 3551
8004 2 2 1000 21 1429 3556 3552
8005 2 2 1000 21 1430 3557 3553
8006 2 2 1000 21 1217 3550 3554
8007 2 2 1000 21 1218 3551 3555
8008 2 2 1000 21 1219 3552 3556
8009 2 2 1000 21 1220 3553 3557
8010 2 2 1000 21 397 3944 2994
8011 2 2 1000 21 400 3945 2997
8012 2 2 1000 21 1327 2994 3944
8013 2 2 1000 21 1330 2997 3945
8014 2 2 1000 21 1455 3416 3138
8015 2 2 1000 21 1456 3417 3139
8016 2 2 1000 21 1457 3418 3140
8017 2 2 1000 21 1458 3419 3141
8018 2 2 1000 21 1319 3422 3750
8019 2 2 1000 21 1320 3423 3752
8020 2 2 1000 21 1321 3424 3751
8021 2 2 1000 21 1322 3425 3753
8022 2 2 1000 21 1087 3788 2835
8023 2 2 1000 21 1088 3789 2836
8024 2 2 1000 21 1175 3309 3740
8025 2 2 1000 21 1176 3310 3741
8026 2 2 1000 21 1177 3311 3742
8027 2 2 1000 21 1178 3312 3743
8028 2 2 1000 21 653 2928 3638
8029 2 2 1000 21 656 2929 3639
8030 2 2 1000 21 1443 4105 3509
8031 2 2 1000 21 1444 4106 3510
8032 2 2 1000 21 1439 3507 4103
8033 2 2 1000 21 1440 3508 4104
8034 2 2 1000 21 1445 4109 3513
8035 2 2 1000 21 1446 4110 3514
8036 2 2 1000 21 1441 3511 4107
8037 2 2 1000 21 1442 3512 4108
8038 2 2 1000 21 187 2695 3984
8039 2 2 1000 21 128 2696 3986
8040 2 2 1000 21 66 2697 3985
8041 2 2 1000 21 10 3988 2698
8042 2 2 1000 21 125 2699 3987
8043 2 2 1000 21 69 3990 2700
8044 2 2 1000 21 243 3989 2701
8045 2 2 1000 21 184 3991 2702
8046 2 2 1000 21 1730 4261 3978
8047 2 2 1000 21 1731 4262 3979
8048 2 2 1000 21 1732 4263 3980
8049 2 2 1000 21 1733 4264 3981
8050 2 2 1000 21 1175 2951 3630
8051 2 2 1000 21 1176 2953 3631
8052 2 2 1000 21 1177 2952 3632
8053 2 2 1000 21 1178 2954 3633
8054 2 2 1000 21 1273 2855 3818
8055 2 2 1000 21 1274 2857 3819
8056 2 2 1000 21 1455 4171 3416
8057 2 2 1000 21 1456 4172 3417
8058 2 2 1000 21 1457 4173 3418
8059 2 2 1000 21 1458 4174 3419
8060 2 2 1000 21 1747 3857 4045
8061 2 2 1000 21 1746 3858 4044
8062 2 2 1000 21 1749 3859 4046
8063 2 2 1000 21 1748 3860 4047
8064 2 2 1000 21 1699 3491 3490
8065 2 2 1000 21 1265 4045 3857
8066 2 2 1000 21 1266 4044 3858
8067 2 2 1000 21 1267 4046 3859
8068 2 2 1000 21 1268 4047 3860
8069 2 2 1000 21 1137 3490 3491
8070 2 2 1000 21 1099 3782 2911
8071 2 2 1000 21 1100 3783 2912
8072 2 2 1000 21 2181 3373 3388
8073 2 2 1000 21 2182 3374 3389
8074 2 2 1000 21 2183 3375 3390
8075 2 2 1000 21 2184 3376 3391
8076 2 2 1000 21 1091 3820 2875
8077 2 2 1000 21 1092 3821 2876
8078 2 2 1000 21 1576 2963 3810
8079 2 2 1000 21 1577 2964 3811
8080 2 2 1000 21 1578 2965 3812
8081 2 2 1000 21 1579 2966 3813
8082 2 2 1000 21 974 3810 2963
8083 2 2 1000 21 975 3811 2964
8084 2 2 1000 21 976 3812 2965
8085 2 2 1000 21 977 3813 2966
8086 2 2 1000 21 1399 3814 2883
8087 2 2 1000 21 1400 3815 2884
8088 2 2 1000 21 1401 3816 2885
8089 2 2 1000 21 1402 3817 2886
8090 2 2 1000 21 517 3199 3740
8091 2 2 1000 21 519 3201 3742
8092 2 2 1000 21 518 3200 3741
8093 2 2 1000 21 520 3202 3743
8094 2 2 1000 21 493 3932 2837
8095 2 2 1000 21 494 3933 2838
8096 2 2 1000 21 495 3934 2839
8097 2 2 1000 21 496 3935 2840
8098 2 2 1000 21 1233 3278 3977
8099 2 2 1000 21 1234 3279 3976
8100 2 2 1000 21 984 2719 4112
8101 2 2 1000 21 985 2720 4111
8102 2 2 1000 21 1195 3299 3420
8103 2 2 1000 21 1196 3300 3421
8104 2 2 1000 21 675 4028 2779
8105 2 2 1000 21 676 4029 2780
8106 2 2 1000 21 677 4030 2781
8107 2 2 1000 21 678 4031 2782
8108 2 2 1000 21 1071 3388 3373
8109 2 2 1000 21 1072 3389 3374
8110 2 2 1000 21 1073 3390 3375
8111 2 2 1000 21 1074 3391 3376
8112 2 2 1000 21 1113 3270 4136
8113 2 2 1000 21 1114 3271 4137
8114 2 2 1000 21 1115 3272 4138
8115 2 2 1000 21 1116 3273 4139
8116 2 2 1000 21 1470 4137 3271
8117 2 2 1000 21 1469 4136 3270
8118 2 2 1000 21 1472 4139 3273
8119 2 2 1000 21 1471 4138 3272
8120 2 2 1000 21 231 3770 2977
8121 2 2 1000 21 172 3771 2978
8122 2 2 1000 21 54 2979 3772
8123 2 2 1000 21 113 2980 3773
8124 2 2 1000 21 22 3774 2981
8125 2 2 1000 21 81 3775 2982
8126 2 2 1000 21 199 2983 3776
8127 2 2 1000 21 140 2984 3777
8128 2 2 1000 21 537 2946 4232
8129 2 2 1000 21 538 2947 4233
8130 2 2 1000 21 539 2948 4234
8131 2 2 1000 21 540 2949 4235
8132 2 2 1000 21 555 3602 3722
8133 2 2 1000 21 556 3603 3723
8134 2 2 1000 21 1612 3853 3963
8135 2 2 1000 21 1614 3855 3964
8136 2 2 1000 21 1615 3856 3965
8137 2 2 1000 21 1239 3098 4113
8138 2 2 1000 21 1240 3099 4114
8139 2 2 1000 21 1241 3100 4115
8140 2 2 1000 21 1242 3101 4116
8141 2 2 1000 21 1233 4140 3278
8142 2 2 1000 21 1234 4141 3279
8143 2 2 1000 21 1139 3502 3284
8144 2 2 1000 21 1118 2913 3903
8145 2 2 1000 21 1119 2914 3904
8146 2 2 1000 21 1120 2915 3905
8147 2 2 1000 21 1265 2741 4253
8148 2 2 1000 21 1266 2742 4254
8149 2 2 1000 21 1267 2743 4255
8150 2 2 1000 21 1268 2744 4256
8151 2 2 1000 21 1605 3638 3285
8152 2 2 1000 21 1607 3639 3286
8153 2 2 1000 21 1820 3345 4170
8154 2 2 1000 21 1331 4152 2967
8155 2 2 1000 21 1332 4153 2968
8156 2 2 1000 21 529 2967 4152
8157 2 2 1000 21 530 2968 4153
8158 2 2 1000 21 915 4253 2741
8159 2 2 1000 21 916 4254 2742
8160 2 2 1000 21 917 4255 2743
8161 2 2 1000 21 918 4256 2744
8162 2 2 1000 21 1482 3479 3450
8163 2 2 1000 21 1483 3480 3451
8164 2 2 1000 21 1480 3452 3478
8165 2 2 1000 21 1481 3453 3477
8166 2 2 1000 21 1247 4175 3252
8167 2 2 1000 21 1248 4176 3253
8168 2 2 1000 21 345 4050 3126
8169 2 2 1000 21 346 4051 3127
8170 2 2 1000 21 347 4052 3128
8171 2 2 1000 21 348 4053 3129
8172 2 2 1000 21 671 2920 3996
8173 2 2 1000 21 673 2921 3997
8174 2 2 1000 21 672 2922 3998
8175 2 2 1000 21 674 2923 3999
8176 2 2 1000 21 1253 3996 2920
8177 2 2 1000 21 1255 3997 2921
8178 2 2 1000 21 1254 3998 2922
8179 2 2 1000 21 1256 3999 2923
8180 2 2 1000 21 597 3978 4261
8181 2 2 1000 21 598 3979 4262
8182 2 2 1000 21 599 3980 4263
8183 2 2 1000 21 600 3981 4264
8184 2 2 1000 21 1287 2853 4128
8185 2 2 1000 21 1288 2854 4129
8186 2 2 1000 21 389 2783 4271
8187 2 2 1000 21 390 2784 4272
8188 2 2 1000 21 391 2785 4273
8189 2 2 1000 21 392 2786 4274
8190 2 2 1000 21 1203 3478 3452
8191 2 2 1000 21 1204 3477 3453
8192 2 2 1000 21 1201 3450 3479
8193 2 2 1000 21 1202 3451 3480
8194 2 2 1000 21 1002 4146 3049
8195 2 2 1000 21 1004 4147 3050
8196 2 2 1000 21 1620 3049 4146
8197 2 2 1000 21 1621 3050 4147
8198 2 2 1000 21 1107 3544 3540
8199 2 2 1000 21 1105 3542 3538
8200 2 2 1000 21 1108 3545 3541
8201 2 2 1000 21 1106 3543 3539
8202 2 2 1000 21 2187 3540 3544
8203 2 2 1000 21 2185 3538 3542
8204 2 2 1000 21 2188 3541 3545
8205 2 2 1000 21 2186 3539 3543
8206 2 2 1000 21 1269 3179 3720
8207 2 2 1000 21 1270 3178 3721
8208 2 2 1000 21 1275 3722 3181
8209 2 2 1000 21 1276 3723 3180
8210 2 2 1000 21 1213 4091 3009
8211 2 2 1000 21 1214 4092 3010
8212 2 2 1000 21 1215 4093 3011
8213 2 2 1000 21 1216 4094 3012
8214 2 2 1000 21 1191 3581 3325
8215 2 2 1000 21 1192 3582 3326
8216 2 2 1000 21 1193 3583 3327
8217 2 2 1000 21 1194 3584 3328
8218 2 2 1000 21 988 2895 4148
8219 2 2 1000 21 989 2896 4149
8220 2 2 1000 21 990 2897 4150
8221 2 2 1000 21 991 2898 4151
8222 2 2 1000 21 1827 3031 4030
8223 2 2 1000 21 1825 3029 4028
8224 2 2 1000 21 1828 3032 4031
8225 2 2 1000 21 1826 3030 4029
8226 2 2 1000 21 1361 3963 3853
8227 2 2 1000 21 1363 3964 3855
8228 2 2 1000 21 1364 3965 3856
8229 2 2 1000 21 186 3984 3051
8230 2 2 1000 21 127 3986 3052
8231 2 2 1000 21 9 3051 3988
8232 2 2 1000 21 68 3053 3990
8233 2 2 1000 21 67 3985 3053
8234 2 2 1000 21 126 3987 3054
8235 2 2 1000 21 244 3052 3989
8236 2 2 1000 21 185 3054 3991
8237 2 2 1000 21 1253 2920 4154
8238 2 2 1000 21 1254 2922 4155
8239 2 2 1000 21 1255 2921 4156
8240 2 2 1000 21 1256 2923 4157
8241 2 2 1000 21 1504 2959 4117
8242 2 2 1000 21 1505 2960 4118
8243 2 2 1000 21 1506 2961 4119
8244 2 2 1000 21 1507 2962 4120
8245 2 2 1000 21 437 4121 3458
8246 2 2 1000 21 439 4122 3459
8247 2 2 1000 21 440 4123 3460
8248 2 2 1000 21 1477 3458 4121
8249 2 2 1000 21 1478 3459 4122
8250 2 2 1000 21 1479 3460 4123
8251 2 2 1000 21 493 3110 3932
8252 2 2 1000 21 494 3111 3933
8253 2 2 1000 21 495 3112 3934
8254 2 2 1000 21 496 3113 3935
8255 2 2 1000 21 1121 3899 3291
8256 2 2 1000 21 1122 3900 3292
8257 2 2 1000 21 1123 3901 3293
8258 2 2 1000 21 1124 3902 3294
8259 2 2 1000 21 339 3071 3946
8260 2 2 1000 21 340 3072 3947
8261 2 2 1000 21 343 3073 3948
8262 2 2 1000 21 344 3074 3949
8263 2 2 1000 21 1722 3658 3654
8264 2 2 1000 21 1723 3659 3655
8265 2 2 1000 21 1724 3660 3656
8266 2 2 1000 21 1725 3661 3657
8267 2 2 1000 21 1407 3740 3309
8268 2 2 1000 21 1408 3741 3310
8269 2 2 1000 21 1409 3742 3311
8270 2 2 1000 21 1410 3743 3312
8271 2 2 1000 21 1205 3654 3658
8272 2 2 1000 21 1206 3655 3659
8273 2 2 1000 21 1207 3656 3660
8274 2 2 1000 21 1208 3657 3661
8275 2 2 1000 21 581 3398 3891
8276 2 2 1000 21 582 3399 3893
8277 2 2 1000 21 583 3400 3892
8278 2 2 1000 21 584 3401 3894
8279 2 2 1000 21 1225 4232 2946
8280 2 2 1000 21 1226 4233 2947
8281 2 2 1000 21 1227 4234 2948
8282 2 2 1000 21 1228 4235 2949
8283 2 2 1000 21 1277 3932 3110
8284 2 2 1000 21 1278 3933 3111
8285 2 2 1000 21 1279 3934 3112
8286 2 2 1000 21 1280 3935 3113
8287 2 2 1000 21 1145 3222 3834
8288 2 2 1000 21 1146 3223 3835
8289 2 2 1000 21 1147 3224 3836
8290 2 2 1000 21 1148 3225 3837
8291 2 2 1000 21 1113 4136 3017
8292 2 2 1000 21 1114 4137 3018
8293 2 2 1000 21 1115 4138 3019
8294 2 2 1000 21 1116 4139 3020
8295 2 2 1000 21 1269 4193 3179
8296 2 2 1000 21 1270 4192 3178
8297 2 2 1000 21 1271 4195 3181
8298 2 2 1000 21 1272 4194 3180
8299 2 2 1000 21 1612 3454 3853
8300 2 2 1000 21 1613 3455 3854
8301 2 2 1000 21 1614 3456 3855
8302 2 2 1000 21 1615 3457 3856
8303 2 2 1000 21 2109 3684 3618
8304 2 2 1000 21 2110 3685 3619
8305 2 2 1000 21 2111 3686 3620
8306 2 2 1000 21 2112 3687 3621
8307 2 2 1000 21 1726 4193 3614
8308 2 2 1000 21 1727 4192 3615
8309 2 2 1000 21 1728 4195 3616
8310 2 2 1000 21 1729 4194 3617
8311 2 2 1000 21 1315 3750 3422
8312 2 2 1000 21 1317 3751 3424
8313 2 2 1000 21 1316 3752 3423
8314 2 2 1000 21 1318 3753 3425
8315 2 2 1000 21 1654 3085 4130
8316 2 2 1000 21 1655 3086 4131
8317 2 2 1000 21 1656 3087 4132
8318 2 2 1000 21 1657 3088 4133
8319 2 2 1000 21 641 3955 3525
8320 2 2 1000 21 642 3956 3526
8321 2 2 1000 21 643 3957 3527
8322 2 2 1000 21 644 3958 3528
8323 2 2 1000 21 1407 3525 3955
8324 2 2 1000 21 1408 3526 3956
8325 2 2 1000 21 1409 3527 3957
8326 2 2 1000 21 1410 3528 3958
8327 2 2 1000 21 954 3762 4034
8328 2 2 1000 21 955 3763 4035
8329 2 2 1000 21 952 3760 4032
8330 2 2 1000 21 953 3761 4033
8331 2 2 1000 21 1229 3234 4004
8332 2 2 1000 21 1230 3235 4005
8333 2 2 1000 21 1231 3236 4006
8334 2 2 1000 21 1232 3237 4007
8335 2 2 1000 21 1141 3618 3684
8336 2 2 1000 21 1142 3619 3685
8337 2 2 1000 21 1143 3620 3686
8338 2 2 1000 21 1144 3621 3687
8339 2 2 1000 21 1536 4034 3762
8340 2 2 1000 21 1537 4035 3763
8341 2 2 1000 21 1534 4032 3760
8342 2 2 1000 21 1535 4033 3761
8343 2 2 1000 21 1035 3191 4103
8344 2 2 1000 21 1036 3192 4104
8345 2 2 1000 21 1037 4105 3193
8346 2 2 1000 21 1038 4106 3194
8347 2 2 1000 21 1039 3195 4107
8348 2 2 1000 21 1040 3196 4108
8349 2 2 1000 21 1041 4109 3197
8350 2 2 1000 21 1042 4110 3198
8351 2 2 1000 21 1998 4103 3191
8352 2 2 1000 21 1999 4104 3192
8353 2 2 1000 21 1996 3193 4105
8354 2 2 1000 21 1997 3194 4106
8355 2 2 1000 21 2002 4107 3195
8356 2 2 1000 21 2003 4108 3196
8357 2 2 1000 21 2000 3197 4109
8358 2 2 1000 21 2001 3198 4110
8359 2 2 1000 21 1821 3996 4000
8360 2 2 1000 21 1823 3998 4002
8361 2 2 1000 21 1822 3997 4001
8362 2 2 1000 21 1824 3999 4003
8363 2 2 1000 21 781 3977 3278
8364 2 2 1000 21 782 3976 3279
8365 2 2 1000 21 1253 4000 3996
8366 2 2 1000 21 1254 4002 3998
8367 2 2 1000 21 1255 4001 3997
8368 2 2 1000 21 1256 4003 3999
8369 2 2 1000 21 349 3270 4012
8370 2 2 1000 21 350 3271 4013
8371 2 2 1000 21 351 3272 4014
8372 2 2 1000 21 352 3273 4015
8373 2 2 1000 21 573 3853 3454
8374 2 2 1000 21 574 3854 3455
8375 2 2 1000 21 575 3855 3456
8376 2 2 1000 21 576 3856 3457
8377 2 2 1000 21 2234 3406 4249
8378 2 2 1000 21 2235 3407 4248
8379 2 2 1000 21 2232 4247 3408
8380 2 2 1000 21 2233 4246 3409
8381 2 2 1000 21 558 3910 3379
8382 2 2 1000 21 557 3911 3380
8383 2 2 1000 21 560 3913 3381
8384 2 2 1000 21 559 3912 3382
8385 2 2 1000 21 1658 3891 3398
8386 2 2 1000 21 1659 3893 3399
8387 2 2 1000 21 1660 3892 3400
8388 2 2 1000 21 1661 3894 3401
8389 2 2 1000 21 1247 3182 4175
8390 2 2 1000 21 1248 3183 4176
8391 2 2 1000 21 680 3178 4192
8392 2 2 1000 21 679 3179 4193
8393 2 2 1000 21 682 3180 4194
8394 2 2 1000 21 681 3181 4195
8395 2 2 1000 21 956 4095 3790
8396 2 2 1000 21 957 4096 3791
8397 2 2 1000 21 958 4097 3792
8398 2 2 1000 21 959 4098 3793
8399 2 2 1000 21 1520 3790 4095
8400 2 2 1000 21 1521 3791 4096
8401 2 2 1000 21 1522 3792 4097
8402 2 2 1000 21 1523 3793 4098
8403 2 2 1000 21 1289 3930 3924
8404 2 2 1000 21 1290 3931 3925
8405 2 2 1000 21 1734 3924 3930
8406 2 2 1000 21 1735 3925 3931
8407 2 2 1000 21 345 3436 4050
8408 2 2 1000 21 346 3437 4051
8409 2 2 1000 21 347 3438 4052
8410 2 2 1000 21 348 3439 4053
8411 2 2 1000 21 1375 4050 3436
8412 2 2 1000 21 1376 4051 3437
8413 2 2 1000 21 1377 4052 3438
8414 2 2 1000 21 1378 4053 3439
8415 2 2 1000 21 1269 3614 4193
8416 2 2 1000 21 1270 3615 4192
8417 2 2 1000 21 1271 3616 4195
8418 2 2 1000 21 1272 3617 4194
8419 2 2 1000 21 399 4170 3345
8420 2 2 1000 21 292 3264 4236
8421 2 2 1000 21 310 3265 4237
8422 2 2 1000 21 274 3266 4238
8423 2 2 1000 21 256 3267 4239
8424 2 2 1000 21 1265 4253 3287
8425 2 2 1000 21 1266 4254 3288
8426 2 2 1000 21 1267 4255 3289
8427 2 2 1000 21 1268 4256 3290
8428 2 2 1000 21 1297 4196 4200
8429 2 2 1000 21 1298 4197 4201
8430 2 2 1000 21 1299 4198 4202
8431 2 2 1000 21 1300 4199 4203
8432 2 2 1000 21 1854 4200 4196
8433 2 2 1000 21 1855 4201 4197
8434 2 2 1000 21 1856 4202 4198
8435 2 2 1000 21 1857 4203 4199
8436 2 2 1000 21 1770 4229 3346
8437 2 2 1000 21 1562 4034 4259
8438 2 2 1000 21 1563 4035 4260
8439 2 2 1000 21 1560 4032 4257
8440 2 2 1000 21 1561 4033 4258
8441 2 2 1000 21 1447 3566 4251
8442 2 2 1000 21 1449 3567 4252
8443 2 2 1000 21 633 4251 3566
8444 2 2 1000 21 634 4252 3567
8445 2 2 1000 21 1448 3568 4269
8446 2 2 1000 21 1450 3569 4270
8447 2 2 1000 21 635 4269 3568
8448 2 2 1000 21 636 4270 3569
8449 2 2 1000 21 1730 4087 4261
8450 2 2 1000 21 1731 4088 4262
8451 2 2 1000 21 1732 4089 4263
8452 2 2 1000 21 1733 4090 4264
8453 2 2 1000 21 1520 4095 4124
8454 2 2 1000 21 1521 4096 4125
8455 2 2 1000 21 1522 4097 4126
8456 2 2 1000 21 1523 4098 4127
8457 2 2 1000 21 1542 4124 4095
8458 2 2 1000 21 1543 4125 4096
8459 2 2 1000 21 1544 4126 4097
8460 2 2 1000 21 1545 4127 4098
8461 2 2 1000 21 1534 4257 4032
8462 2 2 1000 21 1535 4258 4033
8463 2 2 1000 21 1536 4259 4034
8464 2 2 1000 21 1537 4260 4035
8465 2 2 1000 21 1403 4261 4087
8466 2 2 1000 21 1404 4262 4088
8467 2 2 1000 21 1405 4263 4089
8468 2 2 1000 21 1406 4264 4090
8469 2 2 1000 21 1576 4216 4221
8470 2 2 1000 21 1577 4217 4222
8471 2 2 1000 21 1578 4218 4223
8472 2 2 1000 21 1579 4219 4224
8473 2 2 1000 21 1658 4221 4216
8474 2 2 1000 21 1659 4222 4217
8475 2 2 1000 21 1660 4223 4218
8476 2 2 1000 21 1661 4224 4219
$EndElements
