$MeshFormat
2.2 0 8
$EndMeshFormat
$Nodes
1681
1 -1 -1 0
2 -1 1 0
3 1 1 0
4 1 -1 0
5 -0.9500000000001386 -1 0
6 -0.9000000000002772 -1 0
7 -0.8500000000004159 -1 0
8 -0.8000000000005545 -1 0
9 -0.7500000000006932 -1 0
10 -0.7000000000008318 -1 0
11 -0.6500000000009706 -1 0
12 -0.6000000000011093 -1 0
13 -0.5500000000012479 -1 0
14 -0.5000000000013867 -1 0
15 -0.4500000000015252 -1 0
16 -0.4000000000016637 -1 0
17 -0.3500000000018022 -1 0
18 -0.3000000000019408 -1 0
19 -0.2500000000020793 -1 0
20 -0.2000000000022178 -1 0
21 -0.1500000000023564 -1 0
22 -0.1000000000024949 -1 0
23 -0.05000000000263349 -1 0
24 -2.750244476601438e-12 -1 0
25 0.04999999999736682 -1 0
26 0.09999999999750542 -1 0
27 0.149999999997644 -1 0
28 0.1999999999977826 -1 0
29 0.2499999999979212 -1 0
30 0.2999999999980598 -1 0
31 0.3499999999981982 -1 0
32 0.3999999999983368 -1 0
33 0.4499999999984754 -1 0
34 0.499999999998614 -1 0
35 0.5499999999987526 -1 0
36 0.5999999999988912 -1 0
37 0.6499999999990298 -1 0
38 0.6999999999991684 -1 0
39 0.749999999999307 -1 0
40 0.7999999999994456 -1 0
41 0.8499999999995842 -1 0
42 0.8999999999997226 -1 0
43 0.9499999999998612 -1 0
44 1 -0.9500000000001386 0
45 1 -0.9000000000002772 0
46 1 -0.8500000000004159 0
47 1 -0.8000000000005545 0
48 1 -0.7500000000006932 0
49 1 -0.7000000000008318 0
50 1 -0.6500000000009706 0
51 1 -0.6000000000011093 0
52 1 -0.5500000000012479 0
53 1 -0.5000000000013867 0
54 1 -0.4500000000015252 0
55 1 -0.4000000000016637 0
56 1 -0.3500000000018022 0
57 1 -0.3000000000019408 0
58 1 -0.2500000000020793 0
59 1 -0.2000000000022178 0
60 1 -0.1500000000023564 0
61 1 -0.1000000000024949 0
62 1 -0.05000000000263349 0
63 1 -2.750244476601438e-12 0
64 1 0.04999999999736682 0
65 1 0.09999999999750542 0
66 1 0.149999999997644 0
67 1 0.1999999999977826 0
68 1 0.2499999999979212 0
69 1 0.2999999999980598 0
70 1 0.3499999999981982 0
71 1 0.3999999999983368 0
72 1 0.4499999999984754 0
73 1 0.499999999998614 0
74 1 0.5499999999987526 0
75 1 0.5999999999988912 0
76 1 0.6499999999990298 0
77 1 0.6999999999991684 0
78 1 0.749999999999307 0
79 1 0.7999999999994456 0
80 1 0.8499999999995842 0
81 1 0.8999999999997226 0
82 1 0.9499999999998612 0
83 0.9500000000001386 1 0
84 0.9000000000002772 1 0
85 0.8500000000004159 1 0
86 0.8000000000005545 1 0
87 0.7500000000006932 1 0
88 0.7000000000008318 1 0
89 0.6500000000009706 1 0
90 0.6000000000011093 1 0
91 0.5500000000012479 1 0
92 0.5000000000013867 1 0
93 0.4500000000015252 1 0
94 0.4000000000016637 1 0
95 0.3500000000018022 1 0
96 0.3000000000019408 1 0
97 0.2500000000020793 1 0
98 0.2000000000022178 1 0
99 0.1500000000023564 1 0
100 0.1000000000024949 1 0
101 0.05000000000263349 1 0
102 2.750244476601438e-12 1 0
103 -0.04999999999736682 1 0
104 -0.09999999999750542 1 0
105 -0.149999999997644 1 0
106 -0.1999999999977826 1 0
107 -0.2499999999979212 1 0
108 -0.2999999999980598 1 0
109 -0.3499999999981982 1 0
110 -0.3999999999983368 1 0
111 -0.4499999999984754 1 0
112 -0.499999999998614 1 0
113 -0.5499999999987526 1 0
114 -0.5999999999988912 1 0
115 -0.6499999999990298 1 0
116 -0.6999999999991684 1 0
117 -0.749999999999307 1 0
118 -0.7999999999994456 1 0
119 -0.8499999999995842 1 0
120 -0.8999999999997226 1 0
121 -0.9499999999998612 1 0
122 -1 0.9500000000001386 0
123 -1 0.9000000000002772 0
124 -1 0.8500000000004159 0
125 -1 0.8000000000005545 0
126 -1 0.7500000000006932 0
127 -1 0.7000000000008318 0
128 -1 0.6500000000009706 0
129 -1 0.6000000000011093 0
130 -1 0.5500000000012479 0
131 -1 0.5000000000013867 0
132 -1 0.4500000000015252 0
133 -1 0.4000000000016637 0
134 -1 0.3500000000018022 0
135 -1 0.3000000000019408 0
136 -1 0.2500000000020793 0
137 -1 0.2000000000022178 0
138 -1 0.1500000000023564 0
139 -1 0.1000000000024949 0
140 -1 0.05000000000263349 0
141 -1 2.750244476601438e-12 0
142 -1 -0.04999999999736682 0
143 -1 -0.09999999999750542 0
144 -1 -0.149999999997644 0
145 -1 -0.1999999999977826 0
146 -1 -0.2499999999979212 0
147 -1 -0.2999999999980598 0
148 -1 -0.3499999999981982 0
149 -1 -0.3999999999983368 0
150 -1 -0.4499999999984754 0
151 -1 -0.499999999998614 0
152 -1 -0.5499999999987526 0
153 -1 -0.5999999999988912 0
154 -1 -0.6499999999990298 0
155 -1 -0.6999999999991684 0
156 -1 -0.749999999999307 0
157 -1 -0.7999999999994456 0
158 -1 -0.8499999999995842 0
159 -1 -0.8999999999997226 0
160 -1 -0.9499999999998612 0
161 -0.9500000000001319 -0.9499999999998683 0
162 -0.9500000000001249 -0.8999999999997362 0
163 -0.9500000000001178 -0.849999999999605 0
164 -0.9500000000001109 -0.7999999999994732 0
165 -0.9500000000001041 -0.7499999999993416 0
166 -0.950000000000097 -0.6999999999992099 0
167 -0.9500000000000901 -0.6499999999990782 0
168 -0.9500000000000832 -0.5999999999989467 0
169 -0.9500000000000761 -0.5499999999988148 0
170 -0.9500000000000693 -0.4999999999986834 0
171 -0.9500000000000625 -0.4499999999985514 0
172 -0.9500000000000555 -0.3999999999984199 0
173 -0.9500000000000486 -0.3499999999982883 0
174 -0.9500000000000416 -0.299999999998157 0
175 -0.9500000000000346 -0.2499999999980251 0
176 -0.9500000000000277 -0.1999999999978935 0
177 -0.9500000000000206 -0.1499999999977618 0
178 -0.9500000000000139 -0.09999999999763021 0
179 -0.9500000000000068 -0.04999999999749849 0
180 -0.95 2.612743355001612e-12 0
181 -0.9499999999999931 0.05000000000250177 0
182 -0.949999999999986 0.1000000000023701 0
183 -0.9499999999999791 0.1500000000022385 0
184 -0.9499999999999722 0.2000000000021069 0
185 -0.9499999999999651 0.2500000000019753 0
186 -0.9499999999999585 0.3000000000018439 0
187 -0.9499999999999514 0.3500000000017121 0
188 -0.9499999999999443 0.4000000000015805 0
189 -0.9499999999999377 0.4500000000014491 0
190 -0.9499999999999305 0.5000000000013174 0
191 -0.9499999999999234 0.5500000000011855 0
192 -0.9499999999999167 0.6000000000010539 0
193 -0.9499999999999098 0.650000000000922 0
194 -0.9499999999999027 0.7000000000007901 0
195 -0.9499999999998958 0.7500000000006585 0
196 -0.9499999999998893 0.800000000000527 0
197 -0.9499999999998822 0.8500000000003951 0
198 -0.9499999999998751 0.9000000000002635 0
199 -0.9499999999998684 0.9500000000001316 0
200 -0.9000000000002634 -0.9499999999998751 0
201 -0.9000000000002495 -0.8999999999997506 0
202 -0.9000000000002356 -0.8499999999996256 0
203 -0.9000000000002217 -0.7999999999995011 0
204 -0.900000000000208 -0.7499999999993763 0
205 -0.9000000000001941 -0.6999999999992518 0
206 -0.9000000000001803 -0.6499999999991269 0
207 -0.9000000000001664 -0.599999999999002 0
208 -0.9000000000001522 -0.5499999999988774 0
209 -0.9000000000001385 -0.4999999999987528 0
210 -0.9000000000001247 -0.4499999999986279 0
211 -0.9000000000001107 -0.3999999999985031 0
212 -0.9000000000000969 -0.3499999999983786 0
213 -0.9000000000000832 -0.2999999999982539 0
214 -0.9000000000000692 -0.2499999999981292 0
215 -0.9000000000000554 -0.1999999999980044 0
216 -0.9000000000000414 -0.1499999999978796 0
217 -0.9000000000000276 -0.09999999999775494 0
218 -0.9000000000000139 -0.04999999999763011 0
219 -0.8999999999999999 2.475242233401787e-12 0
220 -0.8999999999999861 0.05000000000237015 0
221 -0.8999999999999722 0.1000000000022454 0
222 -0.8999999999999584 0.1500000000021208 0
223 -0.8999999999999446 0.200000000001996 0
224 -0.8999999999999304 0.2500000000018715 0
225 -0.8999999999999166 0.3000000000017468 0
226 -0.8999999999999029 0.350000000001622 0
227 -0.8999999999998889 0.4000000000014974 0
228 -0.8999999999998751 0.4500000000013726 0
229 -0.8999999999998614 0.5000000000012481 0
230 -0.8999999999998474 0.5500000000011231 0
231 -0.8999999999998336 0.6000000000009984 0
232 -0.8999999999998198 0.6500000000008737 0
233 -0.8999999999998058 0.7000000000007487 0
234 -0.8999999999997919 0.7500000000006239 0
235 -0.8999999999997781 0.800000000000499 0
236 -0.8999999999997643 0.8500000000003742 0
237 -0.8999999999997503 0.9000000000002495 0
238 -0.8999999999997363 0.9500000000001247 0
239 -0.850000000000395 -0.9499999999998822 0
240 -0.8500000000003743 -0.8999999999997644 0
241 -0.8500000000003534 -0.8499999999996464 0
242 -0.8500000000003327 -0.7999999999995289 0
243 -0.8500000000003118 -0.7499999999994109 0
244 -0.8500000000002911 -0.6999999999992931 0
245 -0.8500000000002705 -0.6499999999991755 0
246 -0.8500000000002496 -0.5999999999990576 0
247 -0.8500000000002288 -0.5499999999989396 0
248 -0.8500000000002078 -0.4999999999988222 0
249 -0.8500000000001873 -0.4499999999987041 0
250 -0.8500000000001662 -0.3999999999985863 0
251 -0.8500000000001458 -0.3499999999984685 0
252 -0.8500000000001249 -0.299999999998351 0
253 -0.850000000000104 -0.2499999999982331 0
254 -0.8500000000000829 -0.1999999999981152 0
255 -0.8500000000000625 -0.1499999999979975 0
256 -0.8500000000000415 -0.09999999999787956 0
257 -0.850000000000021 -0.04999999999776178 0
258 -0.8500000000000001 2.33768560065073e-12 0
259 -0.8499999999999794 0.05000000000223842 0
260 -0.8499999999999583 0.1000000000021208 0
261 -0.8499999999999377 0.150000000002003 0
262 -0.849999999999917 0.2000000000018851 0
263 -0.8499999999998962 0.2500000000017675 0
264 -0.8499999999998753 0.3000000000016499 0
265 -0.8499999999998543 0.350000000001532 0
266 -0.8499999999998338 0.4000000000014141 0
267 -0.8499999999998131 0.4500000000012965 0
268 -0.8499999999997921 0.5000000000011787 0
269 -0.8499999999997714 0.5500000000010609 0
270 -0.8499999999997505 0.6000000000009429 0
271 -0.8499999999997295 0.650000000000825 0
272 -0.849999999999709 0.7000000000007072 0
273 -0.8499999999996882 0.7500000000005891 0
274 -0.8499999999996675 0.8000000000004716 0
275 -0.8499999999996466 0.8500000000003534 0
276 -0.8499999999996256 0.9000000000002355 0
277 -0.8499999999996048 0.950000000000118 0
278 -0.8000000000005268 -0.949999999999889 0
279 -0.800000000000499 -0.8999999999997781 0
280 -0.8000000000004712 -0.8499999999996672 0
281 -0.8000000000004437 -0.7999999999995564 0
282 -0.8000000000004159 -0.7499999999994456 0
283 -0.8000000000003878 -0.6999999999993348 0
284 -0.8000000000003604 -0.6499999999992239 0
285 -0.8000000000003328 -0.5999999999991131 0
286 -0.8000000000003049 -0.5499999999990022 0
287 -0.8000000000002772 -0.4999999999988913 0
288 -0.8000000000002496 -0.4499999999987803 0
289 -0.8000000000002219 -0.3999999999986695 0
290 -0.8000000000001941 -0.3499999999985586 0
291 -0.8000000000001664 -0.2999999999984481 0
292 -0.8000000000001388 -0.249999999998337 0
293 -0.8000000000001111 -0.1999999999982262 0
294 -0.8000000000000833 -0.1499999999981153 0
295 -0.8000000000000556 -0.0999999999980043 0
296 -0.8000000000000278 -0.04999999999789351 0
297 -0.8000000000000003 2.200184479050904e-12 0
298 -0.7999999999999723 0.0500000000021068 0
299 -0.7999999999999445 0.1000000000019959 0
300 -0.7999999999999168 0.1500000000018851 0
301 -0.7999999999998892 0.2000000000017744 0
302 -0.7999999999998615 0.2500000000016635 0
303 -0.7999999999998337 0.3000000000015529 0
304 -0.7999999999998058 0.3500000000014418 0
305 -0.7999999999997782 0.4000000000013309 0
306 -0.7999999999997505 0.4500000000012202 0
307 -0.7999999999997227 0.5000000000011094 0
308 -0.7999999999996952 0.5500000000009984 0
309 -0.7999999999996672 0.6000000000008876 0
310 -0.7999999999996397 0.6500000000007764 0
311 -0.7999999999996119 0.7000000000006654 0
312 -0.7999999999995842 0.7500000000005544 0
313 -0.7999999999995566 0.8000000000004435 0
314 -0.7999999999995286 0.8500000000003327 0
315 -0.7999999999995011 0.9000000000002217 0
316 -0.7999999999994734 0.9500000000001108 0
317 -0.7500000000006589 -0.9499999999998959 0
318 -0.7500000000006237 -0.8999999999997919 0
319 -0.7500000000005893 -0.8499999999996881 0
320 -0.7500000000005547 -0.7999999999995844 0
321 -0.7500000000005198 -0.7499999999994802 0
322 -0.7500000000004854 -0.6999999999993765 0
323 -0.7500000000004508 -0.6499999999992723 0
324 -0.7500000000004161 -0.5999999999991685 0
325 -0.7500000000003813 -0.5499999999990643 0
326 -0.7500000000003468 -0.4999999999989606 0
327 -0.750000000000312 -0.4499999999988566 0
328 -0.7500000000002776 -0.3999999999987526 0
329 -0.7500000000002424 -0.3499999999986488 0
330 -0.7500000000002081 -0.299999999998545 0
331 -0.7500000000001734 -0.249999999998441 0
332 -0.7500000000001388 -0.199999999998337 0
333 -0.7500000000001041 -0.1499999999982331 0
334 -0.7500000000000693 -0.09999999999812914 0
335 -0.7500000000000349 -0.04999999999802518 0
336 -0.7500000000000002 2.062683357451078e-12 0
337 -0.7499999999999654 0.05000000000197513 0
338 -0.7499999999999307 0.1000000000018712 0
339 -0.7499999999998961 0.1500000000017673 0
340 -0.7499999999998614 0.2000000000016634 0
341 -0.749999999999827 0.2500000000015596 0
342 -0.7499999999997922 0.3000000000014557 0
343 -0.7499999999997575 0.3500000000013517 0
344 -0.7499999999997229 0.4000000000012478 0
345 -0.7499999999996882 0.450000000001144 0
346 -0.7499999999996536 0.5000000000010401 0
347 -0.749999999999619 0.5500000000009362 0
348 -0.7499999999995842 0.6000000000008321 0
349 -0.7499999999995497 0.650000000000728 0
350 -0.7499999999995151 0.7000000000006239 0
351 -0.7499999999994804 0.7500000000005198 0
352 -0.7499999999994456 0.8000000000004159 0
353 -0.7499999999994111 0.8500000000003118 0
354 -0.7499999999993763 0.900000000000208 0
355 -0.7499999999993419 0.9500000000001041 0
356 -0.7000000000007904 -0.9499999999999029 0
357 -0.7000000000007488 -0.899999999999806 0
358 -0.7000000000007073 -0.8499999999997089 0
359 -0.7000000000006655 -0.7999999999996118 0
360 -0.7000000000006241 -0.7499999999995151 0
361 -0.7000000000005824 -0.699999999999418 0
362 -0.7000000000005406 -0.6499999999993211 0
363 -0.7000000000004993 -0.599999999999224 0
364 -0.7000000000004576 -0.549999999999127 0
365 -0.7000000000004162 -0.4999999999990298 0
366 -0.7000000000003747 -0.449999999998933 0
367 -0.7000000000003328 -0.3999999999988358 0
368 -0.7000000000002913 -0.3499999999987389 0
369 -0.7000000000002498 -0.299999999998642 0
370 -0.700000000000208 -0.2499999999985449 0
371 -0.7000000000001666 -0.1999999999984479 0
372 -0.700000000000125 -0.1499999999983509 0
373 -0.7000000000000832 -0.09999999999825387 0
374 -0.7000000000000417 -0.04999999999815685 0
375 -0.7000000000000002 1.925126724700021e-12 0
376 -0.6999999999999584 0.05000000000184346 0
377 -0.6999999999999169 0.1000000000017465 0
378 -0.6999999999998754 0.1500000000016494 0
379 -0.6999999999998336 0.2000000000015525 0
380 -0.6999999999997923 0.2500000000014556 0
381 -0.6999999999997507 0.3000000000013587 0
382 -0.6999999999997091 0.3500000000012616 0
383 -0.6999999999996676 0.4000000000011648 0
384 -0.6999999999996259 0.4500000000010678 0
385 -0.6999999999995843 0.5000000000009708 0
386 -0.6999999999995428 0.5500000000008736 0
387 -0.6999999999995011 0.6000000000007766 0
388 -0.6999999999994595 0.6500000000006795 0
389 -0.699999999999418 0.7000000000005824 0
390 -0.6999999999993763 0.7500000000004854 0
391 -0.6999999999993347 0.8000000000003881 0
392 -0.6999999999992932 0.8500000000002912 0
393 -0.6999999999992514 0.9000000000001941 0
394 -0.6999999999992099 0.9500000000000969 0
395 -0.6500000000009218 -0.9499999999999098 0
396 -0.6500000000008738 -0.8999999999998197 0
397 -0.6500000000008248 -0.8499999999997299 0
398 -0.6500000000007766 -0.7999999999996397 0
399 -0.650000000000728 -0.7499999999995497 0
400 -0.6500000000006794 -0.6999999999994595 0
401 -0.6500000000006312 -0.6499999999993695 0
402 -0.6500000000005823 -0.5999999999992796 0
403 -0.650000000000534 -0.5499999999991891 0
404 -0.6500000000004856 -0.4999999999990991 0
405 -0.6500000000004369 -0.4499999999990092 0
406 -0.6500000000003884 -0.3999999999989192 0
407 -0.6500000000003399 -0.3499999999988288 0
408 -0.6500000000002915 -0.2999999999987391 0
409 -0.6500000000002426 -0.2499999999986487 0
410 -0.6500000000001942 -0.1999999999985588 0
411 -0.6500000000001456 -0.1499999999984687 0
412 -0.6500000000000972 -0.09999999999837866 0
413 -0.6500000000000488 -0.04999999999828852 0
414 -0.6500000000000001 1.787625603100196e-12 0
415 -0.6499999999999517 0.0500000000017119 0
416 -0.6499999999999031 0.1000000000016217 0
417 -0.6499999999998547 0.1500000000015317 0
418 -0.6499999999998061 0.2000000000014416 0
419 -0.6499999999997574 0.2500000000013516 0
420 -0.649999999999709 0.3000000000012616 0
421 -0.6499999999996607 0.3500000000011715 0
422 -0.6499999999996121 0.4000000000010815 0
423 -0.6499999999995636 0.4500000000009914 0
424 -0.649999999999515 0.5000000000009015 0
425 -0.6499999999994666 0.5500000000008114 0
426 -0.6499999999994179 0.6000000000007213 0
427 -0.6499999999993694 0.650000000000631 0
428 -0.6499999999993209 0.7000000000005405 0
429 -0.6499999999992725 0.7500000000004508 0
430 -0.6499999999992239 0.8000000000003604 0
431 -0.6499999999991753 0.8500000000002703 0
432 -0.6499999999991268 0.9000000000001801 0
433 -0.6499999999990784 0.9500000000000901 0
434 -0.6000000000010537 -0.9499999999999167 0
435 -0.6000000000009986 -0.8999999999998336 0
436 -0.600000000000943 -0.8499999999997504 0
437 -0.6000000000008877 -0.7999999999996673 0
438 -0.6000000000008319 -0.7499999999995843 0
439 -0.6000000000007768 -0.6999999999995012 0
440 -0.6000000000007211 -0.6499999999994179 0
441 -0.6000000000006658 -0.5999999999993348 0
442 -0.6000000000006102 -0.5499999999992518 0
443 -0.6000000000005548 -0.4999999999991684 0
444 -0.6000000000004992 -0.4499999999990854 0
445 -0.6000000000004437 -0.3999999999990022 0
446 -0.6000000000003886 -0.349999999998919 0
447 -0.600000000000333 -0.2999999999988362 0
448 -0.6000000000002778 -0.2499999999987529 0
449 -0.6000000000002221 -0.1999999999986697 0
450 -0.6000000000001666 -0.1499999999985865 0
451 -0.6000000000001111 -0.09999999999850334 0
452 -0.6000000000000556 -0.0499999999984202 0
453 -0.6000000000000003 1.65012448150037e-12 0
454 -0.5999999999999448 0.05000000000158022 0
455 -0.5999999999998893 0.1000000000014969 0
456 -0.599999999999834 0.1500000000014138 0
457 -0.5999999999997785 0.2000000000013308 0
458 -0.5999999999997231 0.2500000000012478 0
459 -0.5999999999996676 0.3000000000011647 0
460 -0.5999999999996122 0.3500000000010813 0
461 -0.5999999999995567 0.4000000000009982 0
462 -0.5999999999995012 0.4500000000009152 0
463 -0.5999999999994459 0.5000000000008322 0
464 -0.5999999999993904 0.5500000000007488 0
465 -0.5999999999993348 0.6000000000006658 0
466 -0.5999999999992794 0.6500000000005823 0
467 -0.5999999999992239 0.7000000000004993 0
468 -0.5999999999991684 0.7500000000004161 0
469 -0.599999999999113 0.8000000000003328 0
470 -0.5999999999990577 0.8500000000002493 0
471 -0.5999999999990022 0.9000000000001664 0
472 -0.5999999999989468 0.9500000000000832 0
473 -0.5500000000011855 -0.9499999999999236 0
474 -0.5500000000011231 -0.8999999999998474 0
475 -0.5500000000010609 -0.849999999999771 0
476 -0.5500000000009986 -0.799999999999695 0
477 -0.550000000000936 -0.7499999999996187 0
478 -0.5500000000008738 -0.6999999999995427 0
479 -0.5500000000008112 -0.6499999999994664 0
480 -0.550000000000749 -0.5999999999993904 0
481 -0.5500000000006863 -0.5499999999993139 0
482 -0.5500000000006239 -0.4999999999992377 0
483 -0.5500000000005618 -0.4499999999991617 0
484 -0.5500000000004992 -0.3999999999990854 0
485 -0.5500000000004368 -0.349999999999009 0
486 -0.5500000000003744 -0.2999999999989329 0
487 -0.5500000000003122 -0.2499999999988569 0
488 -0.5500000000002498 -0.1999999999987805 0
489 -0.5500000000001875 -0.1499999999987043 0
490 -0.5500000000001251 -0.09999999999862802 0
491 -0.5500000000000627 -0.04999999999855187 0
492 -0.5500000000000003 1.512623359900545e-12 0
493 -0.5499999999999379 0.0500000000014485 0
494 -0.5499999999998755 0.1000000000013722 0
495 -0.5499999999998131 0.1500000000012961 0
496 -0.5499999999997507 0.2000000000012199 0
497 -0.5499999999996883 0.2500000000011438 0
498 -0.5499999999996259 0.3000000000010676 0
499 -0.5499999999995635 0.3500000000009913 0
500 -0.5499999999995013 0.4000000000009152 0
501 -0.5499999999994387 0.450000000000839 0
502 -0.5499999999993765 0.5000000000007628 0
503 -0.5499999999993141 0.5500000000006866 0
504 -0.5499999999992518 0.6000000000006103 0
505 -0.5499999999991894 0.6500000000005339 0
506 -0.549999999999127 0.7000000000004576 0
507 -0.5499999999990646 0.7500000000003813 0
508 -0.5499999999990022 0.8000000000003049 0
509 -0.5499999999989398 0.8500000000002288 0
510 -0.5499999999988774 0.9000000000001525 0
511 -0.549999999998815 0.9500000000000761 0
512 -0.5000000000013174 -0.9499999999999305 0
513 -0.5000000000012481 -0.8999999999998611 0
514 -0.5000000000011786 -0.849999999999792 0
515 -0.5000000000011093 -0.7999999999997229 0
516 -0.5000000000010401 -0.7499999999996534 0
517 -0.5000000000009707 -0.6999999999995844 0
518 -0.5000000000009014 -0.6499999999995151 0
519 -0.5000000000008321 -0.5999999999994458 0
520 -0.5000000000007626 -0.5499999999993765 0
521 -0.5000000000006934 -0.499999999999307 0
522 -0.5000000000006241 -0.4499999999992377 0
523 -0.5000000000005549 -0.3999999999991685 0
524 -0.5000000000004856 -0.3499999999990993 0
525 -0.5000000000004163 -0.29999999999903 0
526 -0.5000000000003468 -0.2499999999989608 0
527 -0.5000000000002776 -0.1999999999988914 0
528 -0.5000000000002083 -0.149999999998822 0
529 -0.500000000000139 -0.09999999999875275 0
530 -0.5000000000000697 -0.04999999999868343 0
531 -0.5000000000000002 1.375122238300719e-12 0
532 -0.4999999999999309 0.05000000000131682 0
533 -0.4999999999998617 0.1000000000012475 0
534 -0.4999999999997924 0.1500000000011783 0
535 -0.4999999999997231 0.2000000000011091 0
536 -0.4999999999996538 0.2500000000010398 0
537 -0.4999999999995846 0.3000000000009706 0
538 -0.4999999999995153 0.3500000000009012 0
539 -0.4999999999994458 0.400000000000832 0
540 -0.4999999999993765 0.4500000000007628 0
541 -0.4999999999993072 0.5000000000006934 0
542 -0.4999999999992379 0.550000000000624 0
543 -0.4999999999991684 0.6000000000005548 0
544 -0.4999999999990992 0.6500000000004855 0
545 -0.4999999999990299 0.7000000000004161 0
546 -0.4999999999989606 0.7500000000003466 0
547 -0.4999999999988913 0.8000000000002774 0
548 -0.4999999999988221 0.8500000000002079 0
549 -0.4999999999987526 0.9000000000001387 0
550 -0.4999999999986833 0.9500000000000692 0
551 -0.450000000001449 -0.9499999999999377 0
552 -0.4500000000013726 -0.8999999999998753 0
553 -0.4500000000012965 -0.8499999999998129 0
554 -0.4500000000012202 -0.7999999999997505 0
555 -0.450000000001144 -0.7499999999996882 0
556 -0.4500000000010677 -0.6999999999996258 0
557 -0.4500000000009915 -0.6499999999995636 0
558 -0.4500000000009153 -0.5999999999995012 0
559 -0.4500000000008388 -0.5499999999994387 0
560 -0.4500000000007626 -0.4999999999993763 0
561 -0.4500000000006864 -0.4499999999993141 0
562 -0.4500000000006101 -0.3999999999992517 0
563 -0.450000000000534 -0.3499999999991894 0
564 -0.4500000000004578 -0.2999999999991271 0
565 -0.4500000000003815 -0.2499999999990647 0
566 -0.4500000000003054 -0.1999999999990023 0
567 -0.4500000000002291 -0.1499999999989399 0
568 -0.4500000000001528 -0.09999999999887754 0
569 -0.4500000000000766 -0.0499999999988151 0
570 -0.4500000000000003 1.237565605549662e-12 0
571 -0.449999999999924 0.05000000000118515 0
572 -0.4499999999998477 0.1000000000011227 0
573 -0.4499999999997716 0.1500000000010605 0
574 -0.4499999999996953 0.2000000000009981 0
575 -0.4499999999996191 0.2500000000009359 0
576 -0.4499999999995428 0.3000000000008736 0
577 -0.4499999999994666 0.3500000000008111 0
578 -0.4499999999993903 0.4000000000007489 0
579 -0.4499999999993141 0.4500000000006865 0
580 -0.4499999999992378 0.5000000000006242 0
581 -0.4499999999991615 0.5500000000005618 0
582 -0.4499999999990854 0.6000000000004992 0
583 -0.4499999999990091 0.6500000000004369 0
584 -0.4499999999989328 0.7000000000003745 0
585 -0.4499999999988566 0.750000000000312 0
586 -0.4499999999987804 0.8000000000002494 0
587 -0.449999999998704 0.8500000000001873 0
588 -0.4499999999986279 0.9000000000001247 0
589 -0.4499999999985516 0.9500000000000624 0
590 -0.4000000000015806 -0.9499999999999446 0
591 -0.4000000000014972 -0.899999999999889 0
592 -0.4000000000014142 -0.8499999999998337 0
593 -0.400000000001331 -0.7999999999997782 0
594 -0.4000000000012478 -0.7499999999997229 0
595 -0.4000000000011648 -0.6999999999996674 0
596 -0.4000000000010815 -0.6499999999996121 0
597 -0.4000000000009983 -0.5999999999995567 0
598 -0.4000000000009152 -0.5499999999995013 0
599 -0.4000000000008319 -0.4999999999994456 0
600 -0.4000000000007488 -0.4499999999993904 0
601 -0.4000000000006657 -0.3999999999993348 0
602 -0.4000000000005826 -0.3499999999992793 0
603 -0.4000000000004992 -0.2999999999992241 0
604 -0.4000000000004162 -0.2499999999991686 0
605 -0.400000000000333 -0.1999999999991132 0
606 -0.4000000000002497 -0.1499999999990578 0
607 -0.4000000000001667 -0.09999999999900222 0
608 -0.4000000000000834 -0.04999999999894672 0
609 -0.4000000000000004 1.100064483949836e-12 0
610 -0.3999999999999171 0.05000000000105348 0
611 -0.3999999999998339 0.1000000000009981 0
612 -0.3999999999997508 0.1500000000009427 0
613 -0.3999999999996675 0.2000000000008872 0
614 -0.3999999999995844 0.2500000000008319 0
615 -0.3999999999995012 0.3000000000007765 0
616 -0.399999999999418 0.3500000000007211 0
617 -0.3999999999993349 0.4000000000006656 0
618 -0.3999999999992516 0.4500000000006102 0
619 -0.3999999999991685 0.5000000000005549 0
620 -0.3999999999990854 0.5500000000004992 0
621 -0.3999999999990023 0.6000000000004437 0
622 -0.399999999998919 0.6500000000003883 0
623 -0.3999999999988358 0.7000000000003328 0
624 -0.3999999999987527 0.7500000000002773 0
625 -0.3999999999986694 0.8000000000002219 0
626 -0.3999999999985864 0.8500000000001664 0
627 -0.3999999999985031 0.9000000000001107 0
628 -0.39999999999842 0.9500000000000555 0
629 -0.3500000000017119 -0.9499999999999514 0
630 -0.350000000001622 -0.8999999999999029 0
631 -0.350000000001532 -0.8499999999998543 0
632 -0.3500000000014418 -0.799999999999806 0
633 -0.3500000000013516 -0.7499999999997575 0
634 -0.3500000000012616 -0.6999999999997091 0
635 -0.3500000000011715 -0.6499999999996604 0
636 -0.3500000000010813 -0.5999999999996123 0
637 -0.3500000000009913 -0.5499999999995636 0
638 -0.3500000000009013 -0.4999999999995153 0
639 -0.3500000000008111 -0.4499999999994666 0
640 -0.350000000000721 -0.399999999999418 0
641 -0.3500000000006309 -0.3499999999993695 0
642 -0.3500000000005408 -0.299999999999321 0
643 -0.3500000000004507 -0.2499999999992725 0
644 -0.3500000000003606 -0.1999999999992241 0
645 -0.3500000000002704 -0.1499999999991755 0
646 -0.3500000000001804 -0.09999999999912701 0
647 -0.3500000000000902 -0.04999999999907845 0
648 -0.3500000000000002 9.625633623500107e-13 0
649 -0.34999999999991 0.05000000000092181 0
650 -0.34999999999982 0.1000000000008733 0
651 -0.3499999999997299 0.1500000000008249 0
652 -0.3499999999996398 0.2000000000007764 0
653 -0.3499999999995497 0.250000000000728 0
654 -0.3499999999994596 0.3000000000006795 0
655 -0.3499999999993695 0.3500000000006309 0
656 -0.3499999999992793 0.4000000000005824 0
657 -0.3499999999991893 0.450000000000534 0
658 -0.3499999999990993 0.5000000000004856 0
659 -0.3499999999990091 0.550000000000437 0
660 -0.349999999998919 0.6000000000003884 0
661 -0.3499999999988289 0.6500000000003399 0
662 -0.3499999999987389 0.7000000000002911 0
663 -0.3499999999986487 0.7500000000002427 0
664 -0.3499999999985586 0.8000000000001941 0
665 -0.3499999999984684 0.8500000000001455 0
666 -0.3499999999983785 0.9000000000000969 0
667 -0.3499999999982883 0.9500000000000486 0
668 -0.3000000000018438 -0.9499999999999585 0
669 -0.3000000000017469 -0.8999999999999166 0
670 -0.3000000000016498 -0.8499999999998753 0
671 -0.3000000000015527 -0.7999999999998336 0
672 -0.3000000000014556 -0.7499999999997922 0
673 -0.3000000000013586 -0.6999999999997506 0
674 -0.3000000000012618 -0.649999999999709 0
675 -0.3000000000011648 -0.5999999999996678 0
676 -0.3000000000010676 -0.5499999999996261 0
677 -0.3000000000009705 -0.4999999999995844 0
678 -0.3000000000008736 -0.4499999999995428 0
679 -0.3000000000007765 -0.3999999999995013 0
680 -0.3000000000006795 -0.3499999999994596 0
681 -0.3000000000005825 -0.2999999999994182 0
682 -0.3000000000004854 -0.2499999999993767 0
683 -0.3000000000003884 -0.199999999999335 0
684 -0.3000000000002915 -0.1499999999992934 0
685 -0.3000000000001943 -0.09999999999925169 0
686 -0.3000000000000974 -0.04999999999921001 0
687 -0.3000000000000003 8.251177519014163e-13 0
688 -0.2999999999999033 0.05000000000079013 0
689 -0.2999999999998063 0.1000000000007485 0
690 -0.2999999999997092 0.1500000000007071 0
691 -0.2999999999996122 0.2000000000006655 0
692 -0.2999999999995152 0.2500000000006239 0
693 -0.2999999999994181 0.3000000000005824 0
694 -0.2999999999993211 0.3500000000005408 0
695 -0.2999999999992242 0.4000000000004992 0
696 -0.299999999999127 0.4500000000004578 0
697 -0.2999999999990301 0.5000000000004162 0
698 -0.299999999998933 0.5500000000003745 0
699 -0.299999999998836 0.6000000000003332 0
700 -0.2999999999987391 0.6500000000002915 0
701 -0.2999999999986419 0.7000000000002498 0
702 -0.299999999998545 0.7500000000002081 0
703 -0.2999999999984481 0.8000000000001664 0
704 -0.2999999999983509 0.8500000000001249 0
705 -0.2999999999982539 0.9000000000000831 0
706 -0.2999999999981569 0.9500000000000415 0
707 -0.2500000000019754 -0.9499999999999653 0
708 -0.2500000000018715 -0.8999999999999305 0
709 -0.2500000000017674 -0.8499999999998959 0
710 -0.2500000000016635 -0.7999999999998616 0
711 -0.2500000000015596 -0.7499999999998268 0
712 -0.2500000000014557 -0.6999999999997921 0
713 -0.2500000000013516 -0.6499999999997578 0
714 -0.2500000000012477 -0.599999999999723 0
715 -0.2500000000011439 -0.5499999999996884 0
716 -0.2500000000010398 -0.4999999999996539 0
717 -0.2500000000009358 -0.4499999999996191 0
718 -0.250000000000832 -0.3999999999995844 0
719 -0.2500000000007279 -0.3499999999995495 0
720 -0.2500000000006239 -0.2999999999995152 0
721 -0.25000000000052 -0.2499999999994806 0
722 -0.250000000000416 -0.1999999999994458 0
723 -0.2500000000003122 -0.1499999999994111 0
724 -0.2500000000002082 -0.09999999999937648 0
725 -0.2500000000001042 -0.0499999999993419 0
726 -0.2500000000000003 6.876166303015907e-13 0
727 -0.2499999999998962 0.05000000000065846 0
728 -0.2499999999997923 0.1000000000006238 0
729 -0.2499999999996884 0.1500000000005892 0
730 -0.2499999999995845 0.2000000000005547 0
731 -0.2499999999994806 0.2500000000005201 0
732 -0.2499999999993766 0.3000000000004854 0
733 -0.2499999999992725 0.3500000000004508 0
734 -0.2499999999991686 0.4000000000004161 0
735 -0.2499999999990647 0.4500000000003816 0
736 -0.2499999999989608 0.5000000000003471 0
737 -0.2499999999988569 0.5500000000003122 0
738 -0.2499999999987529 0.6000000000002776 0
739 -0.249999999998649 0.6500000000002427 0
740 -0.2499999999985448 0.700000000000208 0
741 -0.2499999999984409 0.7500000000001734 0
742 -0.2499999999983371 0.8000000000001386 0
743 -0.2499999999982331 0.8500000000001041 0
744 -0.2499999999981291 0.9000000000000692 0
745 -0.2499999999980251 0.9500000000000344 0
746 -0.200000000002107 -0.9499999999999722 0
747 -0.2000000000019961 -0.8999999999999445 0
748 -0.2000000000018852 -0.8499999999999166 0
749 -0.2000000000017743 -0.7999999999998892 0
750 -0.2000000000016635 -0.7499999999998617 0
751 -0.2000000000015526 -0.699999999999834 0
752 -0.2000000000014416 -0.6499999999998061 0
753 -0.2000000000013308 -0.5999999999997785 0
754 -0.2000000000012199 -0.5499999999997509 0
755 -0.2000000000011091 -0.499999999999723 0
756 -0.2000000000009982 -0.4499999999996953 0
757 -0.2000000000008873 -0.3999999999996676 0
758 -0.2000000000007764 -0.3499999999996397 0
759 -0.2000000000006655 -0.2999999999996122 0
760 -0.2000000000005547 -0.2499999999995846 0
761 -0.2000000000004438 -0.1999999999995568 0
762 -0.2000000000003328 -0.149999999999529 0
763 -0.200000000000222 -0.09999999999950121 0
764 -0.2000000000001111 -0.04999999999947352 0
765 -0.2000000000000002 5.499489752480713e-13 0
766 -0.1999999999998894 0.05000000000052679 0
767 -0.1999999999997785 0.1000000000004991 0
768 -0.1999999999996676 0.1500000000004714 0
769 -0.1999999999995568 0.2000000000004438 0
770 -0.1999999999994458 0.2500000000004161 0
771 -0.1999999999993349 0.3000000000003883 0
772 -0.1999999999992241 0.3500000000003605 0
773 -0.1999999999991132 0.4000000000003329 0
774 -0.1999999999990023 0.4500000000003053 0
775 -0.1999999999988913 0.5000000000002776 0
776 -0.1999999999987805 0.5500000000002498 0
777 -0.1999999999986696 0.6000000000002221 0
778 -0.1999999999985588 0.6500000000001942 0
779 -0.1999999999984479 0.7000000000001665 0
780 -0.1999999999983371 0.7500000000001388 0
781 -0.1999999999982261 0.800000000000111 0
782 -0.1999999999981153 0.8500000000000832 0
783 -0.1999999999980044 0.9000000000000554 0
784 -0.1999999999978935 0.9500000000000277 0
785 -0.1500000000022386 -0.9499999999999791 0
786 -0.1500000000021207 -0.8999999999999585 0
787 -0.150000000002003 -0.8499999999999377 0
788 -0.1500000000018851 -0.7999999999999168 0
789 -0.1500000000017672 -0.7499999999998961 0
790 -0.1500000000016495 -0.6999999999998754 0
791 -0.1500000000015317 -0.6499999999998545 0
792 -0.1500000000014139 -0.5999999999998339 0
793 -0.1500000000012961 -0.5499999999998132 0
794 -0.1500000000011782 -0.4999999999997924 0
795 -0.1500000000010605 -0.4499999999997715 0
796 -0.1500000000009427 -0.3999999999997507 0
797 -0.1500000000008248 -0.3499999999997299 0
798 -0.150000000000707 -0.2999999999997093 0
799 -0.1500000000005892 -0.2499999999996884 0
800 -0.1500000000004714 -0.1999999999996676 0
801 -0.1500000000003536 -0.1499999999996467 0
802 -0.1500000000002358 -0.09999999999962594 0
803 -0.150000000000118 -0.04999999999960525 0
804 -0.1500000000000002 4.125588759507082e-13 0
805 -0.1499999999998824 0.05000000000039523 0
806 -0.1499999999997646 0.1000000000003744 0
807 -0.1499999999996468 0.1500000000003537 0
808 -0.149999999999529 0.2000000000003329 0
809 -0.1499999999994112 0.2500000000003122 0
810 -0.1499999999992933 0.3000000000002914 0
811 -0.1499999999991755 0.3500000000002706 0
812 -0.1499999999990577 0.4000000000002498 0
813 -0.1499999999989399 0.450000000000229 0
814 -0.1499999999988221 0.5000000000002083 0
815 -0.1499999999987043 0.5500000000001875 0
816 -0.1499999999985865 0.6000000000001666 0
817 -0.1499999999984687 0.6500000000001458 0
818 -0.1499999999983509 0.7000000000001247 0
819 -0.1499999999982331 0.7500000000001041 0
820 -0.1499999999981153 0.8000000000000833 0
821 -0.1499999999979975 0.8500000000000625 0
822 -0.1499999999978797 0.9000000000000415 0
823 -0.1499999999977619 0.9500000000000207 0
824 -0.1000000000023702 -0.949999999999986 0
825 -0.1000000000022454 -0.899999999999972 0
826 -0.1000000000021207 -0.8499999999999586 0
827 -0.1000000000019959 -0.7999999999999445 0
828 -0.1000000000018712 -0.7499999999999309 0
829 -0.1000000000017465 -0.699999999999917 0
830 -0.1000000000016217 -0.6499999999999034 0
831 -0.100000000001497 -0.5999999999998894 0
832 -0.1000000000013722 -0.5499999999998753 0
833 -0.1000000000012475 -0.4999999999998616 0
834 -0.1000000000011228 -0.4499999999998479 0
835 -0.100000000000998 -0.3999999999998339 0
836 -0.1000000000008733 -0.34999999999982 0
837 -0.1000000000007486 -0.2999999999998062 0
838 -0.1000000000006238 -0.2499999999997924 0
839 -0.1000000000004991 -0.1999999999997785 0
840 -0.1000000000003744 -0.1499999999997646 0
841 -0.1000000000002496 -0.09999999999975076 0
842 -0.1000000000001249 -0.04999999999973687 0
843 -0.1000000000000001 2.750022431996513e-13 0
844 -0.09999999999987541 0.05000000000026356 0
845 -0.09999999999975068 0.1000000000002496 0
846 -0.09999999999962597 0.1500000000002358 0
847 -0.09999999999950118 0.2000000000002219 0
848 -0.09999999999937645 0.2500000000002082 0
849 -0.09999999999925172 0.3000000000001943 0
850 -0.09999999999912693 0.3500000000001803 0
851 -0.09999999999900225 0.4000000000001667 0
852 -0.09999999999887754 0.4500000000001528 0
853 -0.09999999999875278 0.500000000000139 0
854 -0.09999999999862799 0.5500000000001251 0
855 -0.09999999999850334 0.6000000000001111 0
856 -0.09999999999837855 0.6500000000000974 0
857 -0.09999999999825376 0.7000000000000832 0
858 -0.09999999999812909 0.7500000000000695 0
859 -0.09999999999800435 0.8000000000000556 0
860 -0.09999999999787967 0.8500000000000416 0
861 -0.09999999999775483 0.9000000000000277 0
862 -0.0999999999976301 0.9500000000000138 0
863 -0.05000000000250183 -0.9499999999999931 0
864 -0.05000000000237016 -0.8999999999999859 0
865 -0.05000000000223848 -0.8499999999999792 0
866 -0.05000000000210682 -0.7999999999999723 0
867 -0.05000000000197514 -0.7499999999999654 0
868 -0.05000000000184346 -0.6999999999999584 0
869 -0.05000000000171179 -0.6499999999999517 0
870 -0.05000000000158013 -0.5999999999999448 0
871 -0.05000000000144847 -0.5499999999999379 0
872 -0.05000000000131681 -0.4999999999999309 0
873 -0.05000000000118511 -0.449999999999924 0
874 -0.05000000000105344 -0.399999999999917 0
875 -0.05000000000092177 -0.3499999999999102 0
876 -0.05000000000079009 -0.2999999999999033 0
877 -0.05000000000065855 -0.2499999999998962 0
878 -0.05000000000052689 -0.1999999999998894 0
879 -0.05000000000039521 -0.1499999999998824 0
880 -0.05000000000026354 -0.09999999999987541 0
881 -0.05000000000013186 -0.04999999999986846 0
882 -0.05000000000000016 1.375566327510569e-13 0
883 -0.04999999999986852 0.05000000000013186 0
884 -0.04999999999973682 0.1000000000001249 0
885 -0.04999999999960515 0.150000000000118 0
886 -0.04999999999947342 0.2000000000001111 0
887 -0.04999999999934182 0.2500000000001042 0
888 -0.04999999999921009 0.3000000000000973 0
889 -0.04999999999907849 0.3500000000000902 0
890 -0.04999999999894687 0.4000000000000834 0
891 -0.04999999999881515 0.4500000000000766 0
892 -0.04999999999868354 0.5000000000000697 0
893 -0.04999999999855176 0.5500000000000627 0
894 -0.04999999999842016 0.6000000000000556 0
895 -0.0499999999982885 0.6500000000000488 0
896 -0.04999999999815688 0.7000000000000417 0
897 -0.0499999999980251 0.7500000000000349 0
898 -0.04999999999789348 0.8000000000000278 0
899 -0.04999999999776177 0.8500000000000207 0
900 -0.04999999999763016 0.9000000000000139 0
901 -0.04999999999749849 0.9500000000000068 0
902 -2.612697558302227e-12 -0.9500000000000001 0
903 -2.47526166230548e-12 -0.9000000000000001 0
904 -2.337721682900173e-12 -0.8500000000000001 0
905 -2.20016782570706e-12 -0.8 0
906 -2.062627846301753e-12 -0.7500000000000002 0
907 -1.925198889198909e-12 -0.7000000000000002 0
908 -1.787658909793604e-12 -0.6500000000000002 0
909 -1.650091174812683e-12 -0.6000000000000003 0
910 -1.512662217709839e-12 -0.55 0
911 -1.375122238304532e-12 -0.5000000000000002 0
912 -1.23755450332361e-12 -0.4500000000000002 0
913 -1.100153301796382e-12 -0.4000000000000002 0
914 -9.625855668154595e-13 -0.3500000000000004 0
915 -8.250733429857695e-13 -0.3000000000000003 0
916 -6.875056080048474e-13 -0.2500000000000002 0
917 -5.500488953263874e-13 -0.2000000000000002 0
918 -4.125366714966961e-13 -0.1500000000000002 0
919 -2.749689365157736e-13 -0.1000000000000001 0
920 -1.375677349885465e-13 -0.05000000000000013 0
921 -7.564178960885304e-24 0 0
922 1.374567126715986e-13 0.05000000000000016 0
923 2.750799588045149e-13 0.1000000000000001 0
924 4.125366714837359e-13 0.1500000000000002 0
925 5.500488953141897e-13 0.2000000000000002 0
926 6.875056079934106e-13 0.2500000000000003 0
927 8.250733429750957e-13 0.3000000000000003 0
928 9.625855668055479e-13 0.3500000000000002 0
929 1.10004227948477e-12 0.4000000000000002 0
930 1.237665525617685e-12 0.4500000000000003 0
931 1.375122238296907e-12 0.5000000000000003 0
932 1.512578950976129e-12 0.5500000000000003 0
933 1.650202197109044e-12 0.6000000000000003 0
934 1.787658909788266e-12 0.6500000000000001 0
935 1.925171133618719e-12 0.7000000000000002 0
936 2.062627846297941e-12 0.7500000000000002 0
937 2.200251092430857e-12 0.8 0
938 2.337707805110079e-12 0.8500000000000001 0
939 2.4751645177893e-12 0.8999999999999999 0
940 2.612787763922215e-12 0.95 0
941 0.04999999999749848 -0.9500000000000068 0
942 0.04999999999763012 -0.9000000000000139 0
943 0.04999999999776179 -0.8500000000000207 0
944 0.04999999999789344 -0.8000000000000278 0
945 0.0499999999980251 -0.7500000000000349 0
946 0.04999999999815677 -0.7000000000000418 0
947 0.04999999999828855 -0.6500000000000488 0
948 0.04999999999842022 -0.6000000000000559 0
949 0.04999999999855183 -0.5500000000000627 0
950 0.0499999999986835 -0.5000000000000695 0
951 0.04999999999881516 -0.4500000000000766 0
952 0.04999999999894682 -0.4000000000000835 0
953 0.0499999999990785 -0.3500000000000904 0
954 0.04999999999921016 -0.3000000000000974 0
955 0.04999999999934177 -0.2500000000001043 0
956 0.04999999999947344 -0.2000000000001111 0
957 0.04999999999960521 -0.150000000000118 0
958 0.04999999999973688 -0.1000000000001249 0
959 0.04999999999986851 -0.0500000000001318 0
960 0.05000000000000013 -1.375843883266725e-13 0
961 0.05000000000013186 0.04999999999986851 0
962 0.05000000000026349 0.09999999999987541 0
963 0.05000000000039521 0.1499999999998824 0
964 0.05000000000052682 0.1999999999998894 0
965 0.05000000000065855 0.2499999999998963 0
966 0.05000000000079016 0.2999999999999033 0
967 0.05000000000092188 0.34999999999991 0
968 0.05000000000105349 0.3999999999999171 0
969 0.05000000000118521 0.449999999999924 0
970 0.05000000000131682 0.4999999999999311 0
971 0.05000000000144855 0.5499999999999379 0
972 0.05000000000158016 0.5999999999999448 0
973 0.05000000000171187 0.6499999999999517 0
974 0.05000000000184349 0.6999999999999584 0
975 0.05000000000197521 0.7499999999999656 0
976 0.05000000000210683 0.7999999999999723 0
977 0.05000000000223855 0.8499999999999792 0
978 0.05000000000237015 0.8999999999999859 0
979 0.05000000000250177 0.9499999999999931 0
980 0.09999999999763012 -0.9500000000000137 0
981 0.09999999999775497 -0.9000000000000277 0
982 0.09999999999787967 -0.8500000000000415 0
983 0.09999999999800434 -0.8000000000000556 0
984 0.09999999999812917 -0.7500000000000695 0
985 0.09999999999825386 -0.7000000000000832 0
986 0.09999999999837854 -0.6500000000000972 0
987 0.09999999999850323 -0.6000000000001111 0
988 0.09999999999862806 -0.5500000000001248 0
989 0.09999999999875278 -0.5000000000001388 0
990 0.09999999999887747 -0.4500000000001528 0
991 0.0999999999990023 -0.4000000000001666 0
992 0.09999999999912701 -0.3500000000001804 0
993 0.09999999999925166 -0.3000000000001944 0
994 0.09999999999937648 -0.2500000000002082 0
995 0.09999999999950118 -0.200000000000222 0
996 0.099999999999626 -0.1500000000002358 0
997 0.0999999999997507 -0.1000000000002496 0
998 0.09999999999987541 -0.0500000000002635 0
999 0.1000000000000001 -2.749744876240356e-13 0
1000 0.1000000000001249 0.04999999999973681 0
1001 0.1000000000002496 0.09999999999975068 0
1002 0.1000000000003743 0.1499999999997645 0
1003 0.1000000000004991 0.1999999999997785 0
1004 0.1000000000006238 0.2499999999997924 0
1005 0.1000000000007485 0.2999999999998063 0
1006 0.1000000000008733 0.34999999999982 0
1007 0.100000000000998 0.3999999999998339 0
1008 0.1000000000011228 0.4499999999998479 0
1009 0.1000000000012476 0.4999999999998617 0
1010 0.1000000000013723 0.5499999999998755 0
1011 0.1000000000014969 0.5999999999998893 0
1012 0.1000000000016217 0.6499999999999031 0
1013 0.1000000000017465 0.6999999999999169 0
1014 0.1000000000018712 0.7499999999999307 0
1015 0.100000000001996 0.7999999999999448 0
1016 0.1000000000021206 0.8499999999999586 0
1017 0.1000000000022455 0.8999999999999722 0
1018 0.1000000000023702 0.949999999999986 0
1019 0.1499999999977618 -0.9500000000000207 0
1020 0.1499999999978797 -0.9000000000000414 0
1021 0.1499999999979975 -0.8500000000000625 0
1022 0.1499999999981153 -0.8000000000000833 0
1023 0.149999999998233 -0.7500000000001041 0
1024 0.1499999999983508 -0.7000000000001249 0
1025 0.1499999999984687 -0.6500000000001458 0
1026 0.1499999999985864 -0.6000000000001666 0
1027 0.1499999999987043 -0.5500000000001875 0
1028 0.1499999999988221 -0.5000000000002081 0
1029 0.1499999999989399 -0.4500000000002289 0
1030 0.1499999999990577 -0.4000000000002498 0
1031 0.1499999999991756 -0.3500000000002705 0
1032 0.1499999999992934 -0.3000000000002914 0
1033 0.149999999999411 -0.2500000000003121 0
1034 0.1499999999995289 -0.2000000000003328 0
1035 0.1499999999996467 -0.1500000000003536 0
1036 0.1499999999997646 -0.1000000000003744 0
1037 0.1499999999998824 -0.05000000000039517 0
1038 0.1500000000000002 -4.125588759507082e-13 0
1039 0.150000000000118 0.04999999999960517 0
1040 0.1500000000002358 0.09999999999962594 0
1041 0.1500000000003536 0.1499999999996467 0
1042 0.1500000000004714 0.1999999999996676 0
1043 0.1500000000005892 0.2499999999996884 0
1044 0.150000000000707 0.2999999999997093 0
1045 0.1500000000008249 0.3499999999997299 0
1046 0.1500000000009427 0.3999999999997508 0
1047 0.1500000000010605 0.4499999999997716 0
1048 0.1500000000011782 0.4999999999997924 0
1049 0.150000000001296 0.5499999999998131 0
1050 0.1500000000014139 0.599999999999834 0
1051 0.1500000000015317 0.6499999999998545 0
1052 0.1500000000016495 0.6999999999998754 0
1053 0.1500000000017673 0.7499999999998961 0
1054 0.1500000000018852 0.7999999999999168 0
1055 0.1500000000020029 0.8499999999999377 0
1056 0.1500000000021207 0.8999999999999584 0
1057 0.1500000000022386 0.9499999999999791 0
1058 0.1999999999978934 -0.9500000000000278 0
1059 0.1999999999980044 -0.9000000000000551 0
1060 0.1999999999981152 -0.8500000000000831 0
1061 0.1999999999982262 -0.8000000000001111 0
1062 0.199999999998337 -0.7500000000001388 0
1063 0.1999999999984479 -0.7000000000001666 0
1064 0.1999999999985588 -0.6500000000001943 0
1065 0.1999999999986697 -0.6000000000002221 0
1066 0.1999999999987805 -0.5500000000002496 0
1067 0.1999999999988915 -0.5000000000002773 0
1068 0.1999999999990023 -0.4500000000003053 0
1069 0.1999999999991132 -0.4000000000003331 0
1070 0.1999999999992241 -0.3500000000003605 0
1071 0.1999999999993349 -0.3000000000003885 0
1072 0.1999999999994458 -0.2500000000004161 0
1073 0.1999999999995568 -0.2000000000004438 0
1074 0.1999999999996676 -0.1500000000004714 0
1075 0.1999999999997785 -0.1000000000004991 0
1076 0.1999999999998893 -0.05000000000052682 0
1077 0.2000000000000002 -5.500044863993026e-13 0
1078 0.2000000000001111 0.04999999999947347 0
1079 0.200000000000222 0.09999999999950124 0
1080 0.2000000000003329 0.149999999999529 0
1081 0.2000000000004437 0.1999999999995567 0
1082 0.2000000000005546 0.2499999999995844 0
1083 0.2000000000006656 0.2999999999996122 0
1084 0.2000000000007764 0.3499999999996398 0
1085 0.2000000000008873 0.3999999999996675 0
1086 0.2000000000009981 0.4499999999996953 0
1087 0.2000000000011091 0.4999999999997231 0
1088 0.2000000000012199 0.5499999999997507 0
1089 0.2000000000013308 0.5999999999997785 0
1090 0.2000000000014417 0.6499999999998061 0
1091 0.2000000000015525 0.6999999999998336 0
1092 0.2000000000016635 0.7499999999998614 0
1093 0.2000000000017743 0.7999999999998892 0
1094 0.2000000000018851 0.8499999999999168 0
1095 0.2000000000019961 0.8999999999999444 0
1096 0.2000000000021069 0.9499999999999722 0
1097 0.2499999999980251 -0.9500000000000347 0
1098 0.2499999999981292 -0.9000000000000695 0
1099 0.2499999999982331 -0.8500000000001039 0
1100 0.2499999999983371 -0.8000000000001386 0
1101 0.249999999998441 -0.7500000000001734 0
1102 0.249999999998545 -0.700000000000208 0
1103 0.2499999999986488 -0.6500000000002429 0
1104 0.2499999999987529 -0.6000000000002774 0
1105 0.2499999999988568 -0.5500000000003122 0
1106 0.2499999999989607 -0.5000000000003467 0
1107 0.2499999999990647 -0.4500000000003816 0
1108 0.2499999999991687 -0.4000000000004162 0
1109 0.2499999999992726 -0.3500000000004506 0
1110 0.2499999999993766 -0.3000000000004854 0
1111 0.2499999999994805 -0.25000000000052 0
1112 0.2499999999995844 -0.2000000000005546 0
1113 0.2499999999996884 -0.1500000000005892 0
1114 0.2499999999997923 -0.1000000000006238 0
1115 0.2499999999998963 -0.05000000000065852 0
1116 0.2500000000000003 -6.875888747259751e-13 0
1117 0.2500000000001042 0.04999999999934182 0
1118 0.2500000000002082 0.09999999999937645 0
1119 0.2500000000003121 0.1499999999994111 0
1120 0.2500000000004161 0.1999999999994458 0
1121 0.25000000000052 0.2499999999994805 0
1122 0.250000000000624 0.2999999999995152 0
1123 0.250000000000728 0.3499999999995497 0
1124 0.2500000000008319 0.3999999999995844 0
1125 0.2500000000009358 0.4499999999996191 0
1126 0.2500000000010398 0.4999999999996537 0
1127 0.2500000000011437 0.5499999999996883 0
1128 0.2500000000012476 0.599999999999723 0
1129 0.2500000000013518 0.6499999999997577 0
1130 0.2500000000014556 0.6999999999997921 0
1131 0.2500000000015595 0.7499999999998268 0
1132 0.2500000000016634 0.7999999999998615 0
1133 0.2500000000017675 0.8499999999998962 0
1134 0.2500000000018714 0.8999999999999304 0
1135 0.2500000000019755 0.9499999999999653 0
1136 0.2999999999981569 -0.9500000000000416 0
1137 0.2999999999982539 -0.9000000000000832 0
1138 0.299999999998351 -0.8500000000001249 0
1139 0.299999999998448 -0.8000000000001664 0
1140 0.299999999998545 -0.7500000000002081 0
1141 0.2999999999986419 -0.7000000000002496 0
1142 0.299999999998739 -0.6500000000002916 0
1143 0.299999999998836 -0.6000000000003329 0
1144 0.299999999998933 -0.5500000000003744 0
1145 0.29999999999903 -0.5000000000004163 0
1146 0.299999999999127 -0.4500000000004578 0
1147 0.2999999999992241 -0.4000000000004992 0
1148 0.2999999999993211 -0.3500000000005408 0
1149 0.2999999999994182 -0.3000000000005825 0
1150 0.2999999999995152 -0.2500000000006238 0
1151 0.2999999999996122 -0.2000000000006655 0
1152 0.2999999999997092 -0.150000000000707 0
1153 0.2999999999998063 -0.1000000000007486 0
1154 0.2999999999999032 -0.05000000000079016 0
1155 0.3000000000000004 -8.251177519014163e-13 0
1156 0.3000000000000973 0.04999999999921018 0
1157 0.3000000000001943 0.09999999999925172 0
1158 0.3000000000002914 0.1499999999992933 0
1159 0.3000000000003884 0.199999999999335 0
1160 0.3000000000004855 0.2499999999993766 0
1161 0.3000000000005825 0.2999999999994182 0
1162 0.3000000000006795 0.3499999999994596 0
1163 0.3000000000007765 0.3999999999995012 0
1164 0.3000000000008736 0.4499999999995428 0
1165 0.3000000000009706 0.4999999999995844 0
1166 0.3000000000010677 0.5499999999996259 0
1167 0.3000000000011647 0.5999999999996675 0
1168 0.3000000000012616 0.649999999999709 0
1169 0.3000000000013587 0.6999999999997506 0
1170 0.3000000000014558 0.7499999999997922 0
1171 0.3000000000015527 0.7999999999998337 0
1172 0.3000000000016498 0.8499999999998753 0
1173 0.3000000000017467 0.8999999999999166 0
1174 0.3000000000018438 0.9499999999999584 0
1175 0.3499999999982882 -0.9500000000000487 0
1176 0.3499999999983784 -0.9000000000000969 0
1177 0.3499999999984685 -0.8500000000001455 0
1178 0.3499999999985586 -0.8000000000001941 0
1179 0.3499999999986488 -0.7500000000002427 0
1180 0.3499999999987388 -0.7000000000002914 0
1181 0.349999999998829 -0.6500000000003399 0
1182 0.349999999998919 -0.6000000000003886 0
1183 0.3499999999990091 -0.5500000000004371 0
1184 0.3499999999990991 -0.5000000000004855 0
1185 0.3499999999991891 -0.450000000000534 0
1186 0.3499999999992794 -0.4000000000005824 0
1187 0.3499999999993696 -0.3500000000006309 0
1188 0.3499999999994596 -0.3000000000006795 0
1189 0.3499999999995497 -0.250000000000728 0
1190 0.3499999999996398 -0.2000000000007764 0
1191 0.3499999999997299 -0.1500000000008248 0
1192 0.34999999999982 -0.1000000000008733 0
1193 0.3499999999999102 -0.05000000000092186 0
1194 0.3500000000000002 -9.625633623500107e-13 0
1195 0.3500000000000903 0.04999999999907853 0
1196 0.3500000000001804 0.09999999999912701 0
1197 0.3500000000002706 0.1499999999991756 0
1198 0.3500000000003606 0.199999999999224 0
1199 0.3500000000004507 0.2499999999992726 0
1200 0.3500000000005408 0.2999999999993211 0
1201 0.3500000000006308 0.3499999999993695 0
1202 0.3500000000007209 0.399999999999418 0
1203 0.3500000000008111 0.4499999999994666 0
1204 0.3500000000009011 0.4999999999995152 0
1205 0.3500000000009912 0.5499999999995635 0
1206 0.3500000000010815 0.599999999999612 0
1207 0.3500000000011715 0.6499999999996604 0
1208 0.3500000000012615 0.6999999999997091 0
1209 0.3500000000013517 0.7499999999997575 0
1210 0.3500000000014418 0.799999999999806 0
1211 0.3500000000015319 0.8499999999998546 0
1212 0.3500000000016219 0.8999999999999029 0
1213 0.350000000001712 0.9499999999999513 0
1214 0.39999999999842 -0.9500000000000555 0
1215 0.3999999999985031 -0.9000000000001112 0
1216 0.3999999999985864 -0.8500000000001663 0
1217 0.3999999999986695 -0.8000000000002216 0
1218 0.3999999999987527 -0.7500000000002773 0
1219 0.3999999999988359 -0.7000000000003328 0
1220 0.399999999998919 -0.6500000000003884 0
1221 0.3999999999990022 -0.6000000000004441 0
1222 0.3999999999990854 -0.5500000000004992 0
1223 0.3999999999991686 -0.5000000000005551 0
1224 0.3999999999992516 -0.4500000000006104 0
1225 0.3999999999993349 -0.4000000000006657 0
1226 0.3999999999994179 -0.3500000000007211 0
1227 0.3999999999995011 -0.3000000000007766 0
1228 0.3999999999995842 -0.2500000000008319 0
1229 0.3999999999996675 -0.2000000000008873 0
1230 0.3999999999997508 -0.1500000000009427 0
1231 0.3999999999998338 -0.100000000000998 0
1232 0.3999999999999171 -0.05000000000105356 0
1233 0.4000000000000001 -1.100147750676683e-12 0
1234 0.4000000000000834 0.04999999999894683 0
1235 0.4000000000001666 0.09999999999900228 0
1236 0.4000000000002497 0.1499999999990577 0
1237 0.400000000000333 0.1999999999991132 0
1238 0.4000000000004161 0.2499999999991687 0
1239 0.4000000000004994 0.2999999999992241 0
1240 0.4000000000005825 0.3499999999992793 0
1241 0.4000000000006657 0.3999999999993349 0
1242 0.4000000000007488 0.4499999999993903 0
1243 0.4000000000008319 0.4999999999994457 0
1244 0.4000000000009151 0.5499999999995013 0
1245 0.4000000000009982 0.5999999999995567 0
1246 0.4000000000010815 0.649999999999612 0
1247 0.4000000000011646 0.6999999999996676 0
1248 0.4000000000012478 0.7499999999997229 0
1249 0.4000000000013311 0.7999999999997782 0
1250 0.4000000000014141 0.8499999999998338 0
1251 0.4000000000014974 0.8999999999998889 0
1252 0.4000000000015805 0.9499999999999444 0
1253 0.4499999999985517 -0.9500000000000624 0
1254 0.4499999999986278 -0.9000000000001248 0
1255 0.4499999999987042 -0.8500000000001873 0
1256 0.4499999999987804 -0.8000000000002496 0
1257 0.4499999999988566 -0.750000000000312 0
1258 0.4499999999989329 -0.7000000000003744 0
1259 0.4499999999990091 -0.650000000000437 0
1260 0.4499999999990855 -0.6000000000004995 0
1261 0.4499999999991616 -0.5500000000005618 0
1262 0.449999999999238 -0.5000000000006242 0
1263 0.4499999999993142 -0.4500000000006865 0
1264 0.4499999999993904 -0.4000000000007488 0
1265 0.4499999999994667 -0.3500000000008112 0
1266 0.4499999999995429 -0.3000000000008736 0
1267 0.4499999999996191 -0.2500000000009359 0
1268 0.4499999999996955 -0.2000000000009982 0
1269 0.4499999999997715 -0.1500000000010604 0
1270 0.4499999999998478 -0.1000000000011228 0
1271 0.449999999999924 -0.05000000000118521 0
1272 0.4500000000000003 -1.237537849974046e-12 0
1273 0.4500000000000764 0.04999999999881519 0
1274 0.4500000000001528 0.09999999999887754 0
1275 0.4500000000002289 0.1499999999989399 0
1276 0.4500000000003053 0.1999999999990023 0
1277 0.4500000000003815 0.2499999999990647 0
1278 0.4500000000004579 0.2999999999991271 0
1279 0.450000000000534 0.3499999999991893 0
1280 0.4500000000006102 0.3999999999992516 0
1281 0.4500000000006865 0.4499999999993141 0
1282 0.4500000000007628 0.4999999999993765 0
1283 0.4500000000008391 0.5499999999994387 0
1284 0.4500000000009152 0.5999999999995012 0
1285 0.4500000000009914 0.6499999999995636 0
1286 0.4500000000010675 0.6999999999996258 0
1287 0.4500000000011439 0.749999999999688 0
1288 0.4500000000012201 0.7999999999997507 0
1289 0.4500000000012965 0.8499999999998129 0
1290 0.4500000000013726 0.8999999999998751 0
1291 0.4500000000014489 0.9499999999999376 0
1292 0.4999999999986833 -0.9500000000000692 0
1293 0.4999999999987527 -0.9000000000001387 0
1294 0.499999999998822 -0.8500000000002079 0
1295 0.4999999999988913 -0.8000000000002772 0
1296 0.4999999999989606 -0.7500000000003466 0
1297 0.4999999999990299 -0.7000000000004162 0
1298 0.4999999999990993 -0.6500000000004855 0
1299 0.4999999999991684 -0.6000000000005549 0
1300 0.4999999999992379 -0.550000000000624 0
1301 0.4999999999993072 -0.5000000000006934 0
1302 0.4999999999993764 -0.4500000000007627 0
1303 0.4999999999994458 -0.4000000000008318 0
1304 0.4999999999995151 -0.3500000000009014 0
1305 0.4999999999995845 -0.3000000000009707 0
1306 0.4999999999996539 -0.2500000000010398 0
1307 0.499999999999723 -0.2000000000011091 0
1308 0.4999999999997923 -0.1500000000011783 0
1309 0.4999999999998617 -0.1000000000012475 0
1310 0.4999999999999311 -0.05000000000131691 0
1311 0.5000000000000004 -1.375122238300719e-12 0
1312 0.5000000000000695 0.04999999999868349 0
1313 0.500000000000139 0.09999999999875278 0
1314 0.5000000000002083 0.149999999998822 0
1315 0.5000000000002776 0.1999999999988914 0
1316 0.5000000000003469 0.2499999999989607 0
1317 0.5000000000004162 0.2999999999990302 0
1318 0.5000000000004855 0.3499999999990993 0
1319 0.5000000000005549 0.3999999999991684 0
1320 0.5000000000006242 0.4499999999992379 0
1321 0.5000000000006934 0.4999999999993072 0
1322 0.5000000000007628 0.5499999999993765 0
1323 0.5000000000008322 0.5999999999994459 0
1324 0.5000000000009015 0.649999999999515 0
1325 0.5000000000009708 0.6999999999995843 0
1326 0.5000000000010401 0.7499999999996536 0
1327 0.5000000000011094 0.7999999999997227 0
1328 0.5000000000011786 0.849999999999792 0
1329 0.500000000001248 0.8999999999998611 0
1330 0.5000000000013174 0.9499999999999305 0
1331 0.549999999998815 -0.9500000000000761 0
1332 0.5499999999988774 -0.9000000000001525 0
1333 0.5499999999989399 -0.8500000000002285 0
1334 0.5499999999990022 -0.8000000000003049 0
1335 0.5499999999990646 -0.7500000000003813 0
1336 0.549999999999127 -0.7000000000004574 0
1337 0.5499999999991894 -0.6500000000005339 0
1338 0.5499999999992518 -0.6000000000006103 0
1339 0.5499999999993141 -0.5500000000006866 0
1340 0.5499999999993763 -0.5000000000007627 0
1341 0.5499999999994387 -0.4500000000008391 0
1342 0.5499999999995011 -0.4000000000009154 0
1343 0.5499999999995636 -0.3500000000009913 0
1344 0.5499999999996258 -0.3000000000010677 0
1345 0.5499999999996884 -0.2500000000011437 0
1346 0.5499999999997506 -0.2000000000012199 0
1347 0.549999999999813 -0.1500000000012961 0
1348 0.5499999999998754 -0.1000000000013722 0
1349 0.5499999999999378 -0.05000000000144854 0
1350 0.5500000000000003 -1.512692748839584e-12 0
1351 0.5500000000000627 0.04999999999855184 0
1352 0.5500000000001251 0.0999999999986281 0
1353 0.5500000000001875 0.1499999999987043 0
1354 0.5500000000002496 0.1999999999987805 0
1355 0.5500000000003124 0.2499999999988568 0
1356 0.5500000000003745 0.2999999999989331 0
1357 0.550000000000437 0.349999999999009 0
1358 0.5500000000004993 0.3999999999990853 0
1359 0.5500000000005618 0.4499999999991616 0
1360 0.5500000000006239 0.4999999999992378 0
1361 0.5500000000006866 0.5499999999993139 0
1362 0.5500000000007487 0.5999999999993904 0
1363 0.5500000000008112 0.6499999999994666 0
1364 0.5500000000008736 0.6999999999995428 0
1365 0.550000000000936 0.749999999999619 0
1366 0.5500000000009984 0.7999999999996952 0
1367 0.5500000000010608 0.8499999999997714 0
1368 0.5500000000011231 0.8999999999998474 0
1369 0.5500000000011855 0.9499999999999236 0
1370 0.5999999999989466 -0.9500000000000833 0
1371 0.5999999999990022 -0.9000000000001662 0
1372 0.5999999999990575 -0.8500000000002494 0
1373 0.599999999999113 -0.8000000000003327 0
1374 0.5999999999991685 -0.7500000000004159 0
1375 0.5999999999992239 -0.7000000000004992 0
1376 0.5999999999992793 -0.6500000000005823 0
1377 0.5999999999993348 -0.6000000000006656 0
1378 0.5999999999993904 -0.5500000000007488 0
1379 0.5999999999994459 -0.500000000000832 0
1380 0.5999999999995012 -0.4500000000009152 0
1381 0.5999999999995564 -0.4000000000009983 0
1382 0.599999999999612 -0.3500000000010814 0
1383 0.5999999999996674 -0.3000000000011647 0
1384 0.599999999999723 -0.2500000000012476 0
1385 0.5999999999997784 -0.2000000000013308 0
1386 0.5999999999998338 -0.1500000000014139 0
1387 0.5999999999998892 -0.100000000001497 0
1388 0.5999999999999448 -0.05000000000158013 0
1389 0.6000000000000003 -1.650096725924755e-12 0
1390 0.6000000000000556 0.04999999999842014 0
1391 0.6000000000001112 0.09999999999850327 0
1392 0.6000000000001665 0.1499999999985865 0
1393 0.6000000000002221 0.1999999999986697 0
1394 0.6000000000002774 0.2499999999987528 0
1395 0.6000000000003332 0.2999999999988361 0
1396 0.6000000000003886 0.349999999998919 0
1397 0.600000000000444 0.3999999999990023 0
1398 0.6000000000004992 0.4499999999990854 0
1399 0.6000000000005548 0.4999999999991686 0
1400 0.6000000000006103 0.5499999999992518 0
1401 0.6000000000006658 0.5999999999993348 0
1402 0.6000000000007211 0.6499999999994179 0
1403 0.6000000000007766 0.699999999999501 0
1404 0.6000000000008322 0.7499999999995841 0
1405 0.6000000000008874 0.7999999999996674 0
1406 0.6000000000009429 0.8499999999997505 0
1407 0.6000000000009984 0.8999999999998336 0
1408 0.6000000000010539 0.9499999999999167 0
1409 0.6499999999990783 -0.9500000000000902 0
1410 0.6499999999991268 -0.9000000000001804 0
1411 0.6499999999991751 -0.8500000000002702 0
1412 0.6499999999992239 -0.8000000000003604 0
1413 0.6499999999992725 -0.7500000000004505 0
1414 0.649999999999321 -0.700000000000541 0
1415 0.6499999999993696 -0.6500000000006311 0
1416 0.6499999999994179 -0.6000000000007211 0
1417 0.6499999999994663 -0.5500000000008114 0
1418 0.649999999999515 -0.5000000000009013 0
1419 0.6499999999995636 -0.4500000000009914 0
1420 0.649999999999612 -0.4000000000010813 0
1421 0.6499999999996604 -0.3500000000011714 0
1422 0.6499999999997089 -0.3000000000012618 0
1423 0.6499999999997578 -0.2500000000013518 0
1424 0.649999999999806 -0.2000000000014417 0
1425 0.6499999999998546 -0.1500000000015317 0
1426 0.6499999999999032 -0.1000000000016217 0
1427 0.6499999999999517 -0.05000000000171177 0
1428 0.6500000000000001 -1.787681114251427e-12 0
1429 0.6500000000000484 0.0499999999982885 0
1430 0.6500000000000972 0.09999999999837854 0
1431 0.6500000000001458 0.1499999999984687 0
1432 0.6500000000001942 0.1999999999985587 0
1433 0.6500000000002428 0.2499999999986489 0
1434 0.6500000000002915 0.2999999999987391 0
1435 0.6500000000003399 0.3499999999988289 0
1436 0.6500000000003882 0.399999999998919 0
1437 0.6500000000004369 0.4499999999990092 0
1438 0.6500000000004855 0.4999999999990992 0
1439 0.6500000000005339 0.5499999999991891 0
1440 0.6500000000005823 0.5999999999992793 0
1441 0.650000000000631 0.6499999999993695 0
1442 0.6500000000006796 0.6999999999994595 0
1443 0.650000000000728 0.7499999999995495 0
1444 0.6500000000007764 0.7999999999996397 0
1445 0.650000000000825 0.8499999999997299 0
1446 0.6500000000008737 0.8999999999998198 0
1447 0.6500000000009221 0.9499999999999096 0
1448 0.6999999999992098 -0.9500000000000971 0
1449 0.6999999999992516 -0.9000000000001943 0
1450 0.6999999999992933 -0.8500000000002911 0
1451 0.6999999999993347 -0.8000000000003882 0
1452 0.6999999999993763 -0.7500000000004851 0
1453 0.699999999999418 -0.7000000000005822 0
1454 0.6999999999994596 -0.6500000000006797 0
1455 0.699999999999501 -0.6000000000007766 0
1456 0.6999999999995425 -0.5500000000008736 0
1457 0.6999999999995843 -0.5000000000009706 0
1458 0.699999999999626 -0.4500000000010678 0
1459 0.6999999999996676 -0.4000000000011646 0
1460 0.6999999999997091 -0.3500000000012615 0
1461 0.6999999999997506 -0.3000000000013588 0
1462 0.6999999999997925 -0.2500000000014557 0
1463 0.6999999999998336 -0.2000000000015526 0
1464 0.6999999999998754 -0.1500000000016495 0
1465 0.699999999999917 -0.1000000000017465 0
1466 0.6999999999999584 -0.05000000000184347 0
1467 0.7000000000000002 -1.925140602487829e-12 0
1468 0.7000000000000419 0.0499999999981568 0
1469 0.7000000000000832 0.09999999999825382 0
1470 0.700000000000125 0.1499999999983509 0
1471 0.7000000000001665 0.1999999999984478 0
1472 0.700000000000208 0.2499999999985449 0
1473 0.7000000000002496 0.299999999998642 0
1474 0.7000000000002912 0.3499999999987389 0
1475 0.7000000000003328 0.3999999999988358 0
1476 0.7000000000003745 0.4499999999989328 0
1477 0.7000000000004158 0.4999999999990299 0
1478 0.7000000000004576 0.549999999999127 0
1479 0.7000000000004991 0.5999999999992238 0
1480 0.7000000000005406 0.6499999999993209 0
1481 0.7000000000005824 0.699999999999418 0
1482 0.7000000000006239 0.7499999999995148 0
1483 0.7000000000006654 0.7999999999996119 0
1484 0.7000000000007072 0.849999999999709 0
1485 0.7000000000007487 0.8999999999998056 0
1486 0.7000000000007902 0.9499999999999027 0
1487 0.7499999999993417 -0.950000000000104 0
1488 0.7499999999993761 -0.900000000000208 0
1489 0.7499999999994109 -0.8500000000003121 0
1490 0.7499999999994458 -0.8000000000004159 0
1491 0.7499999999994802 -0.75000000000052 0
1492 0.7499999999995148 -0.7000000000006239 0
1493 0.7499999999995496 -0.6500000000007281 0
1494 0.7499999999995843 -0.6000000000008321 0
1495 0.7499999999996187 -0.5500000000009357 0
1496 0.7499999999996536 -0.5000000000010398 0
1497 0.7499999999996885 -0.4500000000011439 0
1498 0.7499999999997227 -0.4000000000012479 0
1499 0.7499999999997574 -0.3500000000013517 0
1500 0.7499999999997922 -0.3000000000014558 0
1501 0.7499999999998268 -0.2500000000015596 0
1502 0.7499999999998616 -0.2000000000016635 0
1503 0.7499999999998962 -0.1500000000017674 0
1504 0.7499999999999311 -0.1000000000018711 0
1505 0.7499999999999656 -0.05000000000197512 0
1506 0.75 -2.062711113026694e-12 0
1507 0.7500000000000349 0.04999999999802521 0
1508 0.7500000000000694 0.0999999999981291 0
1509 0.7500000000001041 0.149999999998233 0
1510 0.7500000000001389 0.199999999998337 0
1511 0.7500000000001733 0.2499999999984409 0
1512 0.7500000000002081 0.299999999998545 0
1513 0.7500000000002427 0.3499999999986488 0
1514 0.7500000000002773 0.3999999999987527 0
1515 0.7500000000003121 0.4499999999988566 0
1516 0.7500000000003466 0.4999999999989606 0
1517 0.7500000000003813 0.5499999999990643 0
1518 0.7500000000004159 0.5999999999991683 0
1519 0.7500000000004505 0.6499999999992723 0
1520 0.7500000000004852 0.6999999999993762 0
1521 0.7500000000005199 0.7499999999994802 0
1522 0.7500000000005546 0.7999999999995842 0
1523 0.7500000000005891 0.8499999999996881 0
1524 0.7500000000006241 0.8999999999997919 0
1525 0.7500000000006584 0.9499999999998958 0
1526 0.7999999999994734 -0.9500000000001108 0
1527 0.7999999999995009 -0.9000000000002217 0
1528 0.7999999999995288 -0.8500000000003326 0
1529 0.7999999999995566 -0.8000000000004437 0
1530 0.7999999999995844 -0.7500000000005547 0
1531 0.799999999999612 -0.7000000000006658 0
1532 0.7999999999996397 -0.6500000000007764 0
1533 0.7999999999996671 -0.6000000000008877 0
1534 0.799999999999695 -0.5500000000009984 0
1535 0.7999999999997227 -0.5000000000011096 0
1536 0.7999999999997505 -0.4500000000012201 0
1537 0.7999999999997782 -0.4000000000013308 0
1538 0.799999999999806 -0.3500000000014418 0
1539 0.7999999999998337 -0.3000000000015526 0
1540 0.7999999999998614 -0.2500000000016635 0
1541 0.7999999999998892 -0.2000000000017743 0
1542 0.7999999999999168 -0.1500000000018851 0
1543 0.7999999999999448 -0.100000000001996 0
1544 0.7999999999999723 -0.05000000000210681 0
1545 0.7999999999999997 -2.200226112414327e-12 0
1546 0.8000000000000278 0.04999999999789351 0
1547 0.8000000000000556 0.09999999999800438 0
1548 0.8000000000000834 0.1499999999981153 0
1549 0.8000000000001108 0.1999999999982262 0
1550 0.8000000000001385 0.249999999998337 0
1551 0.8000000000001665 0.299999999998448 0
1552 0.8000000000001939 0.3499999999985586 0
1553 0.8000000000002219 0.3999999999986694 0
1554 0.8000000000002494 0.4499999999987803 0
1555 0.8000000000002775 0.4999999999988913 0
1556 0.8000000000003049 0.5499999999990022 0
1557 0.8000000000003329 0.599999999999113 0
1558 0.8000000000003605 0.6499999999992239 0
1559 0.8000000000003882 0.6999999999993347 0
1560 0.8000000000004158 0.7499999999994456 0
1561 0.8000000000004438 0.7999999999995566 0
1562 0.8000000000004714 0.8499999999996672 0
1563 0.8000000000004989 0.8999999999997781 0
1564 0.8000000000005268 0.9499999999998889 0
1565 0.8499999999996053 -0.9500000000001179 0
1566 0.8499999999996257 -0.9000000000002355 0
1567 0.8499999999996466 -0.8500000000003534 0
1568 0.8499999999996672 -0.8000000000004712 0
1569 0.8499999999996881 -0.7500000000005891 0
1570 0.849999999999709 -0.7000000000007069 0
1571 0.8499999999997296 -0.650000000000825 0
1572 0.8499999999997506 -0.600000000000943 0
1573 0.8499999999997712 -0.5500000000010605 0
1574 0.849999999999792 -0.5000000000011788 0
1575 0.8499999999998129 -0.4500000000012965 0
1576 0.8499999999998338 -0.4000000000014142 0
1577 0.8499999999998544 -0.350000000001532 0
1578 0.8499999999998752 -0.3000000000016499 0
1579 0.8499999999998961 -0.2500000000017674 0
1580 0.8499999999999169 -0.2000000000018853 0
1581 0.8499999999999378 -0.150000000002003 0
1582 0.8499999999999586 -0.1000000000021206 0
1583 0.8499999999999792 -0.05000000000223846 0
1584 0.8500000000000002 -2.337692539544634e-12 0
1585 0.8500000000000207 0.04999999999776186 0
1586 0.8500000000000415 0.09999999999787959 0
1587 0.8500000000000625 0.1499999999979974 0
1588 0.8500000000000834 0.1999999999981152 0
1589 0.8500000000001038 0.2499999999982331 0
1590 0.8500000000001249 0.2999999999983509 0
1591 0.8500000000001455 0.3499999999984684 0
1592 0.8500000000001664 0.3999999999985864 0
1593 0.8500000000001873 0.4499999999987041 0
1594 0.8500000000002079 0.4999999999988219 0
1595 0.8500000000002288 0.5499999999989398 0
1596 0.8500000000002494 0.5999999999990577 0
1597 0.8500000000002703 0.6499999999991755 0
1598 0.8500000000002912 0.6999999999992932 0
1599 0.8500000000003121 0.7499999999994109 0
1600 0.8500000000003327 0.7999999999995286 0
1601 0.8500000000003534 0.8499999999996466 0
1602 0.8500000000003742 0.8999999999997643 0
1603 0.8500000000003951 0.949999999999882 0
1604 0.8999999999997363 -0.9500000000001247 0
1605 0.8999999999997504 -0.9000000000002496 0
1606 0.8999999999997641 -0.8500000000003742 0
1607 0.8999999999997781 -0.800000000000499 0
1608 0.8999999999997919 -0.7500000000006239 0
1609 0.8999999999998055 -0.7000000000007488 0
1610 0.8999999999998195 -0.6500000000008738 0
1611 0.8999999999998336 -0.6000000000009984 0
1612 0.8999999999998474 -0.5500000000011231 0
1613 0.8999999999998611 -0.5000000000012481 0
1614 0.8999999999998751 -0.4500000000013726 0
1615 0.8999999999998889 -0.4000000000014973 0
1616 0.899999999999903 -0.3500000000016219 0
1617 0.8999999999999165 -0.3000000000017467 0
1618 0.8999999999999304 -0.2500000000018713 0
1619 0.8999999999999444 -0.2000000000019962 0
1620 0.8999999999999585 -0.1500000000021208 0
1621 0.8999999999999722 -0.1000000000022454 0
1622 0.8999999999999861 -0.05000000000237015 0
1623 0.8999999999999999 -2.475263050083498e-12 0
1624 0.9000000000000139 0.04999999999763016 0
1625 0.9000000000000278 0.09999999999775491 0
1626 0.9000000000000415 0.1499999999978796 0
1627 0.9000000000000554 0.1999999999980044 0
1628 0.9000000000000694 0.2499999999981292 0
1629 0.9000000000000831 0.2999999999982538 0
1630 0.9000000000000969 0.3499999999983785 0
1631 0.9000000000001109 0.3999999999985031 0
1632 0.9000000000001246 0.4499999999986279 0
1633 0.9000000000001387 0.4999999999987526 0
1634 0.9000000000001526 0.5499999999988774 0
1635 0.9000000000001664 0.5999999999990022 0
1636 0.9000000000001802 0.6499999999991268 0
1637 0.9000000000001942 0.6999999999992514 0
1638 0.9000000000002081 0.7499999999993763 0
1639 0.9000000000002217 0.7999999999995011 0
1640 0.9000000000002355 0.8499999999996257 0
1641 0.9000000000002496 0.8999999999997503 0
1642 0.9000000000002635 0.9499999999998749 0
1643 0.9499999999998681 -0.9500000000001316 0
1644 0.9499999999998752 -0.9000000000002635 0
1645 0.9499999999998819 -0.850000000000395 0
1646 0.9499999999998889 -0.8000000000005267 0
1647 0.9499999999998958 -0.7500000000006584 0
1648 0.9499999999999028 -0.7000000000007905 0
1649 0.9499999999999098 -0.6500000000009221 0
1650 0.9499999999999166 -0.6000000000010538 0
1651 0.9499999999999234 -0.5500000000011853 0
1652 0.9499999999999305 -0.5000000000013174 0
1653 0.9499999999999372 -0.4500000000014488 0
1654 0.9499999999999444 -0.4000000000015805 0
1655 0.9499999999999513 -0.3500000000017121 0
1656 0.9499999999999584 -0.3000000000018437 0
1657 0.9499999999999652 -0.2500000000019753 0
1658 0.9499999999999722 -0.2000000000021069 0
1659 0.949999999999979 -0.1500000000022386 0
1660 0.9499999999999861 -0.1000000000023702 0
1661 0.9499999999999929 -0.05000000000250185 0
1662 0.9499999999999996 -2.612670496615621e-12 0
1663 0.9500000000000067 0.04999999999749846 0
1664 0.9500000000000138 0.09999999999763019 0
1665 0.9500000000000206 0.1499999999977618 0
1666 0.9500000000000276 0.1999999999978935 0
1667 0.9500000000000347 0.2499999999980252 0
1668 0.9500000000000415 0.2999999999981569 0
1669 0.9500000000000485 0.3499999999982883 0
1670 0.9500000000000556 0.39999999999842 0
1671 0.9500000000000624 0.4499999999985517 0
1672 0.9500000000000693 0.4999999999986832 0
1673 0.9500000000000762 0.549999999998815 0
1674 0.9500000000000831 0.5999999999989467 0
1675 0.9500000000000901 0.6499999999990782 0
1676 0.950000000000097 0.6999999999992099 0
1677 0.9500000000001041 0.7499999999993416 0
1678 0.9500000000001111 0.7999999999994734 0
1679 0.9500000000001179 0.8499999999996051 0
1680 0.9500000000001249 0.8999999999997363 0
1681 0.9500000000001317 0.9499999999998683 0
$EndNodes
$Elements
3364
1 15 2 1 1 1
2 15 2 4 2 2
3 15 2 3 3 3
4 15 2 2 4 4
5 1 2 101 1 1 5
6 1 2 101 1 5 6
7 1 2 101 1 6 7
8 1 2 101 1 7 8
9 1 2 101 1 8 9
10 1 2 101 1 9 10
11 1 2 101 1 10 11
12 1 2 101 1 11 12
13 1 2 101 1 12 13
14 1 2 101 1 13 14
15 1 2 101 1 14 15
16 1 2 101 1 15 16
17 1 2 101 1 16 17
18 1 2 101 1 17 18
19 1 2 101 1 18 19
20 1 2 101 1 19 20
21 1 2 101 1 20 21
22 1 2 101 1 21 22
23 1 2 101 1 22 23
24 1 2 101 1 23 24
25 1 2 101 1 24 25
26 1 2 101 1 25 26
27 1 2 101 1 26 27
28 1 2 101 1 27 28
29 1 2 101 1 28 29
30 1 2 101 1 29 30
31 1 2 101 1 30 31
32 1 2 101 1 31 32
33 1 2 101 1 32 33
34 1 2 101 1 33 34
35 1 2 101 1 34 35
36 1 2 101 1 35 36
37 1 2 101 1 36 37
38 1 2 101 1 37 38
39 1 2 101 1 38 39
40 1 2 101 1 39 40
41 1 2 101 1 40 41
42 1 2 101 1 41 42
43 1 2 101 1 42 43
44 1 2 101 1 43 4
45 1 2 102 2 4 44
46 1 2 102 2 44 45
47 1 2 102 2 45 46
48 1 2 102 2 46 47
49 1 2 102 2 47 48
50 1 2 102 2 48 49
51 1 2 102 2 49 50
52 1 2 102 2 50 51
53 1 2 102 2 51 52
54 1 2 102 2 52 53
55 1 2 102 2 53 54
56 1 2 102 2 54 55
57 1 2 102 2 55 56
58 1 2 102 2 56 57
59 1 2 102 2 57 58
60 1 2 102 2 58 59
61 1 2 102 2 59 60
62 1 2 102 2 60 61
63 1 2 102 2 61 62
64 1 2 102 2 62 63
65 1 2 102 2 63 64
66 1 2 102 2 64 65
67 1 2 102 2 65 66
68 1 2 102 2 66 67
69 1 2 102 2 67 68
70 1 2 102 2 68 69
71 1 2 102 2 69 70
72 1 2 102 2 70 71
73 1 2 102 2 71 72
74 1 2 102 2 72 73
75 1 2 102 2 73 74
76 1 2 102 2 74 75
77 1 2 102 2 75 76
78 1 2 102 2 76 77
79 1 2 102 2 77 78
80 1 2 102 2 78 79
81 1 2 102 2 79 80
82 1 2 102 2 80 81
83 1 2 102 2 81 82
84 1 2 102 2 82 3
85 1 2 103 3 3 83
86 1 2 103 3 83 84
87 1 2 103 3 84 85
88 1 2 103 3 85 86
89 1 2 103 3 86 87
90 1 2 103 3 87 88
91 1 2 103 3 88 89
92 1 2 103 3 89 90
93 1 2 103 3 90 91
94 1 2 103 3 91 92
95 1 2 103 3 92 93
96 1 2 103 3 93 94
97 1 2 103 3 94 95
98 1 2 103 3 95 96
99 1 2 103 3 96 97
100 1 2 103 3 97 98
101 1 2 103 3 98 99
102 1 2 103 3 99 100
103 1 2 103 3 100 101
104 1 2 103 3 101 102
105 1 2 103 3 102 103
106 1 2 103 3 103 104
107 1 2 103 3 104 105
108 1 2 103 3 105 106
109 1 2 103 3 106 107
110 1 2 103 3 107 108
111 1 2 103 3 108 109
112 1 2 103 3 109 110
113 1 2 103 3 110 111
114 1 2 103 3 111 112
115 1 2 103 3 112 113
116 1 2 103 3 113 114
117 1 2 103 3 114 115
118 1 2 103 3 115 116
119 1 2 103 3 116 117
120 1 2 103 3 117 118
121 1 2 103 3 118 119
122 1 2 103 3 119 120
123 1 2 103 3 120 121
124 1 2 103 3 121 2
125 1 2 104 4 2 122
126 1 2 104 4 122 123
127 1 2 104 4 123 124
128 1 2 104 4 124 125
129 1 2 104 4 125 126
130 1 2 104 4 126 127
131 1 2 104 4 127 128
132 1 2 104 4 128 129
133 1 2 104 4 129 130
134 1 2 104 4 130 131
135 1 2 104 4 131 132
136 1 2 104 4 132 133
137 1 2 104 4 133 134
138 1 2 104 4 134 135
139 1 2 104 4 135 136
140 1 2 104 4 136 137
141 1 2 104 4 137 138
142 1 2 104 4 138 139
143 1 2 104 4 139 140
144 1 2 104 4 140 141
145 1 2 104 4 141 142
146 1 2 104 4 142 143
147 1 2 104 4 143 144
148 1 2 104 4 144 145
149 1 2 104 4 145 146
150 1 2 104 4 146 147
151 1 2 104 4 147 148
152 1 2 104 4 148 149
153 1 2 104 4 149 150
154 1 2 104 4 150 151
155 1 2 104 4 151 152
156 1 2 104 4 152 153
157 1 2 104 4 153 154
158 1 2 104 4 154 155
159 1 2 104 4 155 156
160 1 2 104 4 156 157
161 1 2 104 4 157 158
162 1 2 104 4 158 159
163 1 2 104 4 159 160
164 1 2 104 4 160 1
165 2 2 1000 9 1 5 160
166 2 2 1000 9 160 5 161
167 2 2 1000 9 160 161 159
168 2 2 1000 9 159 161 162
169 2 2 1000 9 159 162 158
170 2 2 1000 9 158 162 163
171 2 2 1000 9 158 163 157
172 2 2 1000 9 157 163 164
173 2 2 1000 9 157 164 156
174 2 2 1000 9 156 164 165
175 2 2 1000 9 156 165 155
176 2 2 1000 9 155 165 166
177 2 2 1000 9 155 166 154
178 2 2 1000 9 154 166 167
179 2 2 1000 9 154 167 153
180 2 2 1000 9 153 167 168
181 2 2 1000 9 153 168 152
182 2 2 1000 9 152 168 169
183 2 2 1000 9 152 169 151
184 2 2 1000 9 151 169 170
185 2 2 1000 9 151 170 150
186 2 2 1000 9 150 170 171
187 2 2 1000 9 150 171 149
188 2 2 1000 9 149 171 172
189 2 2 1000 9 149 172 148
190 2 2 1000 9 148 172 173
191 2 2 1000 9 148 173 147
192 2 2 1000 9 147 173 174
193 2 2 1000 9 147 174 146
194 2 2 1000 9 146 174 175
195 2 2 1000 9 146 175 145
196 2 2 1000 9 145 175 176
197 2 2 1000 9 145 176 144
198 2 2 1000 9 144 176 177
199 2 2 1000 9 144 177 143
200 2 2 1000 9 143 177 178
201 2 2 1000 9 143 178 142
202 2 2 1000 9 142 178 179
203 2 2 1000 9 142 179 141
204 2 2 1000 9 141 179 180
205 2 2 1000 9 141 180 140
206 2 2 1000 9 140 180 181
207 2 2 1000 9 140 181 139
208 2 2 1000 9 139 181 182
209 2 2 1000 9 139 182 138
210 2 2 1000 9 138 182 183
211 2 2 1000 9 138 183 137
212 2 2 1000 9 137 183 184
213 2 2 1000 9 137 184 136
214 2 2 1000 9 136 184 185
215 2 2 1000 9 136 185 135
216 2 2 1000 9 135 185 186
217 2 2 1000 9 135 186 134
218 2 2 1000 9 134 186 187
219 2 2 1000 9 134 187 133
220 2 2 1000 9 133 187 188
221 2 2 1000 9 133 188 132
222 2 2 1000 9 132 188 189
223 2 2 1000 9 132 189 131
224 2 2 1000 9 131 189 190
225 2 2 1000 9 131 190 130
226 2 2 1000 9 130 190 191
227 2 2 1000 9 130 191 129
228 2 2 1000 9 129 191 192
229 2 2 1000 9 129 192 128
230 2 2 1000 9 128 192 193
231 2 2 1000 9 128 193 127
232 2 2 1000 9 127 193 194
233 2 2 1000 9 127 194 126
234 2 2 1000 9 126 194 195
235 2 2 1000 9 126 195 125
236 2 2 1000 9 125 195 196
237 2 2 1000 9 125 196 124
238 2 2 1000 9 124 196 197
239 2 2 1000 9 124 197 123
240 2 2 1000 9 123 197 198
241 2 2 1000 9 123 198 122
242 2 2 1000 9 122 198 199
243 2 2 1000 9 122 199 2
244 2 2 1000 9 2 199 121
245 2 2 1000 9 5 6 161
246 2 2 1000 9 161 6 200
247 2 2 1000 9 161 200 162
248 2 2 1000 9 162 200 201
249 2 2 1000 9 162 201 163
250 2 2 1000 9 163 201 202
251 2 2 1000 9 163 202 164
252 2 2 1000 9 164 202 203
253 2 2 1000 9 164 203 165
254 2 2 1000 9 165 203 204
255 2 2 1000 9 165 204 166
256 2 2 1000 9 166 204 205
257 2 2 1000 9 166 205 167
258 2 2 1000 9 167 205 206
259 2 2 1000 9 167 206 168
260 2 2 1000 9 168 206 207
261 2 2 1000 9 168 207 169
262 2 2 1000 9 169 207 208
263 2 2 1000 9 169 208 170
264 2 2 1000 9 170 208 209
265 2 2 1000 9 170 209 171
266 2 2 1000 9 171 209 210
267 2 2 1000 9 171 210 172
268 2 2 1000 9 172 210 211
269 2 2 1000 9 172 211 173
270 2 2 1000 9 173 211 212
271 2 2 1000 9 173 212 174
272 2 2 1000 9 174 212 213
273 2 2 1000 9 174 213 175
274 2 2 1000 9 175 213 214
275 2 2 1000 9 175 214 176
276 2 2 1000 9 176 214 215
277 2 2 1000 9 176 215 177
278 2 2 1000 9 177 215 216
279 2 2 1000 9 177 216 178
280 2 2 1000 9 178 216 217
281 2 2 1000 9 178 217 179
282 2 2 1000 9 179 217 218
283 2 2 1000 9 179 218 180
284 2 2 1000 9 180 218 219
285 2 2 1000 9 180 219 181
286 2 2 1000 9 181 219 220
287 2 2 1000 9 181 220 182
288 2 2 1000 9 182 220 221
289 2 2 1000 9 182 221 183
290 2 2 1000 9 183 221 222
291 2 2 1000 9 183 222 184
292 2 2 1000 9 184 222 223
293 2 2 1000 9 184 223 185
294 2 2 1000 9 185 223 224
295 2 2 1000 9 185 224 186
296 2 2 1000 9 186 224 225
297 2 2 1000 9 186 225 187
298 2 2 1000 9 187 225 226
299 2 2 1000 9 187 226 188
300 2 2 1000 9 188 226 227
301 2 2 1000 9 188 227 189
302 2 2 1000 9 189 227 228
303 2 2 1000 9 189 228 190
304 2 2 1000 9 190 228 229
305 2 2 1000 9 190 229 191
306 2 2 1000 9 191 229 230
307 2 2 1000 9 191 230 192
308 2 2 1000 9 192 230 231
309 2 2 1000 9 192 231 193
310 2 2 1000 9 193 231 232
311 2 2 1000 9 193 232 194
312 2 2 1000 9 194 232 233
313 2 2 1000 9 194 233 195
314 2 2 1000 9 195 233 234
315 2 2 1000 9 195 234 196
316 2 2 1000 9 196 234 235
317 2 2 1000 9 196 235 197
318 2 2 1000 9 197 235 236
319 2 2 1000 9 197 236 198
320 2 2 1000 9 198 236 237
321 2 2 1000 9 198 237 199
322 2 2 1000 9 199 237 238
323 2 2 1000 9 199 238 121
324 2 2 1000 9 121 238 120
325 2 2 1000 9 6 7 200
326 2 2 1000 9 200 7 239
327 2 2 1000 9 200 239 201
328 2 2 1000 9 201 239 240
329 2 2 1000 9 201 240 202
330 2 2 1000 9 202 240 241
331 2 2 1000 9 202 241 203
332 2 2 1000 9 203 241 242
333 2 2 1000 9 203 242 204
334 2 2 1000 9 204 242 243
335 2 2 1000 9 204 243 205
336 2 2 1000 9 205 243 244
337 2 2 1000 9 205 244 206
338 2 2 1000 9 206 244 245
339 2 2 1000 9 206 245 207
340 2 2 1000 9 207 245 246
341 2 2 1000 9 207 246 208
342 2 2 1000 9 208 246 247
343 2 2 1000 9 208 247 209
344 2 2 1000 9 209 247 248
345 2 2 1000 9 209 248 210
346 2 2 1000 9 210 248 249
347 2 2 1000 9 210 249 211
348 2 2 1000 9 211 249 250
349 2 2 1000 9 211 250 212
350 2 2 1000 9 212 250 251
351 2 2 1000 9 212 251 213
352 2 2 1000 9 213 251 252
353 2 2 1000 9 213 252 214
354 2 2 1000 9 214 252 253
355 2 2 1000 9 214 253 215
356 2 2 1000 9 215 253 254
357 2 2 1000 9 215 254 216
358 2 2 1000 9 216 254 255
359 2 2 1000 9 216 255 217
360 2 2 1000 9 217 255 256
361 2 2 1000 9 217 256 218
362 2 2 1000 9 218 256 257
363 2 2 1000 9 218 257 219
364 2 2 1000 9 219 257 258
365 2 2 1000 9 219 258 220
366 2 2 1000 9 220 258 259
367 2 2 1000 9 220 259 221
368 2 2 1000 9 221 259 260
369 2 2 1000 9 221 260 222
370 2 2 1000 9 222 260 261
371 2 2 1000 9 222 261 223
372 2 2 1000 9 223 261 262
373 2 2 1000 9 223 262 224
374 2 2 1000 9 224 262 263
375 2 2 1000 9 224 263 225
376 2 2 1000 9 225 263 264
377 2 2 1000 9 225 264 226
378 2 2 1000 9 226 264 265
379 2 2 1000 9 226 265 227
380 2 2 1000 9 227 265 266
381 2 2 1000 9 227 266 228
382 2 2 1000 9 228 266 267
383 2 2 1000 9 228 267 229
384 2 2 1000 9 229 267 268
385 2 2 1000 9 229 268 230
386 2 2 1000 9 230 268 269
387 2 2 1000 9 230 269 231
388 2 2 1000 9 231 269 270
389 2 2 1000 9 231 270 232
390 2 2 1000 9 232 270 271
391 2 2 1000 9 232 271 233
392 2 2 1000 9 233 271 272
393 2 2 1000 9 233 272 234
394 2 2 1000 9 234 272 273
395 2 2 1000 9 234 273 235
396 2 2 1000 9 235 273 274
397 2 2 1000 9 235 274 236
398 2 2 1000 9 236 274 275
399 2 2 1000 9 236 275 237
400 2 2 1000 9 237 275 276
401 2 2 1000 9 237 276 238
402 2 2 1000 9 238 276 277
403 2 2 1000 9 238 277 120
404 2 2 1000 9 120 277 119
405 2 2 1000 9 7 8 239
406 2 2 1000 9 239 8 278
407 2 2 1000 9 239 278 240
408 2 2 1000 9 240 278 279
409 2 2 1000 9 240 279 241
410 2 2 1000 9 241 279 280
411 2 2 1000 9 241 280 242
412 2 2 1000 9 242 280 281
413 2 2 1000 9 242 281 243
414 2 2 1000 9 243 281 282
415 2 2 1000 9 243 282 244
416 2 2 1000 9 244 282 283
417 2 2 1000 9 244 283 245
418 2 2 1000 9 245 283 284
419 2 2 1000 9 245 284 246
420 2 2 1000 9 246 284 285
421 2 2 1000 9 246 285 247
422 2 2 1000 9 247 285 286
423 2 2 1000 9 247 286 248
424 2 2 1000 9 248 286 287
425 2 2 1000 9 248 287 249
426 2 2 1000 9 249 287 288
427 2 2 1000 9 249 288 250
428 2 2 1000 9 250 288 289
429 2 2 1000 9 250 289 251
430 2 2 1000 9 251 289 290
431 2 2 1000 9 251 290 252
432 2 2 1000 9 252 290 291
433 2 2 1000 9 252 291 253
434 2 2 1000 9 253 291 292
435 2 2 1000 9 253 292 254
436 2 2 1000 9 254 292 293
437 2 2 1000 9 254 293 255
438 2 2 1000 9 255 293 294
439 2 2 1000 9 255 294 256
440 2 2 1000 9 256 294 295
441 2 2 1000 9 256 295 257
442 2 2 1000 9 257 295 296
443 2 2 1000 9 257 296 258
444 2 2 1000 9 258 296 297
445 2 2 1000 9 258 297 259
446 2 2 1000 9 259 297 298
447 2 2 1000 9 259 298 260
448 2 2 1000 9 260 298 299
449 2 2 1000 9 260 299 261
450 2 2 1000 9 261 299 300
451 2 2 1000 9 261 300 262
452 2 2 1000 9 262 300 301
453 2 2 1000 9 262 301 263
454 2 2 1000 9 263 301 302
455 2 2 1000 9 263 302 264
456 2 2 1000 9 264 302 303
457 2 2 1000 9 264 303 265
458 2 2 1000 9 265 303 304
459 2 2 1000 9 265 304 266
460 2 2 1000 9 266 304 305
461 2 2 1000 9 266 305 267
462 2 2 1000 9 267 305 306
463 2 2 1000 9 267 306 268
464 2 2 1000 9 268 306 307
465 2 2 1000 9 268 307 269
466 2 2 1000 9 269 307 308
467 2 2 1000 9 269 308 270
468 2 2 1000 9 270 308 309
469 2 2 1000 9 270 309 271
470 2 2 1000 9 271 309 310
471 2 2 1000 9 271 310 272
472 2 2 1000 9 272 310 311
473 2 2 1000 9 272 311 273
474 2 2 1000 9 273 311 312
475 2 2 1000 9 273 312 274
476 2 2 1000 9 274 312 313
477 2 2 1000 9 274 313 275
478 2 2 1000 9 275 313 314
479 2 2 1000 9 275 314 276
480 2 2 1000 9 276 314 315
481 2 2 1000 9 276 315 277
482 2 2 1000 9 277 315 316
483 2 2 1000 9 277 316 119
484 2 2 1000 9 119 316 118
485 2 2 1000 9 8 9 278
486 2 2 1000 9 278 9 317
487 2 2 1000 9 278 317 279
488 2 2 1000 9 279 317 318
489 2 2 1000 9 279 318 280
490 2 2 1000 9 280 318 319
491 2 2 1000 9 280 319 281
492 2 2 1000 9 281 319 320
493 2 2 1000 9 281 320 282
494 2 2 1000 9 282 320 321
495 2 2 1000 9 282 321 283
496 2 2 1000 9 283 321 322
497 2 2 1000 9 283 322 284
498 2 2 1000 9 284 322 323
499 2 2 1000 9 284 323 285
500 2 2 1000 9 285 323 324
501 2 2 1000 9 285 324 286
502 2 2 1000 9 286 324 325
503 2 2 1000 9 286 325 287
504 2 2 1000 9 287 325 326
505 2 2 1000 9 287 326 288
506 2 2 1000 9 288 326 327
507 2 2 1000 9 288 327 289
508 2 2 1000 9 289 327 328
509 2 2 1000 9 289 328 290
510 2 2 1000 9 290 328 329
511 2 2 1000 9 290 329 291
512 2 2 1000 9 291 329 330
513 2 2 1000 9 291 330 292
514 2 2 1000 9 292 330 331
515 2 2 1000 9 292 331 293
516 2 2 1000 9 293 331 332
517 2 2 1000 9 293 332 294
518 2 2 1000 9 294 332 333
519 2 2 1000 9 294 333 295
520 2 2 1000 9 295 333 334
521 2 2 1000 9 295 334 296
522 2 2 1000 9 296 334 335
523 2 2 1000 9 296 335 297
524 2 2 1000 9 297 335 336
525 2 2 1000 9 297 336 298
526 2 2 1000 9 298 336 337
527 2 2 1000 9 298 337 299
528 2 2 1000 9 299 337 338
529 2 2 1000 9 299 338 300
530 2 2 1000 9 300 338 339
531 2 2 1000 9 300 339 301
532 2 2 1000 9 301 339 340
533 2 2 1000 9 301 340 302
534 2 2 1000 9 302 340 341
535 2 2 1000 9 302 341 303
536 2 2 1000 9 303 341 342
537 2 2 1000 9 303 342 304
538 2 2 1000 9 304 342 343
539 2 2 1000 9 304 343 305
540 2 2 1000 9 305 343 344
541 2 2 1000 9 305 344 306
542 2 2 1000 9 306 344 345
543 2 2 1000 9 306 345 307
544 2 2 1000 9 307 345 346
545 2 2 1000 9 307 346 308
546 2 2 1000 9 308 346 347
547 2 2 1000 9 308 347 309
548 2 2 1000 9 309 347 348
549 2 2 1000 9 309 348 310
550 2 2 1000 9 310 348 349
551 2 2 1000 9 310 349 311
552 2 2 1000 9 311 349 350
553 2 2 1000 9 311 350 312
554 2 2 1000 9 312 350 351
555 2 2 1000 9 312 351 313
556 2 2 1000 9 313 351 352
557 2 2 1000 9 313 352 314
558 2 2 1000 9 314 352 353
559 2 2 1000 9 314 353 315
560 2 2 1000 9 315 353 354
561 2 2 1000 9 315 354 316
562 2 2 1000 9 316 354 355
563 2 2 1000 9 316 355 118
564 2 2 1000 9 118 355 117
565 2 2 1000 9 9 10 317
566 2 2 1000 9 317 10 356
567 2 2 1000 9 317 356 318
568 2 2 1000 9 318 356 357
569 2 2 1000 9 318 357 319
570 2 2 1000 9 319 357 358
571 2 2 1000 9 319 358 320
572 2 2 1000 9 320 358 359
573 2 2 1000 9 320 359 321
574 2 2 1000 9 321 359 360
575 2 2 1000 9 321 360 322
576 2 2 1000 9 322 360 361
577 2 2 1000 9 322 361 323
578 2 2 1000 9 323 361 362
579 2 2 1000 9 323 362 324
580 2 2 1000 9 324 362 363
581 2 2 1000 9 324 363 325
582 2 2 1000 9 325 363 364
583 2 2 1000 9 325 364 326
584 2 2 1000 9 326 364 365
585 2 2 1000 9 326 365 327
586 2 2 1000 9 327 365 366
587 2 2 1000 9 327 366 328
588 2 2 1000 9 328 366 367
589 2 2 1000 9 328 367 329
590 2 2 1000 9 329 367 368
591 2 2 1000 9 329 368 330
592 2 2 1000 9 330 368 369
593 2 2 1000 9 330 369 331
594 2 2 1000 9 331 369 370
595 2 2 1000 9 331 370 332
596 2 2 1000 9 332 370 371
597 2 2 1000 9 332 371 333
598 2 2 1000 9 333 371 372
599 2 2 1000 9 333 372 334
600 2 2 1000 9 334 372 373
601 2 2 1000 9 334 373 335
602 2 2 1000 9 335 373 374
603 2 2 1000 9 335 374 336
604 2 2 1000 9 336 374 375
605 2 2 1000 9 336 375 337
606 2 2 1000 9 337 375 376
607 2 2 1000 9 337 376 338
608 2 2 1000 9 338 376 377
609 2 2 1000 9 338 377 339
610 2 2 1000 9 339 377 378
611 2 2 1000 9 339 378 340
612 2 2 1000 9 340 378 379
613 2 2 1000 9 340 379 341
614 2 2 1000 9 341 379 380
615 2 2 1000 9 341 380 342
616 2 2 1000 9 342 380 381
617 2 2 1000 9 342 381 343
618 2 2 1000 9 343 381 382
619 2 2 1000 9 343 382 344
620 2 2 1000 9 344 382 383
621 2 2 1000 9 344 383 345
622 2 2 1000 9 345 383 384
623 2 2 1000 9 345 384 346
624 2 2 1000 9 346 384 385
625 2 2 1000 9 346 385 347
626 2 2 1000 9 347 385 386
627 2 2 1000 9 347 386 348
628 2 2 1000 9 348 386 387
629 2 2 1000 9 348 387 349
630 2 2 1000 9 349 387 388
631 2 2 1000 9 349 388 350
632 2 2 1000 9 350 388 389
633 2 2 1000 9 350 389 351
634 2 2 1000 9 351 389 390
635 2 2 1000 9 351 390 352
636 2 2 1000 9 352 390 391
637 2 2 1000 9 352 391 353
638 2 2 1000 9 353 391 392
639 2 2 1000 9 353 392 354
640 2 2 1000 9 354 392 393
641 2 2 1000 9 354 393 355
642 2 2 1000 9 355 393 394
643 2 2 1000 9 355 394 117
644 2 2 1000 9 117 394 116
645 2 2 1000 9 10 11 356
646 2 2 1000 9 356 11 395
647 2 2 1000 9 356 395 357
648 2 2 1000 9 357 395 396
649 2 2 1000 9 357 396 358
650 2 2 1000 9 358 396 397
651 2 2 1000 9 358 397 359
652 2 2 1000 9 359 397 398
653 2 2 1000 9 359 398 360
654 2 2 1000 9 360 398 399
655 2 2 1000 9 360 399 361
656 2 2 1000 9 361 399 400
657 2 2 1000 9 361 400 362
658 2 2 1000 9 362 400 401
659 2 2 1000 9 362 401 363
660 2 2 1000 9 363 401 402
661 2 2 1000 9 363 402 364
662 2 2 1000 9 364 402 403
663 2 2 1000 9 364 403 365
664 2 2 1000 9 365 403 404
665 2 2 1000 9 365 404 366
666 2 2 1000 9 366 404 405
667 2 2 1000 9 366 405 367
668 2 2 1000 9 367 405 406
669 2 2 1000 9 367 406 368
670 2 2 1000 9 368 406 407
671 2 2 1000 9 368 407 369
672 2 2 1000 9 369 407 408
673 2 2 1000 9 369 408 370
674 2 2 1000 9 370 408 409
675 2 2 1000 9 370 409 371
676 2 2 1000 9 371 409 410
677 2 2 1000 9 371 410 372
678 2 2 1000 9 372 410 411
679 2 2 1000 9 372 411 373
680 2 2 1000 9 373 411 412
681 2 2 1000 9 373 412 374
682 2 2 1000 9 374 412 413
683 2 2 1000 9 374 413 375
684 2 2 1000 9 375 413 414
685 2 2 1000 9 375 414 376
686 2 2 1000 9 376 414 415
687 2 2 1000 9 376 415 377
688 2 2 1000 9 377 415 416
689 2 2 1000 9 377 416 378
690 2 2 1000 9 378 416 417
691 2 2 1000 9 378 417 379
692 2 2 1000 9 379 417 418
693 2 2 1000 9 379 418 380
694 2 2 1000 9 380 418 419
695 2 2 1000 9 380 419 381
696 2 2 1000 9 381 419 420
697 2 2 1000 9 381 420 382
698 2 2 1000 9 382 420 421
699 2 2 1000 9 382 421 383
700 2 2 1000 9 383 421 422
701 2 2 1000 9 383 422 384
702 2 2 1000 9 384 422 423
703 2 2 1000 9 384 423 385
704 2 2 1000 9 385 423 424
705 2 2 1000 9 385 424 386
706 2 2 1000 9 386 424 425
707 2 2 1000 9 386 425 387
708 2 2 1000 9 387 425 426
709 2 2 1000 9 387 426 388
710 2 2 1000 9 388 426 427
711 2 2 1000 9 388 427 389
712 2 2 1000 9 389 427 428
713 2 2 1000 9 389 428 390
714 2 2 1000 9 390 428 429
715 2 2 1000 9 390 429 391
716 2 2 1000 9 391 429 430
717 2 2 1000 9 391 430 392
718 2 2 1000 9 392 430 431
719 2 2 1000 9 392 431 393
720 2 2 1000 9 393 431 432
721 2 2 1000 9 393 432 394
722 2 2 1000 9 394 432 433
723 2 2 1000 9 394 433 116
724 2 2 1000 9 116 433 115
725 2 2 1000 9 11 12 395
726 2 2 1000 9 395 12 434
727 2 2 1000 9 395 434 396
728 2 2 1000 9 396 434 435
729 2 2 1000 9 396 435 397
730 2 2 1000 9 397 435 436
731 2 2 1000 9 397 436 398
732 2 2 1000 9 398 436 437
733 2 2 1000 9 398 437 399
734 2 2 1000 9 399 437 438
735 2 2 1000 9 399 438 400
736 2 2 1000 9 400 438 439
737 2 2 1000 9 400 439 401
738 2 2 1000 9 401 439 440
739 2 2 1000 9 401 440 402
740 2 2 1000 9 402 440 441
741 2 2 1000 9 402 441 403
742 2 2 1000 9 403 441 442
743 2 2 1000 9 403 442 404
744 2 2 1000 9 404 442 443
745 2 2 1000 9 404 443 405
746 2 2 1000 9 405 443 444
747 2 2 1000 9 405 444 406
748 2 2 1000 9 406 444 445
749 2 2 1000 9 406 445 407
750 2 2 1000 9 407 445 446
751 2 2 1000 9 407 446 408
752 2 2 1000 9 408 446 447
753 2 2 1000 9 408 447 409
754 2 2 1000 9 409 447 448
755 2 2 1000 9 409 448 410
756 2 2 1000 9 410 448 449
757 2 2 1000 9 410 449 411
758 2 2 1000 9 411 449 450
759 2 2 1000 9 411 450 412
760 2 2 1000 9 412 450 451
761 2 2 1000 9 412 451 413
762 2 2 1000 9 413 451 452
763 2 2 1000 9 413 452 414
764 2 2 1000 9 414 452 453
765 2 2 1000 9 414 453 415
766 2 2 1000 9 415 453 454
767 2 2 1000 9 415 454 416
768 2 2 1000 9 416 454 455
769 2 2 1000 9 416 455 417
770 2 2 1000 9 417 455 456
771 2 2 1000 9 417 456 418
772 2 2 1000 9 418 456 457
773 2 2 1000 9 418 457 419
774 2 2 1000 9 419 457 458
775 2 2 1000 9 419 458 420
776 2 2 1000 9 420 458 459
777 2 2 1000 9 420 459 421
778 2 2 1000 9 421 459 460
779 2 2 1000 9 421 460 422
780 2 2 1000 9 422 460 461
781 2 2 1000 9 422 461 423
782 2 2 1000 9 423 461 462
783 2 2 1000 9 423 462 424
784 2 2 1000 9 424 462 463
785 2 2 1000 9 424 463 425
786 2 2 1000 9 425 463 464
787 2 2 1000 9 425 464 426
788 2 2 1000 9 426 464 465
789 2 2 1000 9 426 465 427
790 2 2 1000 9 427 465 466
791 2 2 1000 9 427 466 428
792 2 2 1000 9 428 466 467
793 2 2 1000 9 428 467 429
794 2 2 1000 9 429 467 468
795 2 2 1000 9 429 468 430
796 2 2 1000 9 430 468 469
797 2 2 1000 9 430 469 431
798 2 2 1000 9 431 469 470
799 2 2 1000 9 431 470 432
800 2 2 1000 9 432 470 471
801 2 2 1000 9 432 471 433
802 2 2 1000 9 433 471 472
803 2 2 1000 9 433 472 115
804 2 2 1000 9 115 472 114
805 2 2 1000 9 12 13 434
806 2 2 1000 9 434 13 473
807 2 2 1000 9 434 473 435
808 2 2 1000 9 435 473 474
809 2 2 1000 9 435 474 436
810 2 2 1000 9 436 474 475
811 2 2 1000 9 436 475 437
812 2 2 1000 9 437 475 476
813 2 2 1000 9 437 476 438
814 2 2 1000 9 438 476 477
815 2 2 1000 9 438 477 439
816 2 2 1000 9 439 477 478
817 2 2 1000 9 439 478 440
818 2 2 1000 9 440 478 479
819 2 2 1000 9 440 479 441
820 2 2 1000 9 441 479 480
821 2 2 1000 9 441 480 442
822 2 2 1000 9 442 480 481
823 2 2 1000 9 442 481 443
824 2 2 1000 9 443 481 482
825 2 2 1000 9 443 482 444
826 2 2 1000 9 444 482 483
827 2 2 1000 9 444 483 445
828 2 2 1000 9 445 483 484
829 2 2 1000 9 445 484 446
830 2 2 1000 9 446 484 485
831 2 2 1000 9 446 485 447
832 2 2 1000 9 447 485 486
833 2 2 1000 9 447 486 448
834 2 2 1000 9 448 486 487
835 2 2 1000 9 448 487 449
836 2 2 1000 9 449 487 488
837 2 2 1000 9 449 488 450
838 2 2 1000 9 450 488 489
839 2 2 1000 9 450 489 451
840 2 2 1000 9 451 489 490
841 2 2 1000 9 451 490 452
842 2 2 1000 9 452 490 491
843 2 2 1000 9 452 491 453
844 2 2 1000 9 453 491 492
845 2 2 1000 9 453 492 454
846 2 2 1000 9 454 492 493
847 2 2 1000 9 454 493 455
848 2 2 1000 9 455 493 494
849 2 2 1000 9 455 494 456
850 2 2 1000 9 456 494 495
851 2 2 1000 9 456 495 457
852 2 2 1000 9 457 495 496
853 2 2 1000 9 457 496 458
854 2 2 1000 9 458 496 497
855 2 2 1000 9 458 497 459
856 2 2 1000 9 459 497 498
857 2 2 1000 9 459 498 460
858 2 2 1000 9 460 498 499
859 2 2 1000 9 460 499 461
860 2 2 1000 9 461 499 500
861 2 2 1000 9 461 500 462
862 2 2 1000 9 462 500 501
863 2 2 1000 9 462 501 463
864 2 2 1000 9 463 501 502
865 2 2 1000 9 463 502 464
866 2 2 1000 9 464 502 503
867 2 2 1000 9 464 503 465
868 2 2 1000 9 465 503 504
869 2 2 1000 9 465 504 466
870 2 2 1000 9 466 504 505
871 2 2 1000 9 466 505 467
872 2 2 1000 9 467 505 506
873 2 2 1000 9 467 506 468
874 2 2 1000 9 468 506 507
875 2 2 1000 9 468 507 469
876 2 2 1000 9 469 507 508
877 2 2 1000 9 469 508 470
878 2 2 1000 9 470 508 509
879 2 2 1000 9 470 509 471
880 2 2 1000 9 471 509 510
881 2 2 1000 9 471 510 472
882 2 2 1000 9 472 510 511
883 2 2 1000 9 472 511 114
884 2 2 1000 9 114 511 113
885 2 2 1000 9 13 14 473
886 2 2 1000 9 473 14 512
887 2 2 1000 9 473 512 474
888 2 2 1000 9 474 512 513
889 2 2 1000 9 474 513 475
890 2 2 1000 9 475 513 514
891 2 2 1000 9 475 514 476
892 2 2 1000 9 476 514 515
893 2 2 1000 9 476 515 477
894 2 2 1000 9 477 515 516
895 2 2 1000 9 477 516 478
896 2 2 1000 9 478 516 517
897 2 2 1000 9 478 517 479
898 2 2 1000 9 479 517 518
899 2 2 1000 9 479 518 480
900 2 2 1000 9 480 518 519
901 2 2 1000 9 480 519 481
902 2 2 1000 9 481 519 520
903 2 2 1000 9 481 520 482
904 2 2 1000 9 482 520 521
905 2 2 1000 9 482 521 483
906 2 2 1000 9 483 521 522
907 2 2 1000 9 483 522 484
908 2 2 1000 9 484 522 523
909 2 2 1000 9 484 523 485
910 2 2 1000 9 485 523 524
911 2 2 1000 9 485 524 486
912 2 2 1000 9 486 524 525
913 2 2 1000 9 486 525 487
914 2 2 1000 9 487 525 526
915 2 2 1000 9 487 526 488
916 2 2 1000 9 488 526 527
917 2 2 1000 9 488 527 489
918 2 2 1000 9 489 527 528
919 2 2 1000 9 489 528 490
920 2 2 1000 9 490 528 529
921 2 2 1000 9 490 529 491
922 2 2 1000 9 491 529 530
923 2 2 1000 9 491 530 492
924 2 2 1000 9 492 530 531
925 2 2 1000 9 492 531 493
926 2 2 1000 9 493 531 532
927 2 2 1000 9 493 532 494
928 2 2 1000 9 494 532 533
929 2 2 1000 9 494 533 495
930 2 2 1000 9 495 533 534
931 2 2 1000 9 495 534 496
932 2 2 1000 9 496 534 535
933 2 2 1000 9 496 535 497
934 2 2 1000 9 497 535 536
935 2 2 1000 9 497 536 498
936 2 2 1000 9 498 536 537
937 2 2 1000 9 498 537 499
938 2 2 1000 9 499 537 538
939 2 2 1000 9 499 538 500
940 2 2 1000 9 500 538 539
941 2 2 1000 9 500 539 501
942 2 2 1000 9 501 539 540
943 2 2 1000 9 501 540 502
944 2 2 1000 9 502 540 541
945 2 2 1000 9 502 541 503
946 2 2 1000 9 503 541 542
947 2 2 1000 9 503 542 504
948 2 2 1000 9 504 542 543
949 2 2 1000 9 504 543 505
950 2 2 1000 9 505 543 544
951 2 2 1000 9 505 544 506
952 2 2 1000 9 506 544 545
953 2 2 1000 9 506 545 507
954 2 2 1000 9 507 545 546
955 2 2 1000 9 507 546 508
956 2 2 1000 9 508 546 547
957 2 2 1000 9 508 547 509
958 2 2 1000 9 509 547 548
959 2 2 1000 9 509 548 510
960 2 2 1000 9 510 548 549
961 2 2 1000 9 510 549 511
962 2 2 1000 9 511 549 550
963 2 2 1000 9 511 550 113
964 2 2 1000 9 113 550 112
965 2 2 1000 9 14 15 512
966 2 2 1000 9 512 15 551
967 2 2 1000 9 512 551 513
968 2 2 1000 9 513 551 552
969 2 2 1000 9 513 552 514
970 2 2 1000 9 514 552 553
971 2 2 1000 9 514 553 515
972 2 2 1000 9 515 553 554
973 2 2 1000 9 515 554 516
974 2 2 1000 9 516 554 555
975 2 2 1000 9 516 555 517
976 2 2 1000 9 517 555 556
977 2 2 1000 9 517 556 518
978 2 2 1000 9 518 556 557
979 2 2 1000 9 518 557 519
980 2 2 1000 9 519 557 558
981 2 2 1000 9 519 558 520
982 2 2 1000 9 520 558 559
983 2 2 1000 9 520 559 521
984 2 2 1000 9 521 559 560
985 2 2 1000 9 521 560 522
986 2 2 1000 9 522 560 561
987 2 2 1000 9 522 561 523
988 2 2 1000 9 523 561 562
989 2 2 1000 9 523 562 524
990 2 2 1000 9 524 562 563
991 2 2 1000 9 524 563 525
992 2 2 1000 9 525 563 564
993 2 2 1000 9 525 564 526
994 2 2 1000 9 526 564 565
995 2 2 1000 9 526 565 527
996 2 2 1000 9 527 565 566
997 2 2 1000 9 527 566 528
998 2 2 1000 9 528 566 567
999 2 2 1000 9 528 567 529
1000 2 2 1000 9 529 567 568
1001 2 2 1000 9 529 568 530
1002 2 2 1000 9 530 568 569
1003 2 2 1000 9 530 569 531
1004 2 2 1000 9 531 569 570
1005 2 2 1000 9 531 570 532
1006 2 2 1000 9 532 570 571
1007 2 2 1000 9 532 571 533
1008 2 2 1000 9 533 571 572
1009 2 2 1000 9 533 572 534
1010 2 2 1000 9 534 572 573
1011 2 2 1000 9 534 573 535
1012 2 2 1000 9 535 573 574
1013 2 2 1000 9 535 574 536
1014 2 2 1000 9 536 574 575
1015 2 2 1000 9 536 575 537
1016 2 2 1000 9 537 575 576
1017 2 2 1000 9 537 576 538
1018 2 2 1000 9 538 576 577
1019 2 2 1000 9 538 577 539
1020 2 2 1000 9 539 577 578
1021 2 2 1000 9 539 578 540
1022 2 2 1000 9 540 578 579
1023 2 2 1000 9 540 579 541
1024 2 2 1000 9 541 579 580
1025 2 2 1000 9 541 580 542
1026 2 2 1000 9 542 580 581
1027 2 2 1000 9 542 581 543
1028 2 2 1000 9 543 581 582
1029 2 2 1000 9 543 582 544
1030 2 2 1000 9 544 582 583
1031 2 2 1000 9 544 583 545
1032 2 2 1000 9 545 583 584
1033 2 2 1000 9 545 584 546
1034 2 2 1000 9 546 584 585
1035 2 2 1000 9 546 585 547
1036 2 2 1000 9 547 585 586
1037 2 2 1000 9 547 586 548
1038 2 2 1000 9 548 586 587
1039 2 2 1000 9 548 587 549
1040 2 2 1000 9 549 587 588
1041 2 2 1000 9 549 588 550
1042 2 2 1000 9 550 588 589
1043 2 2 1000 9 550 589 112
1044 2 2 1000 9 112 589 111
1045 2 2 1000 9 15 16 551
1046 2 2 1000 9 551 16 590
1047 2 2 1000 9 551 590 552
1048 2 2 1000 9 552 590 591
1049 2 2 1000 9 552 591 553
1050 2 2 1000 9 553 591 592
1051 2 2 1000 9 553 592 554
1052 2 2 1000 9 554 592 593
1053 2 2 1000 9 554 593 555
1054 2 2 1000 9 555 593 594
1055 2 2 1000 9 555 594 556
1056 2 2 1000 9 556 594 595
1057 2 2 1000 9 556 595 557
1058 2 2 1000 9 557 595 596
1059 2 2 1000 9 557 596 558
1060 2 2 1000 9 558 596 597
1061 2 2 1000 9 558 597 559
1062 2 2 1000 9 559 597 598
1063 2 2 1000 9 559 598 560
1064 2 2 1000 9 560 598 599
1065 2 2 1000 9 560 599 561
1066 2 2 1000 9 561 599 600
1067 2 2 1000 9 561 600 562
1068 2 2 1000 9 562 600 601
1069 2 2 1000 9 562 601 563
1070 2 2 1000 9 563 601 602
1071 2 2 1000 9 563 602 564
1072 2 2 1000 9 564 602 603
1073 2 2 1000 9 564 603 565
1074 2 2 1000 9 565 603 604
1075 2 2 1000 9 565 604 566
1076 2 2 1000 9 566 604 605
1077 2 2 1000 9 566 605 567
1078 2 2 1000 9 567 605 606
1079 2 2 1000 9 567 606 568
1080 2 2 1000 9 568 606 607
1081 2 2 1000 9 568 607 569
1082 2 2 1000 9 569 607 608
1083 2 2 1000 9 569 608 570
1084 2 2 1000 9 570 608 609
1085 2 2 1000 9 570 609 571
1086 2 2 1000 9 571 609 610
1087 2 2 1000 9 571 610 572
1088 2 2 1000 9 572 610 611
1089 2 2 1000 9 572 611 573
1090 2 2 1000 9 573 611 612
1091 2 2 1000 9 573 612 574
1092 2 2 1000 9 574 612 613
1093 2 2 1000 9 574 613 575
1094 2 2 1000 9 575 613 614
1095 2 2 1000 9 575 614 576
1096 2 2 1000 9 576 614 615
1097 2 2 1000 9 576 615 577
1098 2 2 1000 9 577 615 616
1099 2 2 1000 9 577 616 578
1100 2 2 1000 9 578 616 617
1101 2 2 1000 9 578 617 579
1102 2 2 1000 9 579 617 618
1103 2 2 1000 9 579 618 580
1104 2 2 1000 9 580 618 619
1105 2 2 1000 9 580 619 581
1106 2 2 1000 9 581 619 620
1107 2 2 1000 9 581 620 582
1108 2 2 1000 9 582 620 621
1109 2 2 1000 9 582 621 583
1110 2 2 1000 9 583 621 622
1111 2 2 1000 9 583 622 584
1112 2 2 1000 9 584 622 623
1113 2 2 1000 9 584 623 585
1114 2 2 1000 9 585 623 624
1115 2 2 1000 9 585 624 586
1116 2 2 1000 9 586 624 625
1117 2 2 1000 9 586 625 587
1118 2 2 1000 9 587 625 626
1119 2 2 1000 9 587 626 588
1120 2 2 1000 9 588 626 627
1121 2 2 1000 9 588 627 589
1122 2 2 1000 9 589 627 628
1123 2 2 1000 9 589 628 111
1124 2 2 1000 9 111 628 110
1125 2 2 1000 9 16 17 590
1126 2 2 1000 9 590 17 629
1127 2 2 1000 9 590 629 591
1128 2 2 1000 9 591 629 630
1129 2 2 1000 9 591 630 592
1130 2 2 1000 9 592 630 631
1131 2 2 1000 9 592 631 593
1132 2 2 1000 9 593 631 632
1133 2 2 1000 9 593 632 594
1134 2 2 1000 9 594 632 633
1135 2 2 1000 9 594 633 595
1136 2 2 1000 9 595 633 634
1137 2 2 1000 9 595 634 596
1138 2 2 1000 9 596 634 635
1139 2 2 1000 9 596 635 597
1140 2 2 1000 9 597 635 636
1141 2 2 1000 9 597 636 598
1142 2 2 1000 9 598 636 637
1143 2 2 1000 9 598 637 599
1144 2 2 1000 9 599 637 638
1145 2 2 1000 9 599 638 600
1146 2 2 1000 9 600 638 639
1147 2 2 1000 9 600 639 601
1148 2 2 1000 9 601 639 640
1149 2 2 1000 9 601 640 602
1150 2 2 1000 9 602 640 641
1151 2 2 1000 9 602 641 603
1152 2 2 1000 9 603 641 642
1153 2 2 1000 9 603 642 604
1154 2 2 1000 9 604 642 643
1155 2 2 1000 9 604 643 605
1156 2 2 1000 9 605 643 644
1157 2 2 1000 9 605 644 606
1158 2 2 1000 9 606 644 645
1159 2 2 1000 9 606 645 607
1160 2 2 1000 9 607 645 646
1161 2 2 1000 9 607 646 608
1162 2 2 1000 9 608 646 647
1163 2 2 1000 9 608 647 609
1164 2 2 1000 9 609 647 648
1165 2 2 1000 9 609 648 610
1166 2 2 1000 9 610 648 649
1167 2 2 1000 9 610 649 611
1168 2 2 1000 9 611 649 650
1169 2 2 1000 9 611 650 612
1170 2 2 1000 9 612 650 651
1171 2 2 1000 9 612 651 613
1172 2 2 1000 9 613 651 652
1173 2 2 1000 9 613 652 614
1174 2 2 1000 9 614 652 653
1175 2 2 1000 9 614 653 615
1176 2 2 1000 9 615 653 654
1177 2 2 1000 9 615 654 616
1178 2 2 1000 9 616 654 655
1179 2 2 1000 9 616 655 617
1180 2 2 1000 9 617 655 656
1181 2 2 1000 9 617 656 618
1182 2 2 1000 9 618 656 657
1183 2 2 1000 9 618 657 619
1184 2 2 1000 9 619 657 658
1185 2 2 1000 9 619 658 620
1186 2 2 1000 9 620 658 659
1187 2 2 1000 9 620 659 621
1188 2 2 1000 9 621 659 660
1189 2 2 1000 9 621 660 622
1190 2 2 1000 9 622 660 661
1191 2 2 1000 9 622 661 623
1192 2 2 1000 9 623 661 662
1193 2 2 1000 9 623 662 624
1194 2 2 1000 9 624 662 663
1195 2 2 1000 9 624 663 625
1196 2 2 1000 9 625 663 664
1197 2 2 1000 9 625 664 626
1198 2 2 1000 9 626 664 665
1199 2 2 1000 9 626 665 627
1200 2 2 1000 9 627 665 666
1201 2 2 1000 9 627 666 628
1202 2 2 1000 9 628 666 667
1203 2 2 1000 9 628 667 110
1204 2 2 1000 9 110 667 109
1205 2 2 1000 9 17 18 629
1206 2 2 1000 9 629 18 668
1207 2 2 1000 9 629 668 630
1208 2 2 1000 9 630 668 669
1209 2 2 1000 9 630 669 631
1210 2 2 1000 9 631 669 670
1211 2 2 1000 9 631 670 632
1212 2 2 1000 9 632 670 671
1213 2 2 1000 9 632 671 633
1214 2 2 1000 9 633 671 672
1215 2 2 1000 9 633 672 634
1216 2 2 1000 9 634 672 673
1217 2 2 1000 9 634 673 635
1218 2 2 1000 9 635 673 674
1219 2 2 1000 9 635 674 636
1220 2 2 1000 9 636 674 675
1221 2 2 1000 9 636 675 637
1222 2 2 1000 9 637 675 676
1223 2 2 1000 9 637 676 638
1224 2 2 1000 9 638 676 677
1225 2 2 1000 9 638 677 639
1226 2 2 1000 9 639 677 678
1227 2 2 1000 9 639 678 640
1228 2 2 1000 9 640 678 679
1229 2 2 1000 9 640 679 641
1230 2 2 1000 9 641 679 680
1231 2 2 1000 9 641 680 642
1232 2 2 1000 9 642 680 681
1233 2 2 1000 9 642 681 643
1234 2 2 1000 9 643 681 682
1235 2 2 1000 9 643 682 644
1236 2 2 1000 9 644 682 683
1237 2 2 1000 9 644 683 645
1238 2 2 1000 9 645 683 684
1239 2 2 1000 9 645 684 646
1240 2 2 1000 9 646 684 685
1241 2 2 1000 9 646 685 647
1242 2 2 1000 9 647 685 686
1243 2 2 1000 9 647 686 648
1244 2 2 1000 9 648 686 687
1245 2 2 1000 9 648 687 649
1246 2 2 1000 9 649 687 688
1247 2 2 1000 9 649 688 650
1248 2 2 1000 9 650 688 689
1249 2 2 1000 9 650 689 651
1250 2 2 1000 9 651 689 690
1251 2 2 1000 9 651 690 652
1252 2 2 1000 9 652 690 691
1253 2 2 1000 9 652 691 653
1254 2 2 1000 9 653 691 692
1255 2 2 1000 9 653 692 654
1256 2 2 1000 9 654 692 693
1257 2 2 1000 9 654 693 655
1258 2 2 1000 9 655 693 694
1259 2 2 1000 9 655 694 656
1260 2 2 1000 9 656 694 695
1261 2 2 1000 9 656 695 657
1262 2 2 1000 9 657 695 696
1263 2 2 1000 9 657 696 658
1264 2 2 1000 9 658 696 697
1265 2 2 1000 9 658 697 659
1266 2 2 1000 9 659 697 698
1267 2 2 1000 9 659 698 660
1268 2 2 1000 9 660 698 699
1269 2 2 1000 9 660 699 661
1270 2 2 1000 9 661 699 700
1271 2 2 1000 9 661 700 662
1272 2 2 1000 9 662 700 701
1273 2 2 1000 9 662 701 663
1274 2 2 1000 9 663 701 702
1275 2 2 1000 9 663 702 664
1276 2 2 1000 9 664 702 703
1277 2 2 1000 9 664 703 665
1278 2 2 1000 9 665 703 704
1279 2 2 1000 9 665 704 666
1280 2 2 1000 9 666 704 705
1281 2 2 1000 9 666 705 667
1282 2 2 1000 9 667 705 706
1283 2 2 1000 9 667 706 109
1284 2 2 1000 9 109 706 108
1285 2 2 1000 9 18 19 668
1286 2 2 1000 9 668 19 707
1287 2 2 1000 9 668 707 669
1288 2 2 1000 9 669 707 708
1289 2 2 1000 9 669 708 670
1290 2 2 1000 9 670 708 709
1291 2 2 1000 9 670 709 671
1292 2 2 1000 9 671 709 710
1293 2 2 1000 9 671 710 672
1294 2 2 1000 9 672 710 711
1295 2 2 1000 9 672 711 673
1296 2 2 1000 9 673 711 712
1297 2 2 1000 9 673 712 674
1298 2 2 1000 9 674 712 713
1299 2 2 1000 9 674 713 675
1300 2 2 1000 9 675 713 714
1301 2 2 1000 9 675 714 676
1302 2 2 1000 9 676 714 715
1303 2 2 1000 9 676 715 677
1304 2 2 1000 9 677 715 716
1305 2 2 1000 9 677 716 678
1306 2 2 1000 9 678 716 717
1307 2 2 1000 9 678 717 679
1308 2 2 1000 9 679 717 718
1309 2 2 1000 9 679 718 680
1310 2 2 1000 9 680 718 719
1311 2 2 1000 9 680 719 681
1312 2 2 1000 9 681 719 720
1313 2 2 1000 9 681 720 682
1314 2 2 1000 9 682 720 721
1315 2 2 1000 9 682 721 683
1316 2 2 1000 9 683 721 722
1317 2 2 1000 9 683 722 684
1318 2 2 1000 9 684 722 723
1319 2 2 1000 9 684 723 685
1320 2 2 1000 9 685 723 724
1321 2 2 1000 9 685 724 686
1322 2 2 1000 9 686 724 725
1323 2 2 1000 9 686 725 687
1324 2 2 1000 9 687 725 726
1325 2 2 1000 9 687 726 688
1326 2 2 1000 9 688 726 727
1327 2 2 1000 9 688 727 689
1328 2 2 1000 9 689 727 728
1329 2 2 1000 9 689 728 690
1330 2 2 1000 9 690 728 729
1331 2 2 1000 9 690 729 691
1332 2 2 1000 9 691 729 730
1333 2 2 1000 9 691 730 692
1334 2 2 1000 9 692 730 731
1335 2 2 1000 9 692 731 693
1336 2 2 1000 9 693 731 732
1337 2 2 1000 9 693 732 694
1338 2 2 1000 9 694 732 733
1339 2 2 1000 9 694 733 695
1340 2 2 1000 9 695 733 734
1341 2 2 1000 9 695 734 696
1342 2 2 1000 9 696 734 735
1343 2 2 1000 9 696 735 697
1344 2 2 1000 9 697 735 736
1345 2 2 1000 9 697 736 698
1346 2 2 1000 9 698 736 737
1347 2 2 1000 9 698 737 699
1348 2 2 1000 9 699 737 738
1349 2 2 1000 9 699 738 700
1350 2 2 1000 9 700 738 739
1351 2 2 1000 9 700 739 701
1352 2 2 1000 9 701 739 740
1353 2 2 1000 9 701 740 702
1354 2 2 1000 9 702 740 741
1355 2 2 1000 9 702 741 703
1356 2 2 1000 9 703 741 742
1357 2 2 1000 9 703 742 704
1358 2 2 1000 9 704 742 743
1359 2 2 1000 9 704 743 705
1360 2 2 1000 9 705 743 744
1361 2 2 1000 9 705 744 706
1362 2 2 1000 9 706 744 745
1363 2 2 1000 9 706 745 108
1364 2 2 1000 9 108 745 107
1365 2 2 1000 9 19 20 707
1366 2 2 1000 9 707 20 746
1367 2 2 1000 9 707 746 708
1368 2 2 1000 9 708 746 747
1369 2 2 1000 9 708 747 709
1370 2 2 1000 9 709 747 748
1371 2 2 1000 9 709 748 710
1372 2 2 1000 9 710 748 749
1373 2 2 1000 9 710 749 711
1374 2 2 1000 9 711 749 750
1375 2 2 1000 9 711 750 712
1376 2 2 1000 9 712 750 751
1377 2 2 1000 9 712 751 713
1378 2 2 1000 9 713 751 752
1379 2 2 1000 9 713 752 714
1380 2 2 1000 9 714 752 753
1381 2 2 1000 9 714 753 715
1382 2 2 1000 9 715 753 754
1383 2 2 1000 9 715 754 716
1384 2 2 1000 9 716 754 755
1385 2 2 1000 9 716 755 717
1386 2 2 1000 9 717 755 756
1387 2 2 1000 9 717 756 718
1388 2 2 1000 9 718 756 757
1389 2 2 1000 9 718 757 719
1390 2 2 1000 9 719 757 758
1391 2 2 1000 9 719 758 720
1392 2 2 1000 9 720 758 759
1393 2 2 1000 9 720 759 721
1394 2 2 1000 9 721 759 760
1395 2 2 1000 9 721 760 722
1396 2 2 1000 9 722 760 761
1397 2 2 1000 9 722 761 723
1398 2 2 1000 9 723 761 762
1399 2 2 1000 9 723 762 724
1400 2 2 1000 9 724 762 763
1401 2 2 1000 9 724 763 725
1402 2 2 1000 9 725 763 764
1403 2 2 1000 9 725 764 726
1404 2 2 1000 9 726 764 765
1405 2 2 1000 9 726 765 727
1406 2 2 1000 9 727 765 766
1407 2 2 1000 9 727 766 728
1408 2 2 1000 9 728 766 767
1409 2 2 1000 9 728 767 729
1410 2 2 1000 9 729 767 768
1411 2 2 1000 9 729 768 730
1412 2 2 1000 9 730 768 769
1413 2 2 1000 9 730 769 731
1414 2 2 1000 9 731 769 770
1415 2 2 1000 9 731 770 732
1416 2 2 1000 9 732 770 771
1417 2 2 1000 9 732 771 733
1418 2 2 1000 9 733 771 772
1419 2 2 1000 9 733 772 734
1420 2 2 1000 9 734 772 773
1421 2 2 1000 9 734 773 735
1422 2 2 1000 9 735 773 774
1423 2 2 1000 9 735 774 736
1424 2 2 1000 9 736 774 775
1425 2 2 1000 9 736 775 737
1426 2 2 1000 9 737 775 776
1427 2 2 1000 9 737 776 738
1428 2 2 1000 9 738 776 777
1429 2 2 1000 9 738 777 739
1430 2 2 1000 9 739 777 778
1431 2 2 1000 9 739 778 740
1432 2 2 1000 9 740 778 779
1433 2 2 1000 9 740 779 741
1434 2 2 1000 9 741 779 780
1435 2 2 1000 9 741 780 742
1436 2 2 1000 9 742 780 781
1437 2 2 1000 9 742 781 743
1438 2 2 1000 9 743 781 782
1439 2 2 1000 9 743 782 744
1440 2 2 1000 9 744 782 783
1441 2 2 1000 9 744 783 745
1442 2 2 1000 9 745 783 784
1443 2 2 1000 9 745 784 107
1444 2 2 1000 9 107 784 106
1445 2 2 1000 9 20 21 746
1446 2 2 1000 9 746 21 785
1447 2 2 1000 9 746 785 747
1448 2 2 1000 9 747 785 786
1449 2 2 1000 9 747 786 748
1450 2 2 1000 9 748 786 787
1451 2 2 1000 9 748 787 749
1452 2 2 1000 9 749 787 788
1453 2 2 1000 9 749 788 750
1454 2 2 1000 9 750 788 789
1455 2 2 1000 9 750 789 751
1456 2 2 1000 9 751 789 790
1457 2 2 1000 9 751 790 752
1458 2 2 1000 9 752 790 791
1459 2 2 1000 9 752 791 753
1460 2 2 1000 9 753 791 792
1461 2 2 1000 9 753 792 754
1462 2 2 1000 9 754 792 793
1463 2 2 1000 9 754 793 755
1464 2 2 1000 9 755 793 794
1465 2 2 1000 9 755 794 756
1466 2 2 1000 9 756 794 795
1467 2 2 1000 9 756 795 757
1468 2 2 1000 9 757 795 796
1469 2 2 1000 9 757 796 758
1470 2 2 1000 9 758 796 797
1471 2 2 1000 9 758 797 759
1472 2 2 1000 9 759 797 798
1473 2 2 1000 9 759 798 760
1474 2 2 1000 9 760 798 799
1475 2 2 1000 9 760 799 761
1476 2 2 1000 9 761 799 800
1477 2 2 1000 9 761 800 762
1478 2 2 1000 9 762 800 801
1479 2 2 1000 9 762 801 763
1480 2 2 1000 9 763 801 802
1481 2 2 1000 9 763 802 764
1482 2 2 1000 9 764 802 803
1483 2 2 1000 9 764 803 765
1484 2 2 1000 9 765 803 804
1485 2 2 1000 9 765 804 766
1486 2 2 1000 9 766 804 805
1487 2 2 1000 9 766 805 767
1488 2 2 1000 9 767 805 806
1489 2 2 1000 9 767 806 768
1490 2 2 1000 9 768 806 807
1491 2 2 1000 9 768 807 769
1492 2 2 1000 9 769 807 808
1493 2 2 1000 9 769 808 770
1494 2 2 1000 9 770 808 809
1495 2 2 1000 9 770 809 771
1496 2 2 1000 9 771 809 810
1497 2 2 1000 9 771 810 772
1498 2 2 1000 9 772 810 811
1499 2 2 1000 9 772 811 773
1500 2 2 1000 9 773 811 812
1501 2 2 1000 9 773 812 774
1502 2 2 1000 9 774 812 813
1503 2 2 1000 9 774 813 775
1504 2 2 1000 9 775 813 814
1505 2 2 1000 9 775 814 776
1506 2 2 1000 9 776 814 815
1507 2 2 1000 9 776 815 777
1508 2 2 1000 9 777 815 816
1509 2 2 1000 9 777 816 778
1510 2 2 1000 9 778 816 817
1511 2 2 1000 9 778 817 779
1512 2 2 1000 9 779 817 818
1513 2 2 1000 9 779 818 780
1514 2 2 1000 9 780 818 819
1515 2 2 1000 9 780 819 781
1516 2 2 1000 9 781 819 820
1517 2 2 1000 9 781 820 782
1518 2 2 1000 9 782 820 821
1519 2 2 1000 9 782 821 783
1520 2 2 1000 9 783 821 822
1521 2 2 1000 9 783 822 784
1522 2 2 1000 9 784 822 823
1523 2 2 1000 9 784 823 106
1524 2 2 1000 9 106 823 105
1525 2 2 1000 9 21 22 785
1526 2 2 1000 9 785 22 824
1527 2 2 1000 9 785 824 786
1528 2 2 1000 9 786 824 825
1529 2 2 1000 9 786 825 787
1530 2 2 1000 9 787 825 826
1531 2 2 1000 9 787 826 788
1532 2 2 1000 9 788 826 827
1533 2 2 1000 9 788 827 789
1534 2 2 1000 9 789 827 828
1535 2 2 1000 9 789 828 790
1536 2 2 1000 9 790 828 829
1537 2 2 1000 9 790 829 791
1538 2 2 1000 9 791 829 830
1539 2 2 1000 9 791 830 792
1540 2 2 1000 9 792 830 831
1541 2 2 1000 9 792 831 793
1542 2 2 1000 9 793 831 832
1543 2 2 1000 9 793 832 794
1544 2 2 1000 9 794 832 833
1545 2 2 1000 9 794 833 795
1546 2 2 1000 9 795 833 834
1547 2 2 1000 9 795 834 796
1548 2 2 1000 9 796 834 835
1549 2 2 1000 9 796 835 797
1550 2 2 1000 9 797 835 836
1551 2 2 1000 9 797 836 798
1552 2 2 1000 9 798 836 837
1553 2 2 1000 9 798 837 799
1554 2 2 1000 9 799 837 838
1555 2 2 1000 9 799 838 800
1556 2 2 1000 9 800 838 839
1557 2 2 1000 9 800 839 801
1558 2 2 1000 9 801 839 840
1559 2 2 1000 9 801 840 802
1560 2 2 1000 9 802 840 841
1561 2 2 1000 9 802 841 803
1562 2 2 1000 9 803 841 842
1563 2 2 1000 9 803 842 804
1564 2 2 1000 9 804 842 843
1565 2 2 1000 9 804 843 805
1566 2 2 1000 9 805 843 844
1567 2 2 1000 9 805 844 806
1568 2 2 1000 9 806 844 845
1569 2 2 1000 9 806 845 807
1570 2 2 1000 9 807 845 846
1571 2 2 1000 9 807 846 808
1572 2 2 1000 9 808 846 847
1573 2 2 1000 9 808 847 809
1574 2 2 1000 9 809 847 848
1575 2 2 1000 9 809 848 810
1576 2 2 1000 9 810 848 849
1577 2 2 1000 9 810 849 811
1578 2 2 1000 9 811 849 850
1579 2 2 1000 9 811 850 812
1580 2 2 1000 9 812 850 851
1581 2 2 1000 9 812 851 813
1582 2 2 1000 9 813 851 852
1583 2 2 1000 9 813 852 814
1584 2 2 1000 9 814 852 853
1585 2 2 1000 9 814 853 815
1586 2 2 1000 9 815 853 854
1587 2 2 1000 9 815 854 816
1588 2 2 1000 9 816 854 855
1589 2 2 1000 9 816 855 817
1590 2 2 1000 9 817 855 856
1591 2 2 1000 9 817 856 818
1592 2 2 1000 9 818 856 857
1593 2 2 1000 9 818 857 819
1594 2 2 1000 9 819 857 858
1595 2 2 1000 9 819 858 820
1596 2 2 1000 9 820 858 859
1597 2 2 1000 9 820 859 821
1598 2 2 1000 9 821 859 860
1599 2 2 1000 9 821 860 822
1600 2 2 1000 9 822 860 861
1601 2 2 1000 9 822 861 823
1602 2 2 1000 9 823 861 862
1603 2 2 1000 9 823 862 105
1604 2 2 1000 9 105 862 104
1605 2 2 1000 9 22 23 824
1606 2 2 1000 9 824 23 863
1607 2 2 1000 9 824 863 825
1608 2 2 1000 9 825 863 864
1609 2 2 1000 9 825 864 826
1610 2 2 1000 9 826 864 865
1611 2 2 1000 9 826 865 827
1612 2 2 1000 9 827 865 866
1613 2 2 1000 9 827 866 828
1614 2 2 1000 9 828 866 867
1615 2 2 1000 9 828 867 829
1616 2 2 1000 9 829 867 868
1617 2 2 1000 9 829 868 830
1618 2 2 1000 9 830 868 869
1619 2 2 1000 9 830 869 831
1620 2 2 1000 9 831 869 870
1621 2 2 1000 9 831 870 832
1622 2 2 1000 9 832 870 871
1623 2 2 1000 9 832 871 833
1624 2 2 1000 9 833 871 872
1625 2 2 1000 9 833 872 834
1626 2 2 1000 9 834 872 873
1627 2 2 1000 9 834 873 835
1628 2 2 1000 9 835 873 874
1629 2 2 1000 9 835 874 836
1630 2 2 1000 9 836 874 875
1631 2 2 1000 9 836 875 837
1632 2 2 1000 9 837 875 876
1633 2 2 1000 9 837 876 838
1634 2 2 1000 9 838 876 877
1635 2 2 1000 9 838 877 839
1636 2 2 1000 9 839 877 878
1637 2 2 1000 9 839 878 840
1638 2 2 1000 9 840 878 879
1639 2 2 1000 9 840 879 841
1640 2 2 1000 9 841 879 880
1641 2 2 1000 9 841 880 842
1642 2 2 1000 9 842 880 881
1643 2 2 1000 9 842 881 843
1644 2 2 1000 9 843 881 882
1645 2 2 1000 9 843 882 844
1646 2 2 1000 9 844 882 883
1647 2 2 1000 9 844 883 845
1648 2 2 1000 9 845 883 884
1649 2 2 1000 9 845 884 846
1650 2 2 1000 9 846 884 885
1651 2 2 1000 9 846 885 847
1652 2 2 1000 9 847 885 886
1653 2 2 1000 9 847 886 848
1654 2 2 1000 9 848 886 887
1655 2 2 1000 9 848 887 849
1656 2 2 1000 9 849 887 888
1657 2 2 1000 9 849 888 850
1658 2 2 1000 9 850 888 889
1659 2 2 1000 9 850 889 851
1660 2 2 1000 9 851 889 890
1661 2 2 1000 9 851 890 852
1662 2 2 1000 9 852 890 891
1663 2 2 1000 9 852 891 853
1664 2 2 1000 9 853 891 892
1665 2 2 1000 9 853 892 854
1666 2 2 1000 9 854 892 893
1667 2 2 1000 9 854 893 855
1668 2 2 1000 9 855 893 894
1669 2 2 1000 9 855 894 856
1670 2 2 1000 9 856 894 895
1671 2 2 1000 9 856 895 857
1672 2 2 1000 9 857 895 896
1673 2 2 1000 9 857 896 858
1674 2 2 1000 9 858 896 897
1675 2 2 1000 9 858 897 859
1676 2 2 1000 9 859 897 898
1677 2 2 1000 9 859 898 860
1678 2 2 1000 9 860 898 899
1679 2 2 1000 9 860 899 861
1680 2 2 1000 9 861 899 900
1681 2 2 1000 9 861 900 862
1682 2 2 1000 9 862 900 901
1683 2 2 1000 9 862 901 104
1684 2 2 1000 9 104 901 103
1685 2 2 1000 9 23 24 863
1686 2 2 1000 9 863 24 902
1687 2 2 1000 9 863 902 864
1688 2 2 1000 9 864 902 903
1689 2 2 1000 9 864 903 865
1690 2 2 1000 9 865 903 904
1691 2 2 1000 9 865 904 866
1692 2 2 1000 9 866 904 905
1693 2 2 1000 9 866 905 867
1694 2 2 1000 9 867 905 906
1695 2 2 1000 9 867 906 868
1696 2 2 1000 9 868 906 907
1697 2 2 1000 9 868 907 869
1698 2 2 1000 9 869 907 908
1699 2 2 1000 9 869 908 870
1700 2 2 1000 9 870 908 909
1701 2 2 1000 9 870 909 871
1702 2 2 1000 9 871 909 910
1703 2 2 1000 9 871 910 872
1704 2 2 1000 9 872 910 911
1705 2 2 1000 9 872 911 873
1706 2 2 1000 9 873 911 912
1707 2 2 1000 9 873 912 874
1708 2 2 1000 9 874 912 913
1709 2 2 1000 9 874 913 875
1710 2 2 1000 9 875 913 914
1711 2 2 1000 9 875 914 876
1712 2 2 1000 9 876 914 915
1713 2 2 1000 9 876 915 877
1714 2 2 1000 9 877 915 916
1715 2 2 1000 9 877 916 878
1716 2 2 1000 9 878 916 917
1717 2 2 1000 9 878 917 879
1718 2 2 1000 9 879 917 918
1719 2 2 1000 9 879 918 880
1720 2 2 1000 9 880 918 919
1721 2 2 1000 9 880 919 881
1722 2 2 1000 9 881 919 920
1723 2 2 1000 9 881 920 882
1724 2 2 1000 9 882 920 921
1725 2 2 1000 9 882 921 883
1726 2 2 1000 9 883 921 922
1727 2 2 1000 9 883 922 884
1728 2 2 1000 9 884 922 923
1729 2 2 1000 9 884 923 885
1730 2 2 1000 9 885 923 924
1731 2 2 1000 9 885 924 886
1732 2 2 1000 9 886 924 925
1733 2 2 1000 9 886 925 887
1734 2 2 1000 9 887 925 926
1735 2 2 1000 9 887 926 888
1736 2 2 1000 9 888 926 927
1737 2 2 1000 9 888 927 889
1738 2 2 1000 9 889 927 928
1739 2 2 1000 9 889 928 890
1740 2 2 1000 9 890 928 929
1741 2 2 1000 9 890 929 891
1742 2 2 1000 9 891 929 930
1743 2 2 1000 9 891 930 892
1744 2 2 1000 9 892 930 931
1745 2 2 1000 9 892 931 893
1746 2 2 1000 9 893 931 932
1747 2 2 1000 9 893 932 894
1748 2 2 1000 9 894 932 933
1749 2 2 1000 9 894 933 895
1750 2 2 1000 9 895 933 934
1751 2 2 1000 9 895 934 896
1752 2 2 1000 9 896 934 935
1753 2 2 1000 9 896 935 897
1754 2 2 1000 9 897 935 936
1755 2 2 1000 9 897 936 898
1756 2 2 1000 9 898 936 937
1757 2 2 1000 9 898 937 899
1758 2 2 1000 9 899 937 938
1759 2 2 1000 9 899 938 900
1760 2 2 1000 9 900 938 939
1761 2 2 1000 9 900 939 901
1762 2 2 1000 9 901 939 940
1763 2 2 1000 9 901 940 103
1764 2 2 1000 9 103 940 102
1765 2 2 1000 9 24 25 902
1766 2 2 1000 9 902 25 941
1767 2 2 1000 9 902 941 903
1768 2 2 1000 9 903 941 942
1769 2 2 1000 9 903 942 904
1770 2 2 1000 9 904 942 943
1771 2 2 1000 9 904 943 905
1772 2 2 1000 9 905 943 944
1773 2 2 1000 9 905 944 906
1774 2 2 1000 9 906 944 945
1775 2 2 1000 9 906 945 907
1776 2 2 1000 9 907 945 946
1777 2 2 1000 9 907 946 908
1778 2 2 1000 9 908 946 947
1779 2 2 1000 9 908 947 909
1780 2 2 1000 9 909 947 948
1781 2 2 1000 9 909 948 910
1782 2 2 1000 9 910 948 949
1783 2 2 1000 9 910 949 911
1784 2 2 1000 9 911 949 950
1785 2 2 1000 9 911 950 912
1786 2 2 1000 9 912 950 951
1787 2 2 1000 9 912 951 913
1788 2 2 1000 9 913 951 952
1789 2 2 1000 9 913 952 914
1790 2 2 1000 9 914 952 953
1791 2 2 1000 9 914 953 915
1792 2 2 1000 9 915 953 954
1793 2 2 1000 9 915 954 916
1794 2 2 1000 9 916 954 955
1795 2 2 1000 9 916 955 917
1796 2 2 1000 9 917 955 956
1797 2 2 1000 9 917 956 918
1798 2 2 1000 9 918 956 957
1799 2 2 1000 9 918 957 919
1800 2 2 1000 9 919 957 958
1801 2 2 1000 9 919 958 920
1802 2 2 1000 9 920 958 959
1803 2 2 1000 9 920 959 921
1804 2 2 1000 9 921 959 960
1805 2 2 1000 9 921 960 922
1806 2 2 1000 9 922 960 961
1807 2 2 1000 9 922 961 923
1808 2 2 1000 9 923 961 962
1809 2 2 1000 9 923 962 924
1810 2 2 1000 9 924 962 963
1811 2 2 1000 9 924 963 925
1812 2 2 1000 9 925 963 964
1813 2 2 1000 9 925 964 926
1814 2 2 1000 9 926 964 965
1815 2 2 1000 9 926 965 927
1816 2 2 1000 9 927 965 966
1817 2 2 1000 9 927 966 928
1818 2 2 1000 9 928 966 967
1819 2 2 1000 9 928 967 929
1820 2 2 1000 9 929 967 968
1821 2 2 1000 9 929 968 930
1822 2 2 1000 9 930 968 969
1823 2 2 1000 9 930 969 931
1824 2 2 1000 9 931 969 970
1825 2 2 1000 9 931 970 932
1826 2 2 1000 9 932 970 971
1827 2 2 1000 9 932 971 933
1828 2 2 1000 9 933 971 972
1829 2 2 1000 9 933 972 934
1830 2 2 1000 9 934 972 973
1831 2 2 1000 9 934 973 935
1832 2 2 1000 9 935 973 974
1833 2 2 1000 9 935 974 936
1834 2 2 1000 9 936 974 975
1835 2 2 1000 9 936 975 937
1836 2 2 1000 9 937 975 976
1837 2 2 1000 9 937 976 938
1838 2 2 1000 9 938 976 977
1839 2 2 1000 9 938 977 939
1840 2 2 1000 9 939 977 978
1841 2 2 1000 9 939 978 940
1842 2 2 1000 9 940 978 979
1843 2 2 1000 9 940 979 102
1844 2 2 1000 9 102 979 101
1845 2 2 1000 9 25 26 941
1846 2 2 1000 9 941 26 980
1847 2 2 1000 9 941 980 942
1848 2 2 1000 9 942 980 981
1849 2 2 1000 9 942 981 943
1850 2 2 1000 9 943 981 982
1851 2 2 1000 9 943 982 944
1852 2 2 1000 9 944 982 983
1853 2 2 1000 9 944 983 945
1854 2 2 1000 9 945 983 984
1855 2 2 1000 9 945 984 946
1856 2 2 1000 9 946 984 985
1857 2 2 1000 9 946 985 947
1858 2 2 1000 9 947 985 986
1859 2 2 1000 9 947 986 948
1860 2 2 1000 9 948 986 987
1861 2 2 1000 9 948 987 949
1862 2 2 1000 9 949 987 988
1863 2 2 1000 9 949 988 950
1864 2 2 1000 9 950 988 989
1865 2 2 1000 9 950 989 951
1866 2 2 1000 9 951 989 990
1867 2 2 1000 9 951 990 952
1868 2 2 1000 9 952 990 991
1869 2 2 1000 9 952 991 953
1870 2 2 1000 9 953 991 992
1871 2 2 1000 9 953 992 954
1872 2 2 1000 9 954 992 993
1873 2 2 1000 9 954 993 955
1874 2 2 1000 9 955 993 994
1875 2 2 1000 9 955 994 956
1876 2 2 1000 9 956 994 995
1877 2 2 1000 9 956 995 957
1878 2 2 1000 9 957 995 996
1879 2 2 1000 9 957 996 958
1880 2 2 1000 9 958 996 997
1881 2 2 1000 9 958 997 959
1882 2 2 1000 9 959 997 998
1883 2 2 1000 9 959 998 960
1884 2 2 1000 9 960 998 999
1885 2 2 1000 9 960 999 961
1886 2 2 1000 9 961 999 1000
1887 2 2 1000 9 961 1000 962
1888 2 2 1000 9 962 1000 1001
1889 2 2 1000 9 962 1001 963
1890 2 2 1000 9 963 1001 1002
1891 2 2 1000 9 963 1002 964
1892 2 2 1000 9 964 1002 1003
1893 2 2 1000 9 964 1003 965
1894 2 2 1000 9 965 1003 1004
1895 2 2 1000 9 965 1004 966
1896 2 2 1000 9 966 1004 1005
1897 2 2 1000 9 966 1005 967
1898 2 2 1000 9 967 1005 1006
1899 2 2 1000 9 967 1006 968
1900 2 2 1000 9 968 1006 1007
1901 2 2 1000 9 968 1007 969
1902 2 2 1000 9 969 1007 1008
1903 2 2 1000 9 969 1008 970
1904 2 2 1000 9 970 1008 1009
1905 2 2 1000 9 970 1009 971
1906 2 2 1000 9 971 1009 1010
1907 2 2 1000 9 971 1010 972
1908 2 2 1000 9 972 1010 1011
1909 2 2 1000 9 972 1011 973
1910 2 2 1000 9 973 1011 1012
1911 2 2 1000 9 973 1012 974
1912 2 2 1000 9 974 1012 1013
1913 2 2 1000 9 974 1013 975
1914 2 2 1000 9 975 1013 1014
1915 2 2 1000 9 975 1014 976
1916 2 2 1000 9 976 1014 1015
1917 2 2 1000 9 976 1015 977
1918 2 2 1000 9 977 1015 1016
1919 2 2 1000 9 977 1016 978
1920 2 2 1000 9 978 1016 1017
1921 2 2 1000 9 978 1017 979
1922 2 2 1000 9 979 1017 1018
1923 2 2 1000 9 979 1018 101
1924 2 2 1000 9 101 1018 100
1925 2 2 1000 9 26 27 980
1926 2 2 1000 9 980 27 1019
1927 2 2 1000 9 980 1019 981
1928 2 2 1000 9 981 1019 1020
1929 2 2 1000 9 981 1020 982
1930 2 2 1000 9 982 1020 1021
1931 2 2 1000 9 982 1021 983
1932 2 2 1000 9 983 1021 1022
1933 2 2 1000 9 983 1022 984
1934 2 2 1000 9 984 1022 1023
1935 2 2 1000 9 984 1023 985
1936 2 2 1000 9 985 1023 1024
1937 2 2 1000 9 985 1024 986
1938 2 2 1000 9 986 1024 1025
1939 2 2 1000 9 986 1025 987
1940 2 2 1000 9 987 1025 1026
1941 2 2 1000 9 987 1026 988
1942 2 2 1000 9 988 1026 1027
1943 2 2 1000 9 988 1027 989
1944 2 2 1000 9 989 1027 1028
1945 2 2 1000 9 989 1028 990
1946 2 2 1000 9 990 1028 1029
1947 2 2 1000 9 990 1029 991
1948 2 2 1000 9 991 1029 1030
1949 2 2 1000 9 991 1030 992
1950 2 2 1000 9 992 1030 1031
1951 2 2 1000 9 992 1031 993
1952 2 2 1000 9 993 1031 1032
1953 2 2 1000 9 993 1032 994
1954 2 2 1000 9 994 1032 1033
1955 2 2 1000 9 994 1033 995
1956 2 2 1000 9 995 1033 1034
1957 2 2 1000 9 995 1034 996
1958 2 2 1000 9 996 1034 1035
1959 2 2 1000 9 996 1035 997
1960 2 2 1000 9 997 1035 1036
1961 2 2 1000 9 997 1036 998
1962 2 2 1000 9 998 1036 1037
1963 2 2 1000 9 998 1037 999
1964 2 2 1000 9 999 1037 1038
1965 2 2 1000 9 999 1038 1000
1966 2 2 1000 9 1000 1038 1039
1967 2 2 1000 9 1000 1039 1001
1968 2 2 1000 9 1001 1039 1040
1969 2 2 1000 9 1001 1040 1002
1970 2 2 1000 9 1002 1040 1041
1971 2 2 1000 9 1002 1041 1003
1972 2 2 1000 9 1003 1041 1042
1973 2 2 1000 9 1003 1042 1004
1974 2 2 1000 9 1004 1042 1043
1975 2 2 1000 9 1004 1043 1005
1976 2 2 1000 9 1005 1043 1044
1977 2 2 1000 9 1005 1044 1006
1978 2 2 1000 9 1006 1044 1045
1979 2 2 1000 9 1006 1045 1007
1980 2 2 1000 9 1007 1045 1046
1981 2 2 1000 9 1007 1046 1008
1982 2 2 1000 9 1008 1046 1047
1983 2 2 1000 9 1008 1047 1009
1984 2 2 1000 9 1009 1047 1048
1985 2 2 1000 9 1009 1048 1010
1986 2 2 1000 9 1010 1048 1049
1987 2 2 1000 9 1010 1049 1011
1988 2 2 1000 9 1011 1049 1050
1989 2 2 1000 9 1011 1050 1012
1990 2 2 1000 9 1012 1050 1051
1991 2 2 1000 9 1012 1051 1013
1992 2 2 1000 9 1013 1051 1052
1993 2 2 1000 9 1013 1052 1014
1994 2 2 1000 9 1014 1052 1053
1995 2 2 1000 9 1014 1053 1015
1996 2 2 1000 9 1015 1053 1054
1997 2 2 1000 9 1015 1054 1016
1998 2 2 1000 9 1016 1054 1055
1999 2 2 1000 9 1016 1055 1017
2000 2 2 1000 9 1017 1055 1056
2001 2 2 1000 9 1017 1056 1018
2002 2 2 1000 9 1018 1056 1057
2003 2 2 1000 9 1018 1057 100
2004 2 2 1000 9 100 1057 99
2005 2 2 1000 9 27 28 1019
2006 2 2 1000 9 1019 28 1058
2007 2 2 1000 9 1019 1058 1020
2008 2 2 1000 9 1020 1058 1059
2009 2 2 1000 9 1020 1059 1021
2010 2 2 1000 9 1021 1059 1060
2011 2 2 1000 9 1021 1060 1022
2012 2 2 1000 9 1022 1060 1061
2013 2 2 1000 9 1022 1061 1023
2014 2 2 1000 9 1023 1061 1062
2015 2 2 1000 9 1023 1062 1024
2016 2 2 1000 9 1024 1062 1063
2017 2 2 1000 9 1024 1063 1025
2018 2 2 1000 9 1025 1063 1064
2019 2 2 1000 9 1025 1064 1026
2020 2 2 1000 9 1026 1064 1065
2021 2 2 1000 9 1026 1065 1027
2022 2 2 1000 9 1027 1065 1066
2023 2 2 1000 9 1027 1066 1028
2024 2 2 1000 9 1028 1066 1067
2025 2 2 1000 9 1028 1067 1029
2026 2 2 1000 9 1029 1067 1068
2027 2 2 1000 9 1029 1068 1030
2028 2 2 1000 9 1030 1068 1069
2029 2 2 1000 9 1030 1069 1031
2030 2 2 1000 9 1031 1069 1070
2031 2 2 1000 9 1031 1070 1032
2032 2 2 1000 9 1032 1070 1071
2033 2 2 1000 9 1032 1071 1033
2034 2 2 1000 9 1033 1071 1072
2035 2 2 1000 9 1033 1072 1034
2036 2 2 1000 9 1034 1072 1073
2037 2 2 1000 9 1034 1073 1035
2038 2 2 1000 9 1035 1073 1074
2039 2 2 1000 9 1035 1074 1036
2040 2 2 1000 9 1036 1074 1075
2041 2 2 1000 9 1036 1075 1037
2042 2 2 1000 9 1037 1075 1076
2043 2 2 1000 9 1037 1076 1038
2044 2 2 1000 9 1038 1076 1077
2045 2 2 1000 9 1038 1077 1039
2046 2 2 1000 9 1039 1077 1078
2047 2 2 1000 9 1039 1078 1040
2048 2 2 1000 9 1040 1078 1079
2049 2 2 1000 9 1040 1079 1041
2050 2 2 1000 9 1041 1079 1080
2051 2 2 1000 9 1041 1080 1042
2052 2 2 1000 9 1042 1080 1081
2053 2 2 1000 9 1042 1081 1043
2054 2 2 1000 9 1043 1081 1082
2055 2 2 1000 9 1043 1082 1044
2056 2 2 1000 9 1044 1082 1083
2057 2 2 1000 9 1044 1083 1045
2058 2 2 1000 9 1045 1083 1084
2059 2 2 1000 9 1045 1084 1046
2060 2 2 1000 9 1046 1084 1085
2061 2 2 1000 9 1046 1085 1047
2062 2 2 1000 9 1047 1085 1086
2063 2 2 1000 9 1047 1086 1048
2064 2 2 1000 9 1048 1086 1087
2065 2 2 1000 9 1048 1087 1049
2066 2 2 1000 9 1049 1087 1088
2067 2 2 1000 9 1049 1088 1050
2068 2 2 1000 9 1050 1088 1089
2069 2 2 1000 9 1050 1089 1051
2070 2 2 1000 9 1051 1089 1090
2071 2 2 1000 9 1051 1090 1052
2072 2 2 1000 9 1052 1090 1091
2073 2 2 1000 9 1052 1091 1053
2074 2 2 1000 9 1053 1091 1092
2075 2 2 1000 9 1053 1092 1054
2076 2 2 1000 9 1054 1092 1093
2077 2 2 1000 9 1054 1093 1055
2078 2 2 1000 9 1055 1093 1094
2079 2 2 1000 9 1055 1094 1056
2080 2 2 1000 9 1056 1094 1095
2081 2 2 1000 9 1056 1095 1057
2082 2 2 1000 9 1057 1095 1096
2083 2 2 1000 9 1057 1096 99
2084 2 2 1000 9 99 1096 98
2085 2 2 1000 9 28 29 1058
2086 2 2 1000 9 1058 29 1097
2087 2 2 1000 9 1058 1097 1059
2088 2 2 1000 9 1059 1097 1098
2089 2 2 1000 9 1059 1098 1060
2090 2 2 1000 9 1060 1098 1099
2091 2 2 1000 9 1060 1099 1061
2092 2 2 1000 9 1061 1099 1100
2093 2 2 1000 9 1061 1100 1062
2094 2 2 1000 9 1062 1100 1101
2095 2 2 1000 9 1062 1101 1063
2096 2 2 1000 9 1063 1101 1102
2097 2 2 1000 9 1063 1102 1064
2098 2 2 1000 9 1064 1102 1103
2099 2 2 1000 9 1064 1103 1065
2100 2 2 1000 9 1065 1103 1104
2101 2 2 1000 9 1065 1104 1066
2102 2 2 1000 9 1066 1104 1105
2103 2 2 1000 9 1066 1105 1067
2104 2 2 1000 9 1067 1105 1106
2105 2 2 1000 9 1067 1106 1068
2106 2 2 1000 9 1068 1106 1107
2107 2 2 1000 9 1068 1107 1069
2108 2 2 1000 9 1069 1107 1108
2109 2 2 1000 9 1069 1108 1070
2110 2 2 1000 9 1070 1108 1109
2111 2 2 1000 9 1070 1109 1071
2112 2 2 1000 9 1071 1109 1110
2113 2 2 1000 9 1071 1110 1072
2114 2 2 1000 9 1072 1110 1111
2115 2 2 1000 9 1072 1111 1073
2116 2 2 1000 9 1073 1111 1112
2117 2 2 1000 9 1073 1112 1074
2118 2 2 1000 9 1074 1112 1113
2119 2 2 1000 9 1074 1113 1075
2120 2 2 1000 9 1075 1113 1114
2121 2 2 1000 9 1075 1114 1076
2122 2 2 1000 9 1076 1114 1115
2123 2 2 1000 9 1076 1115 1077
2124 2 2 1000 9 1077 1115 1116
2125 2 2 1000 9 1077 1116 1078
2126 2 2 1000 9 1078 1116 1117
2127 2 2 1000 9 1078 1117 1079
2128 2 2 1000 9 1079 1117 1118
2129 2 2 1000 9 1079 1118 1080
2130 2 2 1000 9 1080 1118 1119
2131 2 2 1000 9 1080 1119 1081
2132 2 2 1000 9 1081 1119 1120
2133 2 2 1000 9 1081 1120 1082
2134 2 2 1000 9 1082 1120 1121
2135 2 2 1000 9 1082 1121 1083
2136 2 2 1000 9 1083 1121 1122
2137 2 2 1000 9 1083 1122 1084
2138 2 2 1000 9 1084 1122 1123
2139 2 2 1000 9 1084 1123 1085
2140 2 2 1000 9 1085 1123 1124
2141 2 2 1000 9 1085 1124 1086
2142 2 2 1000 9 1086 1124 1125
2143 2 2 1000 9 1086 1125 1087
2144 2 2 1000 9 1087 1125 1126
2145 2 2 1000 9 1087 1126 1088
2146 2 2 1000 9 1088 1126 1127
2147 2 2 1000 9 1088 1127 1089
2148 2 2 1000 9 1089 1127 1128
2149 2 2 1000 9 1089 1128 1090
2150 2 2 1000 9 1090 1128 1129
2151 2 2 1000 9 1090 1129 1091
2152 2 2 1000 9 1091 1129 1130
2153 2 2 1000 9 1091 1130 1092
2154 2 2 1000 9 1092 1130 1131
2155 2 2 1000 9 1092 1131 1093
2156 2 2 1000 9 1093 1131 1132
2157 2 2 1000 9 1093 1132 1094
2158 2 2 1000 9 1094 1132 1133
2159 2 2 1000 9 1094 1133 1095
2160 2 2 1000 9 1095 1133 1134
2161 2 2 1000 9 1095 1134 1096
2162 2 2 1000 9 1096 1134 1135
2163 2 2 1000 9 1096 1135 98
2164 2 2 1000 9 98 1135 97
2165 2 2 1000 9 29 30 1097
2166 2 2 1000 9 1097 30 1136
2167 2 2 1000 9 1097 1136 1098
2168 2 2 1000 9 1098 1136 1137
2169 2 2 1000 9 1098 1137 1099
2170 2 2 1000 9 1099 1137 1138
2171 2 2 1000 9 1099 1138 1100
2172 2 2 1000 9 1100 1138 1139
2173 2 2 1000 9 1100 1139 1101
2174 2 2 1000 9 1101 1139 1140
2175 2 2 1000 9 1101 1140 1102
2176 2 2 1000 9 1102 1140 1141
2177 2 2 1000 9 1102 1141 1103
2178 2 2 1000 9 1103 1141 1142
2179 2 2 1000 9 1103 1142 1104
2180 2 2 1000 9 1104 1142 1143
2181 2 2 1000 9 1104 1143 1105
2182 2 2 1000 9 1105 1143 1144
2183 2 2 1000 9 1105 1144 1106
2184 2 2 1000 9 1106 1144 1145
2185 2 2 1000 9 1106 1145 1107
2186 2 2 1000 9 1107 1145 1146
2187 2 2 1000 9 1107 1146 1108
2188 2 2 1000 9 1108 1146 1147
2189 2 2 1000 9 1108 1147 1109
2190 2 2 1000 9 1109 1147 1148
2191 2 2 1000 9 1109 1148 1110
2192 2 2 1000 9 1110 1148 1149
2193 2 2 1000 9 1110 1149 1111
2194 2 2 1000 9 1111 1149 1150
2195 2 2 1000 9 1111 1150 1112
2196 2 2 1000 9 1112 1150 1151
2197 2 2 1000 9 1112 1151 1113
2198 2 2 1000 9 1113 1151 1152
2199 2 2 1000 9 1113 1152 1114
2200 2 2 1000 9 1114 1152 1153
2201 2 2 1000 9 1114 1153 1115
2202 2 2 1000 9 1115 1153 1154
2203 2 2 1000 9 1115 1154 1116
2204 2 2 1000 9 1116 1154 1155
2205 2 2 1000 9 1116 1155 1117
2206 2 2 1000 9 1117 1155 1156
2207 2 2 1000 9 1117 1156 1118
2208 2 2 1000 9 1118 1156 1157
2209 2 2 1000 9 1118 1157 1119
2210 2 2 1000 9 1119 1157 1158
2211 2 2 1000 9 1119 1158 1120
2212 2 2 1000 9 1120 1158 1159
2213 2 2 1000 9 1120 1159 1121
2214 2 2 1000 9 1121 1159 1160
2215 2 2 1000 9 1121 1160 1122
2216 2 2 1000 9 1122 1160 1161
2217 2 2 1000 9 1122 1161 1123
2218 2 2 1000 9 1123 1161 1162
2219 2 2 1000 9 1123 1162 1124
2220 2 2 1000 9 1124 1162 1163
2221 2 2 1000 9 1124 1163 1125
2222 2 2 1000 9 1125 1163 1164
2223 2 2 1000 9 1125 1164 1126
2224 2 2 1000 9 1126 1164 1165
2225 2 2 1000 9 1126 1165 1127
2226 2 2 1000 9 1127 1165 1166
2227 2 2 1000 9 1127 1166 1128
2228 2 2 1000 9 1128 1166 1167
2229 2 2 1000 9 1128 1167 1129
2230 2 2 1000 9 1129 1167 1168
2231 2 2 1000 9 1129 1168 1130
2232 2 2 1000 9 1130 1168 1169
2233 2 2 1000 9 1130 1169 1131
2234 2 2 1000 9 1131 1169 1170
2235 2 2 1000 9 1131 1170 1132
2236 2 2 1000 9 1132 1170 1171
2237 2 2 1000 9 1132 1171 1133
2238 2 2 1000 9 1133 1171 1172
2239 2 2 1000 9 1133 1172 1134
2240 2 2 1000 9 1134 1172 1173
2241 2 2 1000 9 1134 1173 1135
2242 2 2 1000 9 1135 1173 1174
2243 2 2 1000 9 1135 1174 97
2244 2 2 1000 9 97 1174 96
2245 2 2 1000 9 30 31 1136
2246 2 2 1000 9 1136 31 1175
2247 2 2 1000 9 1136 1175 1137
2248 2 2 1000 9 1137 1175 1176
2249 2 2 1000 9 1137 1176 1138
2250 2 2 1000 9 1138 1176 1177
2251 2 2 1000 9 1138 1177 1139
2252 2 2 1000 9 1139 1177 1178
2253 2 2 1000 9 1139 1178 1140
2254 2 2 1000 9 1140 1178 1179
2255 2 2 1000 9 1140 1179 1141
2256 2 2 1000 9 1141 1179 1180
2257 2 2 1000 9 1141 1180 1142
2258 2 2 1000 9 1142 1180 1181
2259 2 2 1000 9 1142 1181 1143
2260 2 2 1000 9 1143 1181 1182
2261 2 2 1000 9 1143 1182 1144
2262 2 2 1000 9 1144 1182 1183
2263 2 2 1000 9 1144 1183 1145
2264 2 2 1000 9 1145 1183 1184
2265 2 2 1000 9 1145 1184 1146
2266 2 2 1000 9 1146 1184 1185
2267 2 2 1000 9 1146 1185 1147
2268 2 2 1000 9 1147 1185 1186
2269 2 2 1000 9 1147 1186 1148
2270 2 2 1000 9 1148 1186 1187
2271 2 2 1000 9 1148 1187 1149
2272 2 2 1000 9 1149 1187 1188
2273 2 2 1000 9 1149 1188 1150
2274 2 2 1000 9 1150 1188 1189
2275 2 2 1000 9 1150 1189 1151
2276 2 2 1000 9 1151 1189 1190
2277 2 2 1000 9 1151 1190 1152
2278 2 2 1000 9 1152 1190 1191
2279 2 2 1000 9 1152 1191 1153
2280 2 2 1000 9 1153 1191 1192
2281 2 2 1000 9 1153 1192 1154
2282 2 2 1000 9 1154 1192 1193
2283 2 2 1000 9 1154 1193 1155
2284 2 2 1000 9 1155 1193 1194
2285 2 2 1000 9 1155 1194 1156
2286 2 2 1000 9 1156 1194 1195
2287 2 2 1000 9 1156 1195 1157
2288 2 2 1000 9 1157 1195 1196
2289 2 2 1000 9 1157 1196 1158
2290 2 2 1000 9 1158 1196 1197
2291 2 2 1000 9 1158 1197 1159
2292 2 2 1000 9 1159 1197 1198
2293 2 2 1000 9 1159 1198 1160
2294 2 2 1000 9 1160 1198 1199
2295 2 2 1000 9 1160 1199 1161
2296 2 2 1000 9 1161 1199 1200
2297 2 2 1000 9 1161 1200 1162
2298 2 2 1000 9 1162 1200 1201
2299 2 2 1000 9 1162 1201 1163
2300 2 2 1000 9 1163 1201 1202
2301 2 2 1000 9 1163 1202 1164
2302 2 2 1000 9 1164 1202 1203
2303 2 2 1000 9 1164 1203 1165
2304 2 2 1000 9 1165 1203 1204
2305 2 2 1000 9 1165 1204 1166
2306 2 2 1000 9 1166 1204 1205
2307 2 2 1000 9 1166 1205 1167
2308 2 2 1000 9 1167 1205 1206
2309 2 2 1000 9 1167 1206 1168
2310 2 2 1000 9 1168 1206 1207
2311 2 2 1000 9 1168 1207 1169
2312 2 2 1000 9 1169 1207 1208
2313 2 2 1000 9 1169 1208 1170
2314 2 2 1000 9 1170 1208 1209
2315 2 2 1000 9 1170 1209 1171
2316 2 2 1000 9 1171 1209 1210
2317 2 2 1000 9 1171 1210 1172
2318 2 2 1000 9 1172 1210 1211
2319 2 2 1000 9 1172 1211 1173
2320 2 2 1000 9 1173 1211 1212
2321 2 2 1000 9 1173 1212 1174
2322 2 2 1000 9 1174 1212 1213
2323 2 2 1000 9 1174 1213 96
2324 2 2 1000 9 96 1213 95
2325 2 2 1000 9 31 32 1175
2326 2 2 1000 9 1175 32 1214
2327 2 2 1000 9 1175 1214 1176
2328 2 2 1000 9 1176 1214 1215
2329 2 2 1000 9 1176 1215 1177
2330 2 2 1000 9 1177 1215 1216
2331 2 2 1000 9 1177 1216 1178
2332 2 2 1000 9 1178 1216 1217
2333 2 2 1000 9 1178 1217 1179
2334 2 2 1000 9 1179 1217 1218
2335 2 2 1000 9 1179 1218 1180
2336 2 2 1000 9 1180 1218 1219
2337 2 2 1000 9 1180 1219 1181
2338 2 2 1000 9 1181 1219 1220
2339 2 2 1000 9 1181 1220 1182
2340 2 2 1000 9 1182 1220 1221
2341 2 2 1000 9 1182 1221 1183
2342 2 2 1000 9 1183 1221 1222
2343 2 2 1000 9 1183 1222 1184
2344 2 2 1000 9 1184 1222 1223
2345 2 2 1000 9 1184 1223 1185
2346 2 2 1000 9 1185 1223 1224
2347 2 2 1000 9 1185 1224 1186
2348 2 2 1000 9 1186 1224 1225
2349 2 2 1000 9 1186 1225 1187
2350 2 2 1000 9 1187 1225 1226
2351 2 2 1000 9 1187 1226 1188
2352 2 2 1000 9 1188 1226 1227
2353 2 2 1000 9 1188 1227 1189
2354 2 2 1000 9 1189 1227 1228
2355 2 2 1000 9 1189 1228 1190
2356 2 2 1000 9 1190 1228 1229
2357 2 2 1000 9 1190 1229 1191
2358 2 2 1000 9 1191 1229 1230
2359 2 2 1000 9 1191 1230 1192
2360 2 2 1000 9 1192 1230 1231
2361 2 2 1000 9 1192 1231 1193
2362 2 2 1000 9 1193 1231 1232
2363 2 2 1000 9 1193 1232 1194
2364 2 2 1000 9 1194 1232 1233
2365 2 2 1000 9 1194 1233 1195
2366 2 2 1000 9 1195 1233 1234
2367 2 2 1000 9 1195 1234 1196
2368 2 2 1000 9 1196 1234 1235
2369 2 2 1000 9 1196 1235 1197
2370 2 2 1000 9 1197 1235 1236
2371 2 2 1000 9 1197 1236 1198
2372 2 2 1000 9 1198 1236 1237
2373 2 2 1000 9 1198 1237 1199
2374 2 2 1000 9 1199 1237 1238
2375 2 2 1000 9 1199 1238 1200
2376 2 2 1000 9 1200 1238 1239
2377 2 2 1000 9 1200 1239 1201
2378 2 2 1000 9 1201 1239 1240
2379 2 2 1000 9 1201 1240 1202
2380 2 2 1000 9 1202 1240 1241
2381 2 2 1000 9 1202 1241 1203
2382 2 2 1000 9 1203 1241 1242
2383 2 2 1000 9 1203 1242 1204
2384 2 2 1000 9 1204 1242 1243
2385 2 2 1000 9 1204 1243 1205
2386 2 2 1000 9 1205 1243 1244
2387 2 2 1000 9 1205 1244 1206
2388 2 2 1000 9 1206 1244 1245
2389 2 2 1000 9 1206 1245 1207
2390 2 2 1000 9 1207 1245 1246
2391 2 2 1000 9 1207 1246 1208
2392 2 2 1000 9 1208 1246 1247
2393 2 2 1000 9 1208 1247 1209
2394 2 2 1000 9 1209 1247 1248
2395 2 2 1000 9 1209 1248 1210
2396 2 2 1000 9 1210 1248 1249
2397 2 2 1000 9 1210 1249 1211
2398 2 2 1000 9 1211 1249 1250
2399 2 2 1000 9 1211 1250 1212
2400 2 2 1000 9 1212 1250 1251
2401 2 2 1000 9 1212 1251 1213
2402 2 2 1000 9 1213 1251 1252
2403 2 2 1000 9 1213 1252 95
2404 2 2 1000 9 95 1252 94
2405 2 2 1000 9 32 33 1214
2406 2 2 1000 9 1214 33 1253
2407 2 2 1000 9 1214 1253 1215
2408 2 2 1000 9 1215 1253 1254
2409 2 2 1000 9 1215 1254 1216
2410 2 2 1000 9 1216 1254 1255
2411 2 2 1000 9 1216 1255 1217
2412 2 2 1000 9 1217 1255 1256
2413 2 2 1000 9 1217 1256 1218
2414 2 2 1000 9 1218 1256 1257
2415 2 2 1000 9 1218 1257 1219
2416 2 2 1000 9 1219 1257 1258
2417 2 2 1000 9 1219 1258 1220
2418 2 2 1000 9 1220 1258 1259
2419 2 2 1000 9 1220 1259 1221
2420 2 2 1000 9 1221 1259 1260
2421 2 2 1000 9 1221 1260 1222
2422 2 2 1000 9 1222 1260 1261
2423 2 2 1000 9 1222 1261 1223
2424 2 2 1000 9 1223 1261 1262
2425 2 2 1000 9 1223 1262 1224
2426 2 2 1000 9 1224 1262 1263
2427 2 2 1000 9 1224 1263 1225
2428 2 2 1000 9 1225 1263 1264
2429 2 2 1000 9 1225 1264 1226
2430 2 2 1000 9 1226 1264 1265
2431 2 2 1000 9 1226 1265 1227
2432 2 2 1000 9 1227 1265 1266
2433 2 2 1000 9 1227 1266 1228
2434 2 2 1000 9 1228 1266 1267
2435 2 2 1000 9 1228 1267 1229
2436 2 2 1000 9 1229 1267 1268
2437 2 2 1000 9 1229 1268 1230
2438 2 2 1000 9 1230 1268 1269
2439 2 2 1000 9 1230 1269 1231
2440 2 2 1000 9 1231 1269 1270
2441 2 2 1000 9 1231 1270 1232
2442 2 2 1000 9 1232 1270 1271
2443 2 2 1000 9 1232 1271 1233
2444 2 2 1000 9 1233 1271 1272
2445 2 2 1000 9 1233 1272 1234
2446 2 2 1000 9 1234 1272 1273
2447 2 2 1000 9 1234 1273 1235
2448 2 2 1000 9 1235 1273 1274
2449 2 2 1000 9 1235 1274 1236
2450 2 2 1000 9 1236 1274 1275
2451 2 2 1000 9 1236 1275 1237
2452 2 2 1000 9 1237 1275 1276
2453 2 2 1000 9 1237 1276 1238
2454 2 2 1000 9 1238 1276 1277
2455 2 2 1000 9 1238 1277 1239
2456 2 2 1000 9 1239 1277 1278
2457 2 2 1000 9 1239 1278 1240
2458 2 2 1000 9 1240 1278 1279
2459 2 2 1000 9 1240 1279 1241
2460 2 2 1000 9 1241 1279 1280
2461 2 2 1000 9 1241 1280 1242
2462 2 2 1000 9 1242 1280 1281
2463 2 2 1000 9 1242 1281 1243
2464 2 2 1000 9 1243 1281 1282
2465 2 2 1000 9 1243 1282 1244
2466 2 2 1000 9 1244 1282 1283
2467 2 2 1000 9 1244 1283 1245
2468 2 2 1000 9 1245 1283 1284
2469 2 2 1000 9 1245 1284 1246
2470 2 2 1000 9 1246 1284 1285
2471 2 2 1000 9 1246 1285 1247
2472 2 2 1000 9 1247 1285 1286
2473 2 2 1000 9 1247 1286 1248
2474 2 2 1000 9 1248 1286 1287
2475 2 2 1000 9 1248 1287 1249
2476 2 2 1000 9 1249 1287 1288
2477 2 2 1000 9 1249 1288 1250
2478 2 2 1000 9 1250 1288 1289
2479 2 2 1000 9 1250 1289 1251
2480 2 2 1000 9 1251 1289 1290
2481 2 2 1000 9 1251 1290 1252
2482 2 2 1000 9 1252 1290 1291
2483 2 2 1000 9 1252 1291 94
2484 2 2 1000 9 94 1291 93
2485 2 2 1000 9 33 34 1253
2486 2 2 1000 9 1253 34 1292
2487 2 2 1000 9 1253 1292 1254
2488 2 2 1000 9 1254 1292 1293
2489 2 2 1000 9 1254 1293 1255
2490 2 2 1000 9 1255 1293 1294
2491 2 2 1000 9 1255 1294 1256
2492 2 2 1000 9 1256 1294 1295
2493 2 2 1000 9 1256 1295 1257
2494 2 2 1000 9 1257 1295 1296
2495 2 2 1000 9 1257 1296 1258
2496 2 2 1000 9 1258 1296 1297
2497 2 2 1000 9 1258 1297 1259
2498 2 2 1000 9 1259 1297 1298
2499 2 2 1000 9 1259 1298 1260
2500 2 2 1000 9 1260 1298 1299
2501 2 2 1000 9 1260 1299 1261
2502 2 2 1000 9 1261 1299 1300
2503 2 2 1000 9 1261 1300 1262
2504 2 2 1000 9 1262 1300 1301
2505 2 2 1000 9 1262 1301 1263
2506 2 2 1000 9 1263 1301 1302
2507 2 2 1000 9 1263 1302 1264
2508 2 2 1000 9 1264 1302 1303
2509 2 2 1000 9 1264 1303 1265
2510 2 2 1000 9 1265 1303 1304
2511 2 2 1000 9 1265 1304 1266
2512 2 2 1000 9 1266 1304 1305
2513 2 2 1000 9 1266 1305 1267
2514 2 2 1000 9 1267 1305 1306
2515 2 2 1000 9 1267 1306 1268
2516 2 2 1000 9 1268 1306 1307
2517 2 2 1000 9 1268 1307 1269
2518 2 2 1000 9 1269 1307 1308
2519 2 2 1000 9 1269 1308 1270
2520 2 2 1000 9 1270 1308 1309
2521 2 2 1000 9 1270 1309 1271
2522 2 2 1000 9 1271 1309 1310
2523 2 2 1000 9 1271 1310 1272
2524 2 2 1000 9 1272 1310 1311
2525 2 2 1000 9 1272 1311 1273
2526 2 2 1000 9 1273 1311 1312
2527 2 2 1000 9 1273 1312 1274
2528 2 2 1000 9 1274 1312 1313
2529 2 2 1000 9 1274 1313 1275
2530 2 2 1000 9 1275 1313 1314
2531 2 2 1000 9 1275 1314 1276
2532 2 2 1000 9 1276 1314 1315
2533 2 2 1000 9 1276 1315 1277
2534 2 2 1000 9 1277 1315 1316
2535 2 2 1000 9 1277 1316 1278
2536 2 2 1000 9 1278 1316 1317
2537 2 2 1000 9 1278 1317 1279
2538 2 2 1000 9 1279 1317 1318
2539 2 2 1000 9 1279 1318 1280
2540 2 2 1000 9 1280 1318 1319
2541 2 2 1000 9 1280 1319 1281
2542 2 2 1000 9 1281 1319 1320
2543 2 2 1000 9 1281 1320 1282
2544 2 2 1000 9 1282 1320 1321
2545 2 2 1000 9 1282 1321 1283
2546 2 2 1000 9 1283 1321 1322
2547 2 2 1000 9 1283 1322 1284
2548 2 2 1000 9 1284 1322 1323
2549 2 2 1000 9 1284 1323 1285
2550 2 2 1000 9 1285 1323 1324
2551 2 2 1000 9 1285 1324 1286
2552 2 2 1000 9 1286 1324 1325
2553 2 2 1000 9 1286 1325 1287
2554 2 2 1000 9 1287 1325 1326
2555 2 2 1000 9 1287 1326 1288
2556 2 2 1000 9 1288 1326 1327
2557 2 2 1000 9 1288 1327 1289
2558 2 2 1000 9 1289 1327 1328
2559 2 2 1000 9 1289 1328 1290
2560 2 2 1000 9 1290 1328 1329
2561 2 2 1000 9 1290 1329 1291
2562 2 2 1000 9 1291 1329 1330
2563 2 2 1000 9 1291 1330 93
2564 2 2 1000 9 93 1330 92
2565 2 2 1000 9 34 35 1292
2566 2 2 1000 9 1292 35 1331
2567 2 2 1000 9 1292 1331 1293
2568 2 2 1000 9 1293 1331 1332
2569 2 2 1000 9 1293 1332 1294
2570 2 2 1000 9 1294 1332 1333
2571 2 2 1000 9 1294 1333 1295
2572 2 2 1000 9 1295 1333 1334
2573 2 2 1000 9 1295 1334 1296
2574 2 2 1000 9 1296 1334 1335
2575 2 2 1000 9 1296 1335 1297
2576 2 2 1000 9 1297 1335 1336
2577 2 2 1000 9 1297 1336 1298
2578 2 2 1000 9 1298 1336 1337
2579 2 2 1000 9 1298 1337 1299
2580 2 2 1000 9 1299 1337 1338
2581 2 2 1000 9 1299 1338 1300
2582 2 2 1000 9 1300 1338 1339
2583 2 2 1000 9 1300 1339 1301
2584 2 2 1000 9 1301 1339 1340
2585 2 2 1000 9 1301 1340 1302
2586 2 2 1000 9 1302 1340 1341
2587 2 2 1000 9 1302 1341 1303
2588 2 2 1000 9 1303 1341 1342
2589 2 2 1000 9 1303 1342 1304
2590 2 2 1000 9 1304 1342 1343
2591 2 2 1000 9 1304 1343 1305
2592 2 2 1000 9 1305 1343 1344
2593 2 2 1000 9 1305 1344 1306
2594 2 2 1000 9 1306 1344 1345
2595 2 2 1000 9 1306 1345 1307
2596 2 2 1000 9 1307 1345 1346
2597 2 2 1000 9 1307 1346 1308
2598 2 2 1000 9 1308 1346 1347
2599 2 2 1000 9 1308 1347 1309
2600 2 2 1000 9 1309 1347 1348
2601 2 2 1000 9 1309 1348 1310
2602 2 2 1000 9 1310 1348 1349
2603 2 2 1000 9 1310 1349 1311
2604 2 2 1000 9 1311 1349 1350
2605 2 2 1000 9 1311 1350 1312
2606 2 2 1000 9 1312 1350 1351
2607 2 2 1000 9 1312 1351 1313
2608 2 2 1000 9 1313 1351 1352
2609 2 2 1000 9 1313 1352 1314
2610 2 2 1000 9 1314 1352 1353
2611 2 2 1000 9 1314 1353 1315
2612 2 2 1000 9 1315 1353 1354
2613 2 2 1000 9 1315 1354 1316
2614 2 2 1000 9 1316 1354 1355
2615 2 2 1000 9 1316 1355 1317
2616 2 2 1000 9 1317 1355 1356
2617 2 2 1000 9 1317 1356 1318
2618 2 2 1000 9 1318 1356 1357
2619 2 2 1000 9 1318 1357 1319
2620 2 2 1000 9 1319 1357 1358
2621 2 2 1000 9 1319 1358 1320
2622 2 2 1000 9 1320 1358 1359
2623 2 2 1000 9 1320 1359 1321
2624 2 2 1000 9 1321 1359 1360
2625 2 2 1000 9 1321 1360 1322
2626 2 2 1000 9 1322 1360 1361
2627 2 2 1000 9 1322 1361 1323
2628 2 2 1000 9 1323 1361 1362
2629 2 2 1000 9 1323 1362 1324
2630 2 2 1000 9 1324 1362 1363
2631 2 2 1000 9 1324 1363 1325
2632 2 2 1000 9 1325 1363 1364
2633 2 2 1000 9 1325 1364 1326
2634 2 2 1000 9 1326 1364 1365
2635 2 2 1000 9 1326 1365 1327
2636 2 2 1000 9 1327 1365 1366
2637 2 2 1000 9 1327 1366 1328
2638 2 2 1000 9 1328 1366 1367
2639 2 2 1000 9 1328 1367 1329
2640 2 2 1000 9 1329 1367 1368
2641 2 2 1000 9 1329 1368 1330
2642 2 2 1000 9 1330 1368 1369
2643 2 2 1000 9 1330 1369 92
2644 2 2 1000 9 92 1369 91
2645 2 2 1000 9 35 36 1331
2646 2 2 1000 9 1331 36 1370
2647 2 2 1000 9 1331 1370 1332
2648 2 2 1000 9 1332 1370 1371
2649 2 2 1000 9 1332 1371 1333
2650 2 2 1000 9 1333 1371 1372
2651 2 2 1000 9 1333 1372 1334
2652 2 2 1000 9 1334 1372 1373
2653 2 2 1000 9 1334 1373 1335
2654 2 2 1000 9 1335 1373 1374
2655 2 2 1000 9 1335 1374 1336
2656 2 2 1000 9 1336 1374 1375
2657 2 2 1000 9 1336 1375 1337
2658 2 2 1000 9 1337 1375 1376
2659 2 2 1000 9 1337 1376 1338
2660 2 2 1000 9 1338 1376 1377
2661 2 2 1000 9 1338 1377 1339
2662 2 2 1000 9 1339 1377 1378
2663 2 2 1000 9 1339 1378 1340
2664 2 2 1000 9 1340 1378 1379
2665 2 2 1000 9 1340 1379 1341
2666 2 2 1000 9 1341 1379 1380
2667 2 2 1000 9 1341 1380 1342
2668 2 2 1000 9 1342 1380 1381
2669 2 2 1000 9 1342 1381 1343
2670 2 2 1000 9 1343 1381 1382
2671 2 2 1000 9 1343 1382 1344
2672 2 2 1000 9 1344 1382 1383
2673 2 2 1000 9 1344 1383 1345
2674 2 2 1000 9 1345 1383 1384
2675 2 2 1000 9 1345 1384 1346
2676 2 2 1000 9 1346 1384 1385
2677 2 2 1000 9 1346 1385 1347
2678 2 2 1000 9 1347 1385 1386
2679 2 2 1000 9 1347 1386 1348
2680 2 2 1000 9 1348 1386 1387
2681 2 2 1000 9 1348 1387 1349
2682 2 2 1000 9 1349 1387 1388
2683 2 2 1000 9 1349 1388 1350
2684 2 2 1000 9 1350 1388 1389
2685 2 2 1000 9 1350 1389 1351
2686 2 2 1000 9 1351 1389 1390
2687 2 2 1000 9 1351 1390 1352
2688 2 2 1000 9 1352 1390 1391
2689 2 2 1000 9 1352 1391 1353
2690 2 2 1000 9 1353 1391 1392
2691 2 2 1000 9 1353 1392 1354
2692 2 2 1000 9 1354 1392 1393
2693 2 2 1000 9 1354 1393 1355
2694 2 2 1000 9 1355 1393 1394
2695 2 2 1000 9 1355 1394 1356
2696 2 2 1000 9 1356 1394 1395
2697 2 2 1000 9 1356 1395 1357
2698 2 2 1000 9 1357 1395 1396
2699 2 2 1000 9 1357 1396 1358
2700 2 2 1000 9 1358 1396 1397
2701 2 2 1000 9 1358 1397 1359
2702 2 2 1000 9 1359 1397 1398
2703 2 2 1000 9 1359 1398 1360
2704 2 2 1000 9 1360 1398 1399
2705 2 2 1000 9 1360 1399 1361
2706 2 2 1000 9 1361 1399 1400
2707 2 2 1000 9 1361 1400 1362
2708 2 2 1000 9 1362 1400 1401
2709 2 2 1000 9 1362 1401 1363
2710 2 2 1000 9 1363 1401 1402
2711 2 2 1000 9 1363 1402 1364
2712 2 2 1000 9 1364 1402 1403
2713 2 2 1000 9 1364 1403 1365
2714 2 2 1000 9 1365 1403 1404
2715 2 2 1000 9 1365 1404 1366
2716 2 2 1000 9 1366 1404 1405
2717 2 2 1000 9 1366 1405 1367
2718 2 2 1000 9 1367 1405 1406
2719 2 2 1000 9 1367 1406 1368
2720 2 2 1000 9 1368 1406 1407
2721 2 2 1000 9 1368 1407 1369
2722 2 2 1000 9 1369 1407 1408
2723 2 2 1000 9 1369 1408 91
2724 2 2 1000 9 91 1408 90
2725 2 2 1000 9 36 37 1370
2726 2 2 1000 9 1370 37 1409
2727 2 2 1000 9 1370 1409 1371
2728 2 2 1000 9 1371 1409 1410
2729 2 2 1000 9 1371 1410 1372
2730 2 2 1000 9 1372 1410 1411
2731 2 2 1000 9 1372 1411 1373
2732 2 2 1000 9 1373 1411 1412
2733 2 2 1000 9 1373 1412 1374
2734 2 2 1000 9 1374 1412 1413
2735 2 2 1000 9 1374 1413 1375
2736 2 2 1000 9 1375 1413 1414
2737 2 2 1000 9 1375 1414 1376
2738 2 2 1000 9 1376 1414 1415
2739 2 2 1000 9 1376 1415 1377
2740 2 2 1000 9 1377 1415 1416
2741 2 2 1000 9 1377 1416 1378
2742 2 2 1000 9 1378 1416 1417
2743 2 2 1000 9 1378 1417 1379
2744 2 2 1000 9 1379 1417 1418
2745 2 2 1000 9 1379 1418 1380
2746 2 2 1000 9 1380 1418 1419
2747 2 2 1000 9 1380 1419 1381
2748 2 2 1000 9 1381 1419 1420
2749 2 2 1000 9 1381 1420 1382
2750 2 2 1000 9 1382 1420 1421
2751 2 2 1000 9 1382 1421 1383
2752 2 2 1000 9 1383 1421 1422
2753 2 2 1000 9 1383 1422 1384
2754 2 2 1000 9 1384 1422 1423
2755 2 2 1000 9 1384 1423 1385
2756 2 2 1000 9 1385 1423 1424
2757 2 2 1000 9 1385 1424 1386
2758 2 2 1000 9 1386 1424 1425
2759 2 2 1000 9 1386 1425 1387
2760 2 2 1000 9 1387 1425 1426
2761 2 2 1000 9 1387 1426 1388
2762 2 2 1000 9 1388 1426 1427
2763 2 2 1000 9 1388 1427 1389
2764 2 2 1000 9 1389 1427 1428
2765 2 2 1000 9 1389 1428 1390
2766 2 2 1000 9 1390 1428 1429
2767 2 2 1000 9 1390 1429 1391
2768 2 2 1000 9 1391 1429 1430
2769 2 2 1000 9 1391 1430 1392
2770 2 2 1000 9 1392 1430 1431
2771 2 2 1000 9 1392 1431 1393
2772 2 2 1000 9 1393 1431 1432
2773 2 2 1000 9 1393 1432 1394
2774 2 2 1000 9 1394 1432 1433
2775 2 2 1000 9 1394 1433 1395
2776 2 2 1000 9 1395 1433 1434
2777 2 2 1000 9 1395 1434 1396
2778 2 2 1000 9 1396 1434 1435
2779 2 2 1000 9 1396 1435 1397
2780 2 2 1000 9 1397 1435 1436
2781 2 2 1000 9 1397 1436 1398
2782 2 2 1000 9 1398 1436 1437
2783 2 2 1000 9 1398 1437 1399
2784 2 2 1000 9 1399 1437 1438
2785 2 2 1000 9 1399 1438 1400
2786 2 2 1000 9 1400 1438 1439
2787 2 2 1000 9 1400 1439 1401
2788 2 2 1000 9 1401 1439 1440
2789 2 2 1000 9 1401 1440 1402
2790 2 2 1000 9 1402 1440 1441
2791 2 2 1000 9 1402 1441 1403
2792 2 2 1000 9 1403 1441 1442
2793 2 2 1000 9 1403 1442 1404
2794 2 2 1000 9 1404 1442 1443
2795 2 2 1000 9 1404 1443 1405
2796 2 2 1000 9 1405 1443 1444
2797 2 2 1000 9 1405 1444 1406
2798 2 2 1000 9 1406 1444 1445
2799 2 2 1000 9 1406 1445 1407
2800 2 2 1000 9 1407 1445 1446
2801 2 2 1000 9 1407 1446 1408
2802 2 2 1000 9 1408 1446 1447
2803 2 2 1000 9 1408 1447 90
2804 2 2 1000 9 90 1447 89
2805 2 2 1000 9 37 38 1409
2806 2 2 1000 9 1409 38 1448
2807 2 2 1000 9 1409 1448 1410
2808 2 2 1000 9 1410 1448 1449
2809 2 2 1000 9 1410 1449 1411
2810 2 2 1000 9 1411 1449 1450
2811 2 2 1000 9 1411 1450 1412
2812 2 2 1000 9 1412 1450 1451
2813 2 2 1000 9 1412 1451 1413
2814 2 2 1000 9 1413 1451 1452
2815 2 2 1000 9 1413 1452 1414
2816 2 2 1000 9 1414 1452 1453
2817 2 2 1000 9 1414 1453 1415
2818 2 2 1000 9 1415 1453 1454
2819 2 2 1000 9 1415 1454 1416
2820 2 2 1000 9 1416 1454 1455
2821 2 2 1000 9 1416 1455 1417
2822 2 2 1000 9 1417 1455 1456
2823 2 2 1000 9 1417 1456 1418
2824 2 2 1000 9 1418 1456 1457
2825 2 2 1000 9 1418 1457 1419
2826 2 2 1000 9 1419 1457 1458
2827 2 2 1000 9 1419 1458 1420
2828 2 2 1000 9 1420 1458 1459
2829 2 2 1000 9 1420 1459 1421
2830 2 2 1000 9 1421 1459 1460
2831 2 2 1000 9 1421 1460 1422
2832 2 2 1000 9 1422 1460 1461
2833 2 2 1000 9 1422 1461 1423
2834 2 2 1000 9 1423 1461 1462
2835 2 2 1000 9 1423 1462 1424
2836 2 2 1000 9 1424 1462 1463
2837 2 2 1000 9 1424 1463 1425
2838 2 2 1000 9 1425 1463 1464
2839 2 2 1000 9 1425 1464 1426
2840 2 2 1000 9 1426 1464 1465
2841 2 2 1000 9 1426 1465 1427
2842 2 2 1000 9 1427 1465 1466
2843 2 2 1000 9 1427 1466 1428
2844 2 2 1000 9 1428 1466 1467
2845 2 2 1000 9 1428 1467 1429
2846 2 2 1000 9 1429 1467 1468
2847 2 2 1000 9 1429 1468 1430
2848 2 2 1000 9 1430 1468 1469
2849 2 2 1000 9 1430 1469 1431
2850 2 2 1000 9 1431 1469 1470
2851 2 2 1000 9 1431 1470 1432
2852 2 2 1000 9 1432 1470 1471
2853 2 2 1000 9 1432 1471 1433
2854 2 2 1000 9 1433 1471 1472
2855 2 2 1000 9 1433 1472 1434
2856 2 2 1000 9 1434 1472 1473
2857 2 2 1000 9 1434 1473 1435
2858 2 2 1000 9 1435 1473 1474
2859 2 2 1000 9 1435 1474 1436
2860 2 2 1000 9 1436 1474 1475
2861 2 2 1000 9 1436 1475 1437
2862 2 2 1000 9 1437 1475 1476
2863 2 2 1000 9 1437 1476 1438
2864 2 2 1000 9 1438 1476 1477
2865 2 2 1000 9 1438 1477 1439
2866 2 2 1000 9 1439 1477 1478
2867 2 2 1000 9 1439 1478 1440
2868 2 2 1000 9 1440 1478 1479
2869 2 2 1000 9 1440 1479 1441
2870 2 2 1000 9 1441 1479 1480
2871 2 2 1000 9 1441 1480 1442
2872 2 2 1000 9 1442 1480 1481
2873 2 2 1000 9 1442 1481 1443
2874 2 2 1000 9 1443 1481 1482
2875 2 2 1000 9 1443 1482 1444
2876 2 2 1000 9 1444 1482 1483
2877 2 2 1000 9 1444 1483 1445
2878 2 2 1000 9 1445 1483 1484
2879 2 2 1000 9 1445 1484 1446
2880 2 2 1000 9 1446 1484 1485
2881 2 2 1000 9 1446 1485 1447
2882 2 2 1000 9 1447 1485 1486
2883 2 2 1000 9 1447 1486 89
2884 2 2 1000 9 89 1486 88
2885 2 2 1000 9 38 39 1448
2886 2 2 1000 9 1448 39 1487
2887 2 2 1000 9 1448 1487 1449
2888 2 2 1000 9 1449 1487 1488
2889 2 2 1000 9 1449 1488 1450
2890 2 2 1000 9 1450 1488 1489
2891 2 2 1000 9 1450 1489 1451
2892 2 2 1000 9 1451 1489 1490
2893 2 2 1000 9 1451 1490 1452
2894 2 2 1000 9 1452 1490 1491
2895 2 2 1000 9 1452 1491 1453
2896 2 2 1000 9 1453 1491 1492
2897 2 2 1000 9 1453 1492 1454
2898 2 2 1000 9 1454 1492 1493
2899 2 2 1000 9 1454 1493 1455
2900 2 2 1000 9 1455 1493 1494
2901 2 2 1000 9 1455 1494 1456
2902 2 2 1000 9 1456 1494 1495
2903 2 2 1000 9 1456 1495 1457
2904 2 2 1000 9 1457 1495 1496
2905 2 2 1000 9 1457 1496 1458
2906 2 2 1000 9 1458 1496 1497
2907 2 2 1000 9 1458 1497 1459
2908 2 2 1000 9 1459 1497 1498
2909 2 2 1000 9 1459 1498 1460
2910 2 2 1000 9 1460 1498 1499
2911 2 2 1000 9 1460 1499 1461
2912 2 2 1000 9 1461 1499 1500
2913 2 2 1000 9 1461 1500 1462
2914 2 2 1000 9 1462 1500 1501
2915 2 2 1000 9 1462 1501 1463
2916 2 2 1000 9 1463 1501 1502
2917 2 2 1000 9 1463 1502 1464
2918 2 2 1000 9 1464 1502 1503
2919 2 2 1000 9 1464 1503 1465
2920 2 2 1000 9 1465 1503 1504
2921 2 2 1000 9 1465 1504 1466
2922 2 2 1000 9 1466 1504 1505
2923 2 2 1000 9 1466 1505 1467
2924 2 2 1000 9 1467 1505 1506
2925 2 2 1000 9 1467 1506 1468
2926 2 2 1000 9 1468 1506 1507
2927 2 2 1000 9 1468 1507 1469
2928 2 2 1000 9 1469 1507 1508
2929 2 2 1000 9 1469 1508 1470
2930 2 2 1000 9 1470 1508 1509
2931 2 2 1000 9 1470 1509 1471
2932 2 2 1000 9 1471 1509 1510
2933 2 2 1000 9 1471 1510 1472
2934 2 2 1000 9 1472 1510 1511
2935 2 2 1000 9 1472 1511 1473
2936 2 2 1000 9 1473 1511 1512
2937 2 2 1000 9 1473 1512 1474
2938 2 2 1000 9 1474 1512 1513
2939 2 2 1000 9 1474 1513 1475
2940 2 2 1000 9 1475 1513 1514
2941 2 2 1000 9 1475 1514 1476
2942 2 2 1000 9 1476 1514 1515
2943 2 2 1000 9 1476 1515 1477
2944 2 2 1000 9 1477 1515 1516
2945 2 2 1000 9 1477 1516 1478
2946 2 2 1000 9 1478 1516 1517
2947 2 2 1000 9 1478 1517 1479
2948 2 2 1000 9 1479 1517 1518
2949 2 2 1000 9 1479 1518 1480
2950 2 2 1000 9 1480 1518 1519
2951 2 2 1000 9 1480 1519 1481
2952 2 2 1000 9 1481 1519 1520
2953 2 2 1000 9 1481 1520 1482
2954 2 2 1000 9 1482 1520 1521
2955 2 2 1000 9 1482 1521 1483
2956 2 2 1000 9 1483 1521 1522
2957 2 2 1000 9 1483 1522 1484
2958 2 2 1000 9 1484 1522 1523
2959 2 2 1000 9 1484 1523 1485
2960 2 2 1000 9 1485 1523 1524
2961 2 2 1000 9 1485 1524 1486
2962 2 2 1000 9 1486 1524 1525
2963 2 2 1000 9 1486 1525 88
2964 2 2 1000 9 88 1525 87
2965 2 2 1000 9 39 40 1487
2966 2 2 1000 9 1487 40 1526
2967 2 2 1000 9 1487 1526 1488
2968 2 2 1000 9 1488 1526 1527
2969 2 2 1000 9 1488 1527 1489
2970 2 2 1000 9 1489 1527 1528
2971 2 2 1000 9 1489 1528 1490
2972 2 2 1000 9 1490 1528 1529
2973 2 2 1000 9 1490 1529 1491
2974 2 2 1000 9 1491 1529 1530
2975 2 2 1000 9 1491 1530 1492
2976 2 2 1000 9 1492 1530 1531
2977 2 2 1000 9 1492 1531 1493
2978 2 2 1000 9 1493 1531 1532
2979 2 2 1000 9 1493 1532 1494
2980 2 2 1000 9 1494 1532 1533
2981 2 2 1000 9 1494 1533 1495
2982 2 2 1000 9 1495 1533 1534
2983 2 2 1000 9 1495 1534 1496
2984 2 2 1000 9 1496 1534 1535
2985 2 2 1000 9 1496 1535 1497
2986 2 2 1000 9 1497 1535 1536
2987 2 2 1000 9 1497 1536 1498
2988 2 2 1000 9 1498 1536 1537
2989 2 2 1000 9 1498 1537 1499
2990 2 2 1000 9 1499 1537 1538
2991 2 2 1000 9 1499 1538 1500
2992 2 2 1000 9 1500 1538 1539
2993 2 2 1000 9 1500 1539 1501
2994 2 2 1000 9 1501 1539 1540
2995 2 2 1000 9 1501 1540 1502
2996 2 2 1000 9 1502 1540 1541
2997 2 2 1000 9 1502 1541 1503
2998 2 2 1000 9 1503 1541 1542
2999 2 2 1000 9 1503 1542 1504
3000 2 2 1000 9 1504 1542 1543
3001 2 2 1000 9 1504 1543 1505
3002 2 2 1000 9 1505 1543 1544
3003 2 2 1000 9 1505 1544 1506
3004 2 2 1000 9 1506 1544 1545
3005 2 2 1000 9 1506 1545 1507
3006 2 2 1000 9 1507 1545 1546
3007 2 2 1000 9 1507 1546 1508
3008 2 2 1000 9 1508 1546 1547
3009 2 2 1000 9 1508 1547 1509
3010 2 2 1000 9 1509 1547 1548
3011 2 2 1000 9 1509 1548 1510
3012 2 2 1000 9 1510 1548 1549
3013 2 2 1000 9 1510 1549 1511
3014 2 2 1000 9 1511 1549 1550
3015 2 2 1000 9 1511 1550 1512
3016 2 2 1000 9 1512 1550 1551
3017 2 2 1000 9 1512 1551 1513
3018 2 2 1000 9 1513 1551 1552
3019 2 2 1000 9 1513 1552 1514
3020 2 2 1000 9 1514 1552 1553
3021 2 2 1000 9 1514 1553 1515
3022 2 2 1000 9 1515 1553 1554
3023 2 2 1000 9 1515 1554 1516
3024 2 2 1000 9 1516 1554 1555
3025 2 2 1000 9 1516 1555 1517
3026 2 2 1000 9 1517 1555 1556
3027 2 2 1000 9 1517 1556 1518
3028 2 2 1000 9 1518 1556 1557
3029 2 2 1000 9 1518 1557 1519
3030 2 2 1000 9 1519 1557 1558
3031 2 2 1000 9 1519 1558 1520
3032 2 2 1000 9 1520 1558 1559
3033 2 2 1000 9 1520 1559 1521
3034 2 2 1000 9 1521 1559 1560
3035 2 2 1000 9 1521 1560 1522
3036 2 2 1000 9 1522 1560 1561
3037 2 2 1000 9 1522 1561 1523
3038 2 2 1000 9 1523 1561 1562
3039 2 2 1000 9 1523 1562 1524
3040 2 2 1000 9 1524 1562 1563
3041 2 2 1000 9 1524 1563 1525
3042 2 2 1000 9 1525 1563 1564
3043 2 2 1000 9 1525 1564 87
3044 2 2 1000 9 87 1564 86
3045 2 2 1000 9 40 41 1526
3046 2 2 1000 9 1526 41 1565
3047 2 2 1000 9 1526 1565 1527
3048 2 2 1000 9 1527 1565 1566
3049 2 2 1000 9 1527 1566 1528
3050 2 2 1000 9 1528 1566 1567
3051 2 2 1000 9 1528 1567 1529
3052 2 2 1000 9 1529 1567 1568
3053 2 2 1000 9 1529 1568 1530
3054 2 2 1000 9 1530 1568 1569
3055 2 2 1000 9 1530 1569 1531
3056 2 2 1000 9 1531 1569 1570
3057 2 2 1000 9 1531 1570 1532
3058 2 2 1000 9 1532 1570 1571
3059 2 2 1000 9 1532 1571 1533
3060 2 2 1000 9 1533 1571 1572
3061 2 2 1000 9 1533 1572 1534
3062 2 2 1000 9 1534 1572 1573
3063 2 2 1000 9 1534 1573 1535
3064 2 2 1000 9 1535 1573 1574
3065 2 2 1000 9 1535 1574 1536
3066 2 2 1000 9 1536 1574 1575
3067 2 2 1000 9 1536 1575 1537
3068 2 2 1000 9 1537 1575 1576
3069 2 2 1000 9 1537 1576 1538
3070 2 2 1000 9 1538 1576 1577
3071 2 2 1000 9 1538 1577 1539
3072 2 2 1000 9 1539 1577 1578
3073 2 2 1000 9 1539 1578 1540
3074 2 2 1000 9 1540 1578 1579
3075 2 2 1000 9 1540 1579 1541
3076 2 2 1000 9 1541 1579 1580
3077 2 2 1000 9 1541 1580 1542
3078 2 2 1000 9 1542 1580 1581
3079 2 2 1000 9 1542 1581 1543
3080 2 2 1000 9 1543 1581 1582
3081 2 2 1000 9 1543 1582 1544
3082 2 2 1000 9 1544 1582 1583
3083 2 2 1000 9 1544 1583 1545
3084 2 2 1000 9 1545 1583 1584
3085 2 2 1000 9 1545 1584 1546
3086 2 2 1000 9 1546 1584 1585
3087 2 2 1000 9 1546 1585 1547
3088 2 2 1000 9 1547 1585 1586
3089 2 2 1000 9 1547 1586 1548
3090 2 2 1000 9 1548 1586 1587
3091 2 2 1000 9 1548 1587 1549
3092 2 2 1000 9 1549 1587 1588
3093 2 2 1000 9 1549 1588 1550
3094 2 2 1000 9 1550 1588 1589
3095 2 2 1000 9 1550 1589 1551
3096 2 2 1000 9 1551 1589 1590
3097 2 2 1000 9 1551 1590 1552
3098 2 2 1000 9 1552 1590 1591
3099 2 2 1000 9 1552 1591 1553
3100 2 2 1000 9 1553 1591 1592
3101 2 2 1000 9 1553 1592 1554
3102 2 2 1000 9 1554 1592 1593
3103 2 2 1000 9 1554 1593 1555
3104 2 2 1000 9 1555 1593 1594
3105 2 2 1000 9 1555 1594 1556
3106 2 2 1000 9 1556 1594 1595
3107 2 2 1000 9 1556 1595 1557
3108 2 2 1000 9 1557 1595 1596
3109 2 2 1000 9 1557 1596 1558
3110 2 2 1000 9 1558 1596 1597
3111 2 2 1000 9 1558 1597 1559
3112 2 2 1000 9 1559 1597 1598
3113 2 2 1000 9 1559 1598 1560
3114 2 2 1000 9 1560 1598 1599
3115 2 2 1000 9 1560 1599 1561
3116 2 2 1000 9 1561 1599 1600
3117 2 2 1000 9 1561 1600 1562
3118 2 2 1000 9 1562 1600 1601
3119 2 2 1000 9 1562 1601 1563
3120 2 2 1000 9 1563 1601 1602
3121 2 2 1000 9 1563 1602 1564
3122 2 2 1000 9 1564 1602 1603
3123 2 2 1000 9 1564 1603 86
3124 2 2 1000 9 86 1603 85
3125 2 2 1000 9 41 42 1565
3126 2 2 1000 9 1565 42 1604
3127 2 2 1000 9 1565 1604 1566
3128 2 2 1000 9 1566 1604 1605
3129 2 2 1000 9 1566 1605 1567
3130 2 2 1000 9 1567 1605 1606
3131 2 2 1000 9 1567 1606 1568
3132 2 2 1000 9 1568 1606 1607
3133 2 2 1000 9 1568 1607 1569
3134 2 2 1000 9 1569 1607 1608
3135 2 2 1000 9 1569 1608 1570
3136 2 2 1000 9 1570 1608 1609
3137 2 2 1000 9 1570 1609 1571
3138 2 2 1000 9 1571 1609 1610
3139 2 2 1000 9 1571 1610 1572
3140 2 2 1000 9 1572 1610 1611
3141 2 2 1000 9 1572 1611 1573
3142 2 2 1000 9 1573 1611 1612
3143 2 2 1000 9 1573 1612 1574
3144 2 2 1000 9 1574 1612 1613
3145 2 2 1000 9 1574 1613 1575
3146 2 2 1000 9 1575 1613 1614
3147 2 2 1000 9 1575 1614 1576
3148 2 2 1000 9 1576 1614 1615
3149 2 2 1000 9 1576 1615 1577
3150 2 2 1000 9 1577 1615 1616
3151 2 2 1000 9 1577 1616 1578
3152 2 2 1000 9 1578 1616 1617
3153 2 2 1000 9 1578 1617 1579
3154 2 2 1000 9 1579 1617 1618
3155 2 2 1000 9 1579 1618 1580
3156 2 2 1000 9 1580 1618 1619
3157 2 2 1000 9 1580 1619 1581
3158 2 2 1000 9 1581 1619 1620
3159 2 2 1000 9 1581 1620 1582
3160 2 2 1000 9 1582 1620 1621
3161 2 2 1000 9 1582 1621 1583
3162 2 2 1000 9 1583 1621 1622
3163 2 2 1000 9 1583 1622 1584
3164 2 2 1000 9 1584 1622 1623
3165 2 2 1000 9 1584 1623 1585
3166 2 2 1000 9 1585 1623 1624
3167 2 2 1000 9 1585 1624 1586
3168 2 2 1000 9 1586 1624 1625
3169 2 2 1000 9 1586 1625 1587
3170 2 2 1000 9 1587 1625 1626
3171 2 2 1000 9 1587 1626 1588
3172 2 2 1000 9 1588 1626 1627
3173 2 2 1000 9 1588 1627 1589
3174 2 2 1000 9 1589 1627 1628
3175 2 2 1000 9 1589 1628 1590
3176 2 2 1000 9 1590 1628 1629
3177 2 2 1000 9 1590 1629 1591
3178 2 2 1000 9 1591 1629 1630
3179 2 2 1000 9 1591 1630 1592
3180 2 2 1000 9 1592 1630 1631
3181 2 2 1000 9 1592 1631 1593
3182 2 2 1000 9 1593 1631 1632
3183 2 2 1000 9 1593 1632 1594
3184 2 2 1000 9 1594 1632 1633
3185 2 2 1000 9 1594 1633 1595
3186 2 2 1000 9 1595 1633 1634
3187 2 2 1000 9 1595 1634 1596
3188 2 2 1000 9 1596 1634 1635
3189 2 2 1000 9 1596 1635 1597
3190 2 2 1000 9 1597 1635 1636
3191 2 2 1000 9 1597 1636 1598
3192 2 2 1000 9 1598 1636 1637
3193 2 2 1000 9 1598 1637 1599
3194 2 2 1000 9 1599 1637 1638
3195 2 2 1000 9 1599 1638 1600
3196 2 2 1000 9 1600 1638 1639
3197 2 2 1000 9 1600 1639 1601
3198 2 2 1000 9 1601 1639 1640
3199 2 2 1000 9 1601 1640 1602
3200 2 2 1000 9 1602 1640 1641
3201 2 2 1000 9 1602 1641 1603
3202 2 2 1000 9 1603 1641 1642
3203 2 2 1000 9 1603 1642 85
3204 2 2 1000 9 85 1642 84
3205 2 2 1000 9 42 43 1604
3206 2 2 1000 9 1604 43 1643
3207 2 2 1000 9 1604 1643 1605
3208 2 2 1000 9 1605 1643 1644
3209 2 2 1000 9 1605 1644 1606
3210 2 2 1000 9 1606 1644 1645
3211 2 2 1000 9 1606 1645 1607
3212 2 2 1000 9 1607 1645 1646
3213 2 2 1000 9 1607 1646 1608
3214 2 2 1000 9 1608 1646 1647
3215 2 2 1000 9 1608 1647 1609
3216 2 2 1000 9 1609 1647 1648
3217 2 2 1000 9 1609 1648 1610
3218 2 2 1000 9 1610 1648 1649
3219 2 2 1000 9 1610 1649 1611
3220 2 2 1000 9 1611 1649 1650
3221 2 2 1000 9 1611 1650 1612
3222 2 2 1000 9 1612 1650 1651
3223 2 2 1000 9 1612 1651 1613
3224 2 2 1000 9 1613 1651 1652
3225 2 2 1000 9 1613 1652 1614
3226 2 2 1000 9 1614 1652 1653
3227 2 2 1000 9 1614 1653 1615
3228 2 2 1000 9 1615 1653 1654
3229 2 2 1000 9 1615 1654 1616
3230 2 2 1000 9 1616 1654 1655
3231 2 2 1000 9 1616 1655 1617
3232 2 2 1000 9 1617 1655 1656
3233 2 2 1000 9 1617 1656 1618
3234 2 2 1000 9 1618 1656 1657
3235 2 2 1000 9 1618 1657 1619
3236 2 2 1000 9 1619 1657 1658
3237 2 2 1000 9 1619 1658 1620
3238 2 2 1000 9 1620 1658 1659
3239 2 2 1000 9 1620 1659 1621
3240 2 2 1000 9 1621 1659 1660
3241 2 2 1000 9 1621 1660 1622
3242 2 2 1000 9 1622 1660 1661
3243 2 2 1000 9 1622 1661 1623
3244 2 2 1000 9 1623 1661 1662
3245 2 2 1000 9 1623 1662 1624
3246 2 2 1000 9 1624 1662 1663
3247 2 2 1000 9 1624 1663 1625
3248 2 2 1000 9 1625 1663 1664
3249 2 2 1000 9 1625 1664 1626
3250 2 2 1000 9 1626 1664 1665
3251 2 2 1000 9 1626 1665 1627
3252 2 2 1000 9 1627 1665 1666
3253 2 2 1000 9 1627 1666 1628
3254 2 2 1000 9 1628 1666 1667
3255 2 2 1000 9 1628 1667 1629
3256 2 2 1000 9 1629 1667 1668
3257 2 2 1000 9 1629 1668 1630
3258 2 2 1000 9 1630 1668 1669
3259 2 2 1000 9 1630 1669 1631
3260 2 2 1000 9 1631 1669 1670
3261 2 2 1000 9 1631 1670 1632
3262 2 2 1000 9 1632 1670 1671
3263 2 2 1000 9 1632 1671 1633
3264 2 2 1000 9 1633 1671 1672
3265 2 2 1000 9 1633 1672 1634
3266 2 2 1000 9 1634 1672 1673
3267 2 2 1000 9 1634 1673 1635
3268 2 2 1000 9 1635 1673 1674
3269 2 2 1000 9 1635 1674 1636
3270 2 2 1000 9 1636 1674 1675
3271 2 2 1000 9 1636 1675 1637
3272 2 2 1000 9 1637 1675 1676
3273 2 2 1000 9 1637 1676 1638
3274 2 2 1000 9 1638 1676 1677
3275 2 2 1000 9 1638 1677 1639
3276 2 2 1000 9 1639 1677 1678
3277 2 2 1000 9 1639 1678 1640
3278 2 2 1000 9 1640 1678 1679
3279 2 2 1000 9 1640 1679 1641
3280 2 2 1000 9 1641 1679 1680
3281 2 2 1000 9 1641 1680 1642
3282 2 2 1000 9 1642 1680 1681
3283 2 2 1000 9 1642 1681 84
3284 2 2 1000 9 84 1681 83
3285 2 2 1000 9 43 4 1643
3286 2 2 1000 9 1643 4 44
3287 2 2 1000 9 1643 44 1644
3288 2 2 1000 9 1644 44 45
3289 2 2 1000 9 1644 45 1645
3290 2 2 1000 9 1645 45 46
3291 2 2 1000 9 1645 46 1646
3292 2 2 1000 9 1646 46 47
3293 2 2 1000 9 1646 47 1647
3294 2 2 1000 9 1647 47 48
3295 2 2 1000 9 1647 48 1648
3296 2 2 1000 9 1648 48 49
3297 2 2 1000 9 1648 49 1649
3298 2 2 1000 9 1649 49 50
3299 2 2 1000 9 1649 50 1650
3300 2 2 1000 9 1650 50 51
3301 2 2 1000 9 1650 51 1651
3302 2 2 1000 9 1651 51 52
3303 2 2 1000 9 1651 52 1652
3304 2 2 1000 9 1652 52 53
3305 2 2 1000 9 1652 53 1653
3306 2 2 1000 9 1653 53 54
3307 2 2 1000 9 1653 54 1654
3308 2 2 1000 9 1654 54 55
3309 2 2 1000 9 1654 55 1655
3310 2 2 1000 9 1655 55 56
3311 2 2 1000 9 1655 56 1656
3312 2 2 1000 9 1656 56 57
3313 2 2 1000 9 1656 57 1657
3314 2 2 1000 9 1657 57 58
3315 2 2 1000 9 1657 58 1658
3316 2 2 1000 9 1658 58 59
3317 2 2 1000 9 1658 59 1659
3318 2 2 1000 9 1659 59 60
3319 2 2 1000 9 1659 60 1660
3320 2 2 1000 9 1660 60 61
3321 2 2 1000 9 1660 61 1661
3322 2 2 1000 9 1661 61 62
3323 2 2 1000 9 1661 62 1662
3324 2 2 1000 9 1662 62 63
3325 2 2 1000 9 1662 63 1663
3326 2 2 1000 9 1663 63 64
3327 2 2 1000 9 1663 64 1664
3328 2 2 1000 9 1664 64 65
3329 2 2 1000 9 1664 65 1665
3330 2 2 1000 9 1665 65 66
3331 2 2 1000 9 1665 66 1666
3332 2 2 1000 9 1666 66 67
3333 2 2 1000 9 1666 67 1667
3334 2 2 1000 9 1667 67 68
3335 2 2 1000 9 1667 68 1668
3336 2 2 1000 9 1668 68 69
3337 2 2 1000 9 1668 69 1669
3338 2 2 1000 9 1669 69 70
3339 2 2 1000 9 1669 70 1670
3340 2 2 1000 9 1670 70 71
3341 2 2 1000 9 1670 71 1671
3342 2 2 1000 9 1671 71 72
3343 2 2 1000 9 1671 72 1672
3344 2 2 1000 9 1672 72 73
3345 2 2 1000 9 1672 73 1673
3346 2 2 1000 9 1673 73 74
3347 2 2 1000 9 1673 74 1674
3348 2 2 1000 9 1674 74 75
3349 2 2 1000 9 1674 75 1675
3350 2 2 1000 9 1675 75 76
3351 2 2 1000 9 1675 76 1676
3352 2 2 1000 9 1676 76 77
3353 2 2 1000 9 1676 77 1677
3354 2 2 1000 9 1677 77 78
3355 2 2 1000 9 1677 78 1678
3356 2 2 1000 9 1678 78 79
3357 2 2 1000 9 1678 79 1679
3358 2 2 1000 9 1679 79 80
3359 2 2 1000 9 1679 80 1680
3360 2 2 1000 9 1680 80 81
3361 2 2 1000 9 1680 81 1681
3362 2 2 1000 9 1681 81 82
3363 2 2 1000 9 1681 82 83
3364 2 2 1000 9 83 82 3
$EndElements
